Date,btc_market_Close,btc_market_Volume
2019-10-11 00:00:00+00:00,8321.7568359375,19604381101
2019-10-12 00:00:00+00:00,8336.5556640625,14532641605
2019-10-13 00:00:00+00:00,8321.005859375,13808286059
2019-10-14 00:00:00+00:00,8374.6865234375,15151387859
2019-10-15 00:00:00+00:00,8205.369140625,15220412632
2019-10-16 00:00:00+00:00,8047.52685546875,16071646996
2019-10-17 00:00:00+00:00,8103.9111328125,14313052244
2019-10-18 00:00:00+00:00,7973.20751953125,15651592610
2019-10-19 00:00:00+00:00,7988.560546875,13797825640
2019-10-20 00:00:00+00:00,8222.078125,15504249442
2019-10-21 00:00:00+00:00,8243.720703125,15868748866
2019-10-22 00:00:00+00:00,8078.203125,16803377857
2019-10-23 00:00:00+00:00,7514.671875,21942878958
2019-10-24 00:00:00+00:00,7493.48876953125,16268708849
2019-10-25 00:00:00+00:00,8660.7001953125,28705065488
2019-10-26 00:00:00+00:00,9244.97265625,44496255609
2019-10-27 00:00:00+00:00,9551.71484375,32593129501
2019-10-28 00:00:00+00:00,9256.1484375,30948255332
2019-10-29 00:00:00+00:00,9427.6875,28426779937
2019-10-30 00:00:00+00:00,9205.7265625,27706531577
2019-10-31 00:00:00+00:00,9199.5849609375,26583653947
2019-11-01 00:00:00+00:00,9261.1044921875,24324691031
2019-11-02 00:00:00+00:00,9324.7177734375,21242676385
2019-11-03 00:00:00+00:00,9235.3544921875,21132220847
2019-11-04 00:00:00+00:00,9412.6123046875,26170255634
2019-11-05 00:00:00+00:00,9342.52734375,26198609048
2019-11-06 00:00:00+00:00,9360.8798828125,23133895765
2019-11-07 00:00:00+00:00,9267.5615234375,22700383839
2019-11-08 00:00:00+00:00,8804.880859375,24333037836
2019-11-09 00:00:00+00:00,8813.58203125,17578630606
2019-11-10 00:00:00+00:00,9055.5263671875,20587919881
2019-11-11 00:00:00+00:00,8757.7880859375,20265510765
2019-11-12 00:00:00+00:00,8815.662109375,20309769107
2019-11-13 00:00:00+00:00,8808.2626953125,17545755405
2019-11-14 00:00:00+00:00,8708.0947265625,19084739975
2019-11-15 00:00:00+00:00,8491.9921875,21796856471
2019-11-16 00:00:00+00:00,8550.7607421875,16495389808
2019-11-17 00:00:00+00:00,8577.9755859375,18668638897
2019-11-18 00:00:00+00:00,8309.2861328125,21579470673
2019-11-19 00:00:00+00:00,8206.1455078125,21083613816
2019-11-20 00:00:00+00:00,8027.26806640625,20764300437
2019-11-21 00:00:00+00:00,7642.75,22514243371
2019-11-22 00:00:00+00:00,7296.57763671875,34242315785
2019-11-23 00:00:00+00:00,7397.796875,21008924418
2019-11-24 00:00:00+00:00,7047.9169921875,30433517289
2019-11-25 00:00:00+00:00,7146.1337890625,42685231262
2019-11-26 00:00:00+00:00,7218.37109375,21129505542
2019-11-27 00:00:00+00:00,7531.66357421875,23991412764
2019-11-28 00:00:00+00:00,7463.10595703125,19050116751
2019-11-29 00:00:00+00:00,7761.24365234375,19709695456
2019-11-30 00:00:00+00:00,7569.6298828125,17158194786
2019-12-01 00:00:00+00:00,7424.29248046875,18720708479
2019-12-02 00:00:00+00:00,7321.98828125,17082040706
2019-12-03 00:00:00+00:00,7320.1455078125,14797485769
2019-12-04 00:00:00+00:00,7252.03466796875,21664240918
2019-12-05 00:00:00+00:00,7448.3076171875,18816085231
2019-12-06 00:00:00+00:00,7546.99658203125,18104466307
2019-12-07 00:00:00+00:00,7556.23779296875,15453520564
2019-12-08 00:00:00+00:00,7564.34521484375,15409908086
2019-12-09 00:00:00+00:00,7400.8994140625,17872021272
2019-12-10 00:00:00+00:00,7278.11962890625,18249031195
2019-12-11 00:00:00+00:00,7217.42724609375,16350490689
2019-12-12 00:00:00+00:00,7243.13427734375,18927080224
2019-12-13 00:00:00+00:00,7269.6845703125,17125736940
2019-12-14 00:00:00+00:00,7124.673828125,17137029730
2019-12-15 00:00:00+00:00,7152.3017578125,16881129804
2019-12-16 00:00:00+00:00,6932.48046875,20213265950
2019-12-17 00:00:00+00:00,6640.51513671875,22363804217
2019-12-18 00:00:00+00:00,7276.802734375,31836522778
2019-12-19 00:00:00+00:00,7202.84423828125,25904604416
2019-12-20 00:00:00+00:00,7218.81640625,22633815180
2019-12-21 00:00:00+00:00,7191.15869140625,19312552168
2019-12-22 00:00:00+00:00,7511.5888671875,23134537956
2019-12-23 00:00:00+00:00,7355.62841796875,27831788041
2019-12-24 00:00:00+00:00,7322.5322265625,22991622105
2019-12-25 00:00:00+00:00,7275.15576171875,21559505149
2019-12-26 00:00:00+00:00,7238.966796875,22787010034
2019-12-27 00:00:00+00:00,7290.08837890625,22777360996
2019-12-28 00:00:00+00:00,7317.990234375,21365673026
2019-12-29 00:00:00+00:00,7422.65283203125,22445257702
2019-12-30 00:00:00+00:00,7292.9951171875,22874131672
2019-12-31 00:00:00+00:00,7193.59912109375,21167946112
2020-01-01 00:00:00+00:00,7200.17431640625,18565664997
2020-01-02 00:00:00+00:00,6985.47021484375,20802083465
2020-01-03 00:00:00+00:00,7344.88427734375,28111481032
2020-01-04 00:00:00+00:00,7410.65673828125,18444271275
2020-01-05 00:00:00+00:00,7411.3173828125,19725074095
2020-01-06 00:00:00+00:00,7769.21923828125,23276261598
2020-01-07 00:00:00+00:00,8163.6923828125,28767291327
2020-01-08 00:00:00+00:00,8079.86279296875,31672559265
2020-01-09 00:00:00+00:00,7879.0712890625,24045990466
2020-01-10 00:00:00+00:00,8166.55419921875,28714583844
2020-01-11 00:00:00+00:00,8037.53759765625,25521165085
2020-01-12 00:00:00+00:00,8192.494140625,22903438381
2020-01-13 00:00:00+00:00,8144.1943359375,22482910688
2020-01-14 00:00:00+00:00,8827.7646484375,44841784107
2020-01-15 00:00:00+00:00,8807.0107421875,40102834650
2020-01-16 00:00:00+00:00,8723.7861328125,31313981931
2020-01-17 00:00:00+00:00,8929.0380859375,36372139320
2020-01-18 00:00:00+00:00,8942.80859375,32337772627
2020-01-19 00:00:00+00:00,8706.2451171875,34217320471
2020-01-20 00:00:00+00:00,8657.642578125,26422375678
2020-01-21 00:00:00+00:00,8745.89453125,24097418512
2020-01-22 00:00:00+00:00,8680.8759765625,22600204051
2020-01-23 00:00:00+00:00,8406.515625,25770680779
2020-01-24 00:00:00+00:00,8445.4345703125,24397913026
2020-01-25 00:00:00+00:00,8367.84765625,19647331549
2020-01-26 00:00:00+00:00,8596.830078125,22177678796
2020-01-27 00:00:00+00:00,8909.8193359375,28647338393
2020-01-28 00:00:00+00:00,9358.58984375,34398744403
2020-01-29 00:00:00+00:00,9316.6298828125,30682598115
2020-01-30 00:00:00+00:00,9508.9931640625,32378792851
2020-01-31 00:00:00+00:00,9350.529296875,29432489719
2020-02-01 00:00:00+00:00,9392.875,25922656496
2020-02-02 00:00:00+00:00,9344.365234375,30835736946
2020-02-03 00:00:00+00:00,9293.521484375,30934096509
2020-02-04 00:00:00+00:00,9180.962890625,29893183716
2020-02-05 00:00:00+00:00,9613.423828125,35222060874
2020-02-06 00:00:00+00:00,9729.8017578125,37628823716
2020-02-07 00:00:00+00:00,9795.943359375,34522718159
2020-02-08 00:00:00+00:00,9865.119140625,35172043762
2020-02-09 00:00:00+00:00,10116.673828125,35807884663
2020-02-10 00:00:00+00:00,9856.611328125,39386548075
2020-02-11 00:00:00+00:00,10208.236328125,37648059389
2020-02-12 00:00:00+00:00,10326.0546875,43444303830
2020-02-13 00:00:00+00:00,10214.3798828125,49356071373
2020-02-14 00:00:00+00:00,10312.1162109375,43338264162
2020-02-15 00:00:00+00:00,9889.4248046875,43865054831
2020-02-16 00:00:00+00:00,9934.43359375,43374780305
2020-02-17 00:00:00+00:00,9690.142578125,45998298413
2020-02-18 00:00:00+00:00,10141.99609375,47271023953
2020-02-19 00:00:00+00:00,9633.38671875,46992019710
2020-02-20 00:00:00+00:00,9608.4755859375,44925260237
2020-02-21 00:00:00+00:00,9686.44140625,40930547513
2020-02-22 00:00:00+00:00,9663.181640625,35838025154
2020-02-23 00:00:00+00:00,9924.515625,41185185761
2020-02-24 00:00:00+00:00,9650.1748046875,45080496648
2020-02-25 00:00:00+00:00,9341.705078125,42515259129
2020-02-26 00:00:00+00:00,8820.5224609375,50420050762
2020-02-27 00:00:00+00:00,8784.494140625,45470195695
2020-02-28 00:00:00+00:00,8672.455078125,44605450443
2020-02-29 00:00:00+00:00,8599.5087890625,35792392544
2020-03-01 00:00:00+00:00,8562.4541015625,35349164300
2020-03-02 00:00:00+00:00,8869.669921875,42857674409
2020-03-03 00:00:00+00:00,8787.7861328125,42386715821
2020-03-04 00:00:00+00:00,8755.24609375,34746706368
2020-03-05 00:00:00+00:00,9078.7626953125,39698054597
2020-03-06 00:00:00+00:00,9122.5458984375,40826885651
2020-03-07 00:00:00+00:00,8909.9541015625,36216930370
2020-03-08 00:00:00+00:00,8108.1162109375,39973102121
2020-03-09 00:00:00+00:00,7923.64453125,46936995808
2020-03-10 00:00:00+00:00,7909.7294921875,42213940994
2020-03-11 00:00:00+00:00,7911.43017578125,38682762605
2020-03-12 00:00:00+00:00,4970.7880859375,53980357243
2020-03-13 00:00:00+00:00,5563.70703125,74156772075
2020-03-14 00:00:00+00:00,5200.3662109375,36154506008
2020-03-15 00:00:00+00:00,5392.31494140625,33997889639
2020-03-16 00:00:00+00:00,5014.47998046875,45368026430
2020-03-17 00:00:00+00:00,5225.62939453125,38622642935
2020-03-18 00:00:00+00:00,5238.4384765625,37878801016
2020-03-19 00:00:00+00:00,6191.19287109375,51000731797
2020-03-20 00:00:00+00:00,6198.7783203125,54442976103
2020-03-21 00:00:00+00:00,6185.06640625,42494390880
2020-03-22 00:00:00+00:00,5830.2548828125,40099664740
2020-03-23 00:00:00+00:00,6416.31494140625,46491916000
2020-03-24 00:00:00+00:00,6734.8037109375,48221910672
2020-03-25 00:00:00+00:00,6681.06298828125,44590107888
2020-03-26 00:00:00+00:00,6716.4404296875,35319797642
2020-03-27 00:00:00+00:00,6469.79833984375,34585598367
2020-03-28 00:00:00+00:00,6242.19384765625,34885225901
2020-03-29 00:00:00+00:00,5922.04296875,28373690931
2020-03-30 00:00:00+00:00,6429.841796875,37101651525
2020-03-31 00:00:00+00:00,6438.64453125,32786468812
2020-04-01 00:00:00+00:00,6606.7763671875,40346426266
2020-04-02 00:00:00+00:00,6793.62451171875,47660646124
2020-04-03 00:00:00+00:00,6733.38720703125,38976504903
2020-04-04 00:00:00+00:00,6867.52734375,33185988584
2020-04-05 00:00:00+00:00,6791.12939453125,29510409856
2020-04-06 00:00:00+00:00,7271.78125,46896904615
2020-04-07 00:00:00+00:00,7176.41455078125,44243482668
2020-04-08 00:00:00+00:00,7334.0986328125,37563249549
2020-04-09 00:00:00+00:00,7302.08935546875,34815139178
2020-04-10 00:00:00+00:00,6865.4931640625,43622840992
2020-04-11 00:00:00+00:00,6859.0830078125,31222085946
2020-04-12 00:00:00+00:00,6971.091796875,35759567632
2020-04-13 00:00:00+00:00,6845.03759765625,38619308647
2020-04-14 00:00:00+00:00,6842.427734375,34110434052
2020-04-15 00:00:00+00:00,6642.10986328125,32288311031
2020-04-16 00:00:00+00:00,7116.80419921875,46783242377
2020-04-17 00:00:00+00:00,7096.1845703125,32513423567
2020-04-18 00:00:00+00:00,7257.6650390625,32447188386
2020-04-19 00:00:00+00:00,7189.4248046875,31311210215
2020-04-20 00:00:00+00:00,6881.95849609375,37747113936
2020-04-21 00:00:00+00:00,6880.3232421875,32589741511
2020-04-22 00:00:00+00:00,7117.20751953125,33249153866
2020-04-23 00:00:00+00:00,7429.724609375,43500782316
2020-04-24 00:00:00+00:00,7550.90087890625,34636526286
2020-04-25 00:00:00+00:00,7569.93603515625,32941541447
2020-04-26 00:00:00+00:00,7679.8671875,33070154491
2020-04-27 00:00:00+00:00,7795.60107421875,36162144725
2020-04-28 00:00:00+00:00,7807.05859375,33187959921
2020-04-29 00:00:00+00:00,8801.0380859375,60201052203
2020-04-30 00:00:00+00:00,8658.5537109375,66964629541
2020-05-01 00:00:00+00:00,8864.7666015625,44068389997
2020-05-02 00:00:00+00:00,8988.5966796875,40134388683
2020-05-03 00:00:00+00:00,8897.46875,47101785174
2020-05-04 00:00:00+00:00,8912.654296875,45718796276
2020-05-05 00:00:00+00:00,9003.0703125,43148462663
2020-05-06 00:00:00+00:00,9268.76171875,49371886931
2020-05-07 00:00:00+00:00,9951.5185546875,61112700562
2020-05-08 00:00:00+00:00,9842.666015625,51780748042
2020-05-09 00:00:00+00:00,9593.896484375,46566121841
2020-05-10 00:00:00+00:00,8756.4306640625,63325279337
2020-05-11 00:00:00+00:00,8601.7958984375,57119858802
2020-05-12 00:00:00+00:00,8804.4775390625,42142717533
2020-05-13 00:00:00+00:00,9269.9873046875,45558144023
2020-05-14 00:00:00+00:00,9733.7216796875,56426907637
2020-05-15 00:00:00+00:00,9328.197265625,48158802327
2020-05-16 00:00:00+00:00,9377.013671875,36164766408
2020-05-17 00:00:00+00:00,9670.7392578125,40084250663
2020-05-18 00:00:00+00:00,9726.5751953125,41827139896
2020-05-19 00:00:00+00:00,9729.0380859375,39254288955
2020-05-20 00:00:00+00:00,9522.9814453125,36546239703
2020-05-21 00:00:00+00:00,9081.76171875,39326160532
2020-05-22 00:00:00+00:00,9182.5771484375,29810773699
2020-05-23 00:00:00+00:00,9209.287109375,27727866812
2020-05-24 00:00:00+00:00,8790.3681640625,32518803300
2020-05-25 00:00:00+00:00,8906.9345703125,31288157264
2020-05-26 00:00:00+00:00,8835.052734375,29584186947
2020-05-27 00:00:00+00:00,9181.017578125,32740536902
2020-05-28 00:00:00+00:00,9525.7509765625,34367073114
2020-05-29 00:00:00+00:00,9439.1240234375,32896642044
2020-05-30 00:00:00+00:00,9700.4140625,32722975141
2020-05-31 00:00:00+00:00,9461.05859375,27773290299
2020-06-01 00:00:00+00:00,10167.2685546875,35198901068
2020-06-02 00:00:00+00:00,9529.8037109375,39137252109
2020-06-03 00:00:00+00:00,9656.7177734375,25007459262
2020-06-04 00:00:00+00:00,9800.63671875,25921805072
2020-06-05 00:00:00+00:00,9665.533203125,23509628646
2020-06-06 00:00:00+00:00,9653.6796875,20438419222
2020-06-07 00:00:00+00:00,9758.8525390625,25015250846
2020-06-08 00:00:00+00:00,9771.4892578125,21486346312
2020-06-09 00:00:00+00:00,9795.7001953125,23717842783
2020-06-10 00:00:00+00:00,9870.0947265625,25706567601
2020-06-11 00:00:00+00:00,9321.78125,30247143440
2020-06-12 00:00:00+00:00,9480.84375,22610564515
2020-06-13 00:00:00+00:00,9475.27734375,17564322315
2020-06-14 00:00:00+00:00,9386.7880859375,18991732746
2020-06-15 00:00:00+00:00,9450.7021484375,26699704768
2020-06-16 00:00:00+00:00,9538.0244140625,21565537209
2020-06-17 00:00:00+00:00,9480.2548828125,20177709879
2020-06-18 00:00:00+00:00,9411.8408203125,17770083003
2020-06-19 00:00:00+00:00,9288.0185546875,19632223107
2020-06-20 00:00:00+00:00,9332.3408203125,17130541557
2020-06-21 00:00:00+00:00,9303.6298828125,15324301169
2020-06-22 00:00:00+00:00,9648.7177734375,21104009514
2020-06-23 00:00:00+00:00,9629.658203125,17006433272
2020-06-24 00:00:00+00:00,9313.6103515625,18961716076
2020-06-25 00:00:00+00:00,9264.8134765625,18616048626
2020-06-26 00:00:00+00:00,9162.91796875,18341465837
2020-06-27 00:00:00+00:00,9045.390625,17273093144
2020-06-28 00:00:00+00:00,9143.58203125,14560870760
2020-06-29 00:00:00+00:00,9190.8544921875,16460547078
2020-06-30 00:00:00+00:00,9137.9931640625,15735797744
2020-07-01 00:00:00+00:00,9228.3251953125,15971550355
2020-07-02 00:00:00+00:00,9123.41015625,16338916796
2020-07-03 00:00:00+00:00,9087.3037109375,13078970999
2020-07-04 00:00:00+00:00,9132.48828125,12290528515
2020-07-05 00:00:00+00:00,9073.9423828125,12903406143
2020-07-06 00:00:00+00:00,9375.474609375,17889263252
2020-07-07 00:00:00+00:00,9252.27734375,13839652595
2020-07-08 00:00:00+00:00,9428.3330078125,19702359883
2020-07-09 00:00:00+00:00,9277.9677734375,18000702524
2020-07-10 00:00:00+00:00,9278.8076171875,16860035605
2020-07-11 00:00:00+00:00,9240.3466796875,13249910444
2020-07-12 00:00:00+00:00,9276.5,14452361907
2020-07-13 00:00:00+00:00,9243.6142578125,17519821266
2020-07-14 00:00:00+00:00,9243.2138671875,18085038362
2020-07-15 00:00:00+00:00,9192.8369140625,15844731575
2020-07-16 00:00:00+00:00,9132.2275390625,15713967523
2020-07-17 00:00:00+00:00,9151.392578125,13944570749
2020-07-18 00:00:00+00:00,9159.0400390625,12252601475
2020-07-19 00:00:00+00:00,9185.8173828125,12939002784
2020-07-20 00:00:00+00:00,9164.2314453125,13755604146
2020-07-21 00:00:00+00:00,9374.8876953125,18069581956
2020-07-22 00:00:00+00:00,9525.36328125,16532254884
2020-07-23 00:00:00+00:00,9581.072265625,18146399002
2020-07-24 00:00:00+00:00,9536.892578125,16552768325
2020-07-25 00:00:00+00:00,9677.11328125,16610070933
2020-07-26 00:00:00+00:00,9905.1669921875,20507998997
2020-07-27 00:00:00+00:00,10990.873046875,35359749590
2020-07-28 00:00:00+00:00,10912.8232421875,28766551142
2020-07-29 00:00:00+00:00,11100.4677734375,24617249715
2020-07-30 00:00:00+00:00,11111.2138671875,22857247901
2020-07-31 00:00:00+00:00,11323.466796875,23160469766
2020-08-01 00:00:00+00:00,11759.5927734375,26075670303
2020-08-02 00:00:00+00:00,11053.6142578125,27410067336
2020-08-03 00:00:00+00:00,11246.3486328125,20271713443
2020-08-04 00:00:00+00:00,11205.892578125,21250197042
2020-08-05 00:00:00+00:00,11747.0224609375,24411254471
2020-08-06 00:00:00+00:00,11779.7734375,23400740340
2020-08-07 00:00:00+00:00,11601.47265625,23132312867
2020-08-08 00:00:00+00:00,11754.0458984375,17572057837
2020-08-09 00:00:00+00:00,11675.7392578125,17489608833
2020-08-10 00:00:00+00:00,11878.111328125,26114112569
2020-08-11 00:00:00+00:00,11410.525390625,27039782640
2020-08-12 00:00:00+00:00,11584.9345703125,25064548486
2020-08-13 00:00:00+00:00,11784.1376953125,27522199497
2020-08-14 00:00:00+00:00,11768.87109375,24237958589
2020-08-15 00:00:00+00:00,11865.6982421875,23354924400
2020-08-16 00:00:00+00:00,11892.8037109375,20583375490
2020-08-17 00:00:00+00:00,12254.40234375,28227687027
2020-08-18 00:00:00+00:00,11991.2333984375,26043227672
2020-08-19 00:00:00+00:00,11758.283203125,24502851117
2020-08-20 00:00:00+00:00,11878.3720703125,20175242945
2020-08-21 00:00:00+00:00,11592.4892578125,23762425999
2020-08-22 00:00:00+00:00,11681.8251953125,20224191306
2020-08-23 00:00:00+00:00,11664.84765625,18482062658
2020-08-24 00:00:00+00:00,11774.595703125,20681511755
2020-08-25 00:00:00+00:00,11366.134765625,26301509932
2020-08-26 00:00:00+00:00,11488.36328125,22466660958
2020-08-27 00:00:00+00:00,11323.3974609375,23240415076
2020-08-28 00:00:00+00:00,11542.5,19807127588
2020-08-29 00:00:00+00:00,11506.865234375,17485597759
2020-08-30 00:00:00+00:00,11711.505859375,19760127945
2020-08-31 00:00:00+00:00,11680.8203125,22285928250
2020-09-01 00:00:00+00:00,11970.478515625,27311555343
2020-09-02 00:00:00+00:00,11414.0341796875,28037405299
2020-09-03 00:00:00+00:00,10245.296875,31927261555
2020-09-04 00:00:00+00:00,10511.8134765625,29965130374
2020-09-05 00:00:00+00:00,10169.5673828125,44916565292
2020-09-06 00:00:00+00:00,10280.3515625,37071460174
2020-09-07 00:00:00+00:00,10369.5634765625,33703098409
2020-09-08 00:00:00+00:00,10131.5166015625,33430927462
2020-09-09 00:00:00+00:00,10242.34765625,24128292755
2020-09-10 00:00:00+00:00,10363.138671875,54406443211
2020-09-11 00:00:00+00:00,10400.9150390625,45201121775
2020-09-12 00:00:00+00:00,10442.1708984375,36750077324
2020-09-13 00:00:00+00:00,10323.755859375,36506852789
2020-09-14 00:00:00+00:00,10680.837890625,35453581940
2020-09-15 00:00:00+00:00,10796.951171875,32509451925
2020-09-16 00:00:00+00:00,10974.9052734375,30769986455
2020-09-17 00:00:00+00:00,10948.990234375,38151810523
2020-09-18 00:00:00+00:00,10944.5859375,26341903912
2020-09-19 00:00:00+00:00,11094.3466796875,22764204008
2020-09-20 00:00:00+00:00,10938.271484375,24699523788
2020-09-21 00:00:00+00:00,10462.259765625,28884999244
2020-09-22 00:00:00+00:00,10538.4599609375,23621787804
2020-09-23 00:00:00+00:00,10246.1865234375,23788661867
2020-09-24 00:00:00+00:00,10760.06640625,47144380902
2020-09-25 00:00:00+00:00,10692.716796875,39348590957
2020-09-26 00:00:00+00:00,10750.7236328125,46852525493
2020-09-27 00:00:00+00:00,10775.26953125,53745972818
2020-09-28 00:00:00+00:00,10709.65234375,47762394731
2020-09-29 00:00:00+00:00,10844.640625,46582396602
2020-09-30 00:00:00+00:00,10784.4912109375,44171073700
2020-10-01 00:00:00+00:00,10619.4521484375,40023134100
2020-10-02 00:00:00+00:00,10575.974609375,48661453918
2020-10-03 00:00:00+00:00,10549.3291015625,44660271563
2020-10-04 00:00:00+00:00,10669.5830078125,71251776995
2020-10-05 00:00:00+00:00,10793.33984375,47537578009
2020-10-06 00:00:00+00:00,10604.40625,42623695307
2020-10-07 00:00:00+00:00,10668.96875,37799458436
2020-10-08 00:00:00+00:00,10915.685546875,63314794397
2020-10-09 00:00:00+00:00,11064.4580078125,22799117613
2020-10-10 00:00:00+00:00,11296.361328125,22877978588
2020-10-11 00:00:00+00:00,11384.181640625,19968627060
2020-10-12 00:00:00+00:00,11555.36328125,26163972642
2020-10-13 00:00:00+00:00,11425.8994140625,24241420251
2020-10-14 00:00:00+00:00,11429.5068359375,24103426719
2020-10-15 00:00:00+00:00,11495.349609375,24487233058
2020-10-16 00:00:00+00:00,11322.123046875,25635480772
2020-10-17 00:00:00+00:00,11358.1015625,19130430174
2020-10-18 00:00:00+00:00,11483.359375,18283314340
2020-10-19 00:00:00+00:00,11742.037109375,23860769928
2020-10-20 00:00:00+00:00,11916.3349609375,30915821592
2020-10-21 00:00:00+00:00,12823.689453125,43414712626
2020-10-22 00:00:00+00:00,12965.8916015625,34729759598
2020-10-23 00:00:00+00:00,12931.5390625,28974975003
2020-10-24 00:00:00+00:00,13108.0625,24542317940
2020-10-25 00:00:00+00:00,13031.173828125,24406920575
2020-10-26 00:00:00+00:00,13075.248046875,29461458313
2020-10-27 00:00:00+00:00,13654.21875,33749878156
2020-10-28 00:00:00+00:00,13271.28515625,35867318895
2020-10-29 00:00:00+00:00,13437.8828125,56499499598
2020-10-30 00:00:00+00:00,13546.5224609375,30581485201
2020-10-31 00:00:00+00:00,13780.9951171875,30306464719
2020-11-01 00:00:00+00:00,13737.109375,24453857900
2020-11-02 00:00:00+00:00,13550.4892578125,30771455468
2020-11-03 00:00:00+00:00,13950.30078125,29869951617
2020-11-04 00:00:00+00:00,14133.70703125,35116364962
2020-11-05 00:00:00+00:00,15579.8486328125,40856321439
2020-11-06 00:00:00+00:00,15565.880859375,39837841971
2020-11-07 00:00:00+00:00,14833.75390625,35024953706
2020-11-08 00:00:00+00:00,15479.5673828125,26632075029
2020-11-09 00:00:00+00:00,15332.3154296875,34149115566
2020-11-10 00:00:00+00:00,15290.90234375,25574938143
2020-11-11 00:00:00+00:00,15701.33984375,29772374934
2020-11-12 00:00:00+00:00,16276.34375,34175758344
2020-11-13 00:00:00+00:00,16317.80859375,31599492172
2020-11-14 00:00:00+00:00,16068.138671875,27481710135
2020-11-15 00:00:00+00:00,15955.587890625,23653867583
2020-11-16 00:00:00+00:00,16716.111328125,31526766675
2020-11-17 00:00:00+00:00,17645.40625,39006849170
2020-11-18 00:00:00+00:00,17804.005859375,49064800278
2020-11-19 00:00:00+00:00,17817.08984375,36985055355
2020-11-20 00:00:00+00:00,18621.314453125,36992873940
2020-11-21 00:00:00+00:00,18642.232421875,39650210707
2020-11-22 00:00:00+00:00,18370.001953125,41280434226
2020-11-23 00:00:00+00:00,18364.12109375,42741112308
2020-11-24 00:00:00+00:00,19107.46484375,51469565009
2020-11-25 00:00:00+00:00,18732.12109375,43710357371
2020-11-26 00:00:00+00:00,17150.623046875,61396835737
2020-11-27 00:00:00+00:00,17108.40234375,38886494645
2020-11-28 00:00:00+00:00,17717.4140625,32601040734
2020-11-29 00:00:00+00:00,18177.484375,31133957704
2020-11-30 00:00:00+00:00,19625.8359375,47728480399
2020-12-01 00:00:00+00:00,18802.998046875,49633658712
2020-12-02 00:00:00+00:00,19201.091796875,37387697139
2020-12-03 00:00:00+00:00,19445.3984375,31930317405
2020-12-04 00:00:00+00:00,18699.765625,33872388058
2020-12-05 00:00:00+00:00,19154.23046875,27242455064
2020-12-06 00:00:00+00:00,19345.12109375,25293775714
2020-12-07 00:00:00+00:00,19191.630859375,26896357742
2020-12-08 00:00:00+00:00,18321.14453125,31692288756
2020-12-09 00:00:00+00:00,18553.916015625,34420373071
2020-12-10 00:00:00+00:00,18264.9921875,25547132265
2020-12-11 00:00:00+00:00,18058.904296875,27919640985
2020-12-12 00:00:00+00:00,18803.65625,21752580802
2020-12-13 00:00:00+00:00,19142.3828125,25450468637
2020-12-14 00:00:00+00:00,19246.64453125,22473997681
2020-12-15 00:00:00+00:00,19417.076171875,26741982541
2020-12-16 00:00:00+00:00,21310.59765625,44409011479
2020-12-17 00:00:00+00:00,22805.162109375,71378606374
2020-12-18 00:00:00+00:00,23137.9609375,40387896275
2020-12-19 00:00:00+00:00,23869.83203125,38487546580
2020-12-20 00:00:00+00:00,23477.294921875,37844228422
2020-12-21 00:00:00+00:00,22803.08203125,45852713981
2020-12-22 00:00:00+00:00,23783.029296875,44171632681
2020-12-23 00:00:00+00:00,23241.345703125,51146161904
2020-12-24 00:00:00+00:00,23735.94921875,41080759713
2020-12-25 00:00:00+00:00,24664.791015625,42068395846
2020-12-26 00:00:00+00:00,26437.037109375,48332647295
2020-12-27 00:00:00+00:00,26272.294921875,66479895605
2020-12-28 00:00:00+00:00,27084.80859375,49056742893
2020-12-29 00:00:00+00:00,27362.4375,45265946774
2020-12-30 00:00:00+00:00,28840.953125,51287442704
2020-12-31 00:00:00+00:00,29001.720703125,46754964848
2021-01-01 00:00:00+00:00,29374.15234375,40730301359
2021-01-02 00:00:00+00:00,32127.267578125,67865420765
2021-01-03 00:00:00+00:00,32782.0234375,78665235202
2021-01-04 00:00:00+00:00,31971.9140625,81163475344
2021-01-05 00:00:00+00:00,33992.4296875,67547324782
2021-01-06 00:00:00+00:00,36824.36328125,75289433811
2021-01-07 00:00:00+00:00,39371.04296875,84762141031
2021-01-08 00:00:00+00:00,40797.609375,88107519480
2021-01-09 00:00:00+00:00,40254.546875,61984162837
2021-01-10 00:00:00+00:00,38356.44140625,79980747690
2021-01-11 00:00:00+00:00,35566.65625,123320567399
2021-01-12 00:00:00+00:00,33922.9609375,74773277909
2021-01-13 00:00:00+00:00,37316.359375,69364315979
2021-01-14 00:00:00+00:00,39187.328125,63615990033
2021-01-15 00:00:00+00:00,36825.3671875,67760757881
2021-01-16 00:00:00+00:00,36178.140625,57706187875
2021-01-17 00:00:00+00:00,35791.27734375,52359854336
2021-01-18 00:00:00+00:00,36630.07421875,49511702429
2021-01-19 00:00:00+00:00,36069.8046875,57244195486
2021-01-20 00:00:00+00:00,35547.75,66834573161
2021-01-21 00:00:00+00:00,30825.69921875,75643067688
2021-01-22 00:00:00+00:00,33005.76171875,77207272511
2021-01-23 00:00:00+00:00,32067.642578125,48354737975
2021-01-24 00:00:00+00:00,32289.37890625,48643830599
2021-01-25 00:00:00+00:00,32366.392578125,59897054838
2021-01-26 00:00:00+00:00,32569.849609375,60255421470
2021-01-27 00:00:00+00:00,30432.546875,62576762015
2021-01-28 00:00:00+00:00,33466.09765625,76517157706
2021-01-29 00:00:00+00:00,34316.38671875,117894572511
2021-01-30 00:00:00+00:00,34269.5234375,65141828798
2021-01-31 00:00:00+00:00,33114.359375,52754542671
2021-02-01 00:00:00+00:00,33537.17578125,61400400660
2021-02-02 00:00:00+00:00,35510.2890625,63088585433
2021-02-03 00:00:00+00:00,37472.08984375,61166818159
2021-02-04 00:00:00+00:00,36926.06640625,68838074392
2021-02-05 00:00:00+00:00,38144.30859375,58598066402
2021-02-06 00:00:00+00:00,39266.01171875,71326033653
2021-02-07 00:00:00+00:00,38903.44140625,65500641143
2021-02-08 00:00:00+00:00,46196.46484375,101467222687
2021-02-09 00:00:00+00:00,46481.10546875,91809846886
2021-02-10 00:00:00+00:00,44918.18359375,87301089896
2021-02-11 00:00:00+00:00,47909.33203125,81388911810
2021-02-12 00:00:00+00:00,47504.8515625,76555041196
2021-02-13 00:00:00+00:00,47105.515625,70250456155
2021-02-14 00:00:00+00:00,48717.2890625,71248675228
2021-02-15 00:00:00+00:00,47945.05859375,77069903166
2021-02-16 00:00:00+00:00,49199.87109375,77049582886
2021-02-17 00:00:00+00:00,52149.0078125,80820545404
2021-02-18 00:00:00+00:00,51679.796875,52054723579
2021-02-19 00:00:00+00:00,55888.1328125,63495496918
2021-02-20 00:00:00+00:00,56099.51953125,68145460026
2021-02-21 00:00:00+00:00,57539.9453125,51897585191
2021-02-22 00:00:00+00:00,54207.3203125,92052420332
2021-02-23 00:00:00+00:00,48824.42578125,106102492824
2021-02-24 00:00:00+00:00,49705.33203125,63695521388
2021-02-25 00:00:00+00:00,47093.8515625,54506565949
2021-02-26 00:00:00+00:00,46339.76171875,350967941479
2021-02-27 00:00:00+00:00,46188.453125,45910946382
2021-02-28 00:00:00+00:00,45137.76953125,53443887451
2021-03-01 00:00:00+00:00,49631.2421875,53891300112
2021-03-02 00:00:00+00:00,48378.98828125,47530897720
2021-03-03 00:00:00+00:00,50538.2421875,53220811975
2021-03-04 00:00:00+00:00,48561.16796875,52343816680
2021-03-05 00:00:00+00:00,48927.3046875,48625928883
2021-03-06 00:00:00+00:00,48912.3828125,34363564661
2021-03-07 00:00:00+00:00,51206.69140625,43137459378
2021-03-08 00:00:00+00:00,52246.5234375,48597428048
2021-03-09 00:00:00+00:00,54824.1171875,50912227385
2021-03-10 00:00:00+00:00,56008.55078125,57295577614
2021-03-11 00:00:00+00:00,57805.12109375,56772343595
2021-03-12 00:00:00+00:00,57332.08984375,55689944702
2021-03-13 00:00:00+00:00,61243.0859375,60669829814
2021-03-14 00:00:00+00:00,59302.31640625,43901225564
2021-03-15 00:00:00+00:00,55907.19921875,66419369890
2021-03-16 00:00:00+00:00,56804.90234375,59749798599
2021-03-17 00:00:00+00:00,58870.89453125,60258313191
2021-03-18 00:00:00+00:00,57858.921875,55746041000
2021-03-19 00:00:00+00:00,58346.65234375,49063873786
2021-03-20 00:00:00+00:00,58313.64453125,50361731222
2021-03-21 00:00:00+00:00,57523.421875,51943414539
2021-03-22 00:00:00+00:00,54529.14453125,56521454974
2021-03-23 00:00:00+00:00,54738.9453125,56435023914
2021-03-24 00:00:00+00:00,52774.265625,70567223787
2021-03-25 00:00:00+00:00,51704.16015625,67999812841
2021-03-26 00:00:00+00:00,55137.3125,56652197978
2021-03-27 00:00:00+00:00,55973.51171875,47266542233
2021-03-28 00:00:00+00:00,55950.74609375,47686580918
2021-03-29 00:00:00+00:00,57750.19921875,57625587027
2021-03-30 00:00:00+00:00,58917.69140625,54414116432
2021-03-31 00:00:00+00:00,58918.83203125,65520826225
2021-04-01 00:00:00+00:00,59095.80859375,61669163792
2021-04-02 00:00:00+00:00,59384.3125,58727860620
2021-04-03 00:00:00+00:00,57603.890625,59641344484
2021-04-04 00:00:00+00:00,58758.5546875,50749662970
2021-04-05 00:00:00+00:00,59057.87890625,60706272115
2021-04-06 00:00:00+00:00,58192.359375,66058027988
2021-04-07 00:00:00+00:00,56048.9375,75645303584
2021-04-08 00:00:00+00:00,58323.953125,53053855641
2021-04-09 00:00:00+00:00,58245.00390625,46655208546
2021-04-10 00:00:00+00:00,59793.234375,58238470525
2021-04-11 00:00:00+00:00,60204.96484375,46280252580
2021-04-12 00:00:00+00:00,59893.453125,51828688519
2021-04-13 00:00:00+00:00,63503.45703125,69983454362
2021-04-14 00:00:00+00:00,63109.6953125,77451779687
2021-04-15 00:00:00+00:00,63314.01171875,60954381579
2021-04-16 00:00:00+00:00,61572.7890625,84293007468
2021-04-17 00:00:00+00:00,60683.8203125,66138759198
2021-04-18 00:00:00+00:00,56216.18359375,97468872758
2021-04-19 00:00:00+00:00,55724.265625,65344865159
2021-04-20 00:00:00+00:00,56473.03125,67849323955
2021-04-21 00:00:00+00:00,53906.08984375,54926612466
2021-04-22 00:00:00+00:00,51762.2734375,74798630778
2021-04-23 00:00:00+00:00,51093.65234375,86668667320
2021-04-24 00:00:00+00:00,50050.8671875,49014494781
2021-04-25 00:00:00+00:00,49004.25390625,46117114240
2021-04-26 00:00:00+00:00,54021.75390625,58284039825
2021-04-27 00:00:00+00:00,55033.1171875,49448222757
2021-04-28 00:00:00+00:00,54824.703125,48000572955
2021-04-29 00:00:00+00:00,53555.109375,46088929780
2021-04-30 00:00:00+00:00,57750.17578125,52395931985
2021-05-01 00:00:00+00:00,57828.05078125,42836427360
2021-05-02 00:00:00+00:00,56631.078125,38177405335
2021-05-03 00:00:00+00:00,57200.29296875,51713139031
2021-05-04 00:00:00+00:00,53333.5390625,68564706967
2021-05-05 00:00:00+00:00,57424.0078125,69241316747
2021-05-06 00:00:00+00:00,56396.515625,69523285106
2021-05-07 00:00:00+00:00,57356.40234375,68434023376
2021-05-08 00:00:00+00:00,58803.77734375,65382980634
2021-05-09 00:00:00+00:00,58232.31640625,65906690347
2021-05-10 00:00:00+00:00,55859.796875,71776546298
2021-05-11 00:00:00+00:00,56704.57421875,61308396325
2021-05-12 00:00:00+00:00,49150.53515625,75215403907
2021-05-13 00:00:00+00:00,49716.19140625,96721152926
2021-05-14 00:00:00+00:00,49880.53515625,55737497453
2021-05-15 00:00:00+00:00,46760.1875,59161047474
2021-05-16 00:00:00+00:00,46456.05859375,64047871555
2021-05-17 00:00:00+00:00,43537.51171875,74903638450
2021-05-18 00:00:00+00:00,42909.40234375,56187365084
2021-05-19 00:00:00+00:00,37002.44140625,126358098747
2021-05-20 00:00:00+00:00,40782.73828125,88281943359
2021-05-21 00:00:00+00:00,37304.69140625,82051616861
2021-05-22 00:00:00+00:00,37536.6328125,57377273240
2021-05-23 00:00:00+00:00,34770.58203125,78469274361
2021-05-24 00:00:00+00:00,38705.98046875,67359584098
2021-05-25 00:00:00+00:00,38402.22265625,56211915803
2021-05-26 00:00:00+00:00,39294.19921875,51346735160
2021-05-27 00:00:00+00:00,38436.96875,43210968721
2021-05-28 00:00:00+00:00,35697.60546875,55200191952
2021-05-29 00:00:00+00:00,34616.06640625,45231013335
2021-05-30 00:00:00+00:00,35678.12890625,31646080921
2021-05-31 00:00:00+00:00,37332.85546875,39009847639
2021-06-01 00:00:00+00:00,36684.92578125,34639423297
2021-06-02 00:00:00+00:00,37575.1796875,33070867190
2021-06-03 00:00:00+00:00,39208.765625,35460750427
2021-06-04 00:00:00+00:00,36894.40625,41831090187
2021-06-05 00:00:00+00:00,35551.95703125,35959473399
2021-06-06 00:00:00+00:00,35862.37890625,28913440585
2021-06-07 00:00:00+00:00,33560.70703125,33683936663
2021-06-08 00:00:00+00:00,33472.6328125,49902050442
2021-06-09 00:00:00+00:00,37345.12109375,53972919008
2021-06-10 00:00:00+00:00,36702.59765625,43576032854
2021-06-11 00:00:00+00:00,37334.3984375,38699736985
2021-06-12 00:00:00+00:00,35552.515625,37924228550
2021-06-13 00:00:00+00:00,39097.859375,40669112838
2021-06-14 00:00:00+00:00,40218.4765625,43148914673
2021-06-15 00:00:00+00:00,40406.26953125,46420149185
2021-06-16 00:00:00+00:00,38347.0625,39211635100
2021-06-17 00:00:00+00:00,38053.50390625,37096670047
2021-06-18 00:00:00+00:00,35787.24609375,36200887275
2021-06-19 00:00:00+00:00,35615.87109375,31207279719
2021-06-20 00:00:00+00:00,35698.296875,36664034054
2021-06-21 00:00:00+00:00,31676.693359375,52809038594
2021-06-22 00:00:00+00:00,32505.66015625,58964353058
2021-06-23 00:00:00+00:00,33723.02734375,46317108925
2021-06-24 00:00:00+00:00,34662.4375,33123368116
2021-06-25 00:00:00+00:00,31637.779296875,40230904226
2021-06-26 00:00:00+00:00,32186.27734375,38585385521
2021-06-27 00:00:00+00:00,34649.64453125,35511640894
2021-06-28 00:00:00+00:00,34434.3359375,33892523752
2021-06-29 00:00:00+00:00,35867.77734375,37901460044
2021-06-30 00:00:00+00:00,35040.8359375,34059036099
2021-07-01 00:00:00+00:00,33572.1171875,37838957079
2021-07-02 00:00:00+00:00,33897.046875,38728974942
2021-07-03 00:00:00+00:00,34668.546875,24383958643
2021-07-04 00:00:00+00:00,35287.78125,24924307911
2021-07-05 00:00:00+00:00,33746.00390625,26721554282
2021-07-06 00:00:00+00:00,34235.1953125,26501259870
2021-07-07 00:00:00+00:00,33855.328125,24796027477
2021-07-08 00:00:00+00:00,32877.37109375,29910396946
2021-07-09 00:00:00+00:00,33798.01171875,27436021028
2021-07-10 00:00:00+00:00,33520.51953125,22971873468
2021-07-11 00:00:00+00:00,34240.1875,20108729370
2021-07-12 00:00:00+00:00,33155.84765625,24321499537
2021-07-13 00:00:00+00:00,32702.025390625,19120856669
2021-07-14 00:00:00+00:00,32822.34765625,21376531210
2021-07-15 00:00:00+00:00,31780.73046875,21300524237
2021-07-16 00:00:00+00:00,31421.5390625,23699476918
2021-07-17 00:00:00+00:00,31533.068359375,18895018942
2021-07-18 00:00:00+00:00,31796.810546875,18787986667
2021-07-19 00:00:00+00:00,30817.83203125,20434789545
2021-07-20 00:00:00+00:00,29807.34765625,23148267245
2021-07-21 00:00:00+00:00,32110.693359375,28203024559
2021-07-22 00:00:00+00:00,32313.10546875,19555230518
2021-07-23 00:00:00+00:00,33581.55078125,22552046192
2021-07-24 00:00:00+00:00,34292.4453125,21664706865
2021-07-25 00:00:00+00:00,35350.1875,20856685287
2021-07-26 00:00:00+00:00,37337.53515625,51022126212
2021-07-27 00:00:00+00:00,39406.94140625,35097370560
2021-07-28 00:00:00+00:00,39995.90625,38702404695
2021-07-29 00:00:00+00:00,40008.421875,27167146027
2021-07-30 00:00:00+00:00,42235.546875,33072782960
2021-07-31 00:00:00+00:00,41626.1953125,25802845343
2021-08-01 00:00:00+00:00,39974.89453125,26688438115
2021-08-02 00:00:00+00:00,39201.9453125,25595265436
2021-08-03 00:00:00+00:00,38152.98046875,26189830450
2021-08-04 00:00:00+00:00,39747.50390625,25372562724
2021-08-05 00:00:00+00:00,40869.5546875,35185031017
2021-08-06 00:00:00+00:00,42816.5,38226483046
2021-08-07 00:00:00+00:00,44555.80078125,40030862141
2021-08-08 00:00:00+00:00,43798.1171875,36302664750
2021-08-09 00:00:00+00:00,46365.40234375,38734079049
2021-08-10 00:00:00+00:00,45585.03125,33546019517
2021-08-11 00:00:00+00:00,45593.63671875,34319709073
2021-08-12 00:00:00+00:00,44428.2890625,33723620826
2021-08-13 00:00:00+00:00,47793.3203125,31744259539
2021-08-14 00:00:00+00:00,47096.9453125,31211354442
2021-08-15 00:00:00+00:00,47047.00390625,30988958446
2021-08-16 00:00:00+00:00,46004.484375,32776876610
2021-08-17 00:00:00+00:00,44695.359375,33451362600
2021-08-18 00:00:00+00:00,44801.1875,32194123075
2021-08-19 00:00:00+00:00,46717.578125,37204312299
2021-08-20 00:00:00+00:00,49339.17578125,34706867452
2021-08-21 00:00:00+00:00,48905.4921875,40585205312
2021-08-22 00:00:00+00:00,49321.65234375,25370975378
2021-08-23 00:00:00+00:00,49546.1484375,34305053719
2021-08-24 00:00:00+00:00,47706.1171875,35361168834
2021-08-25 00:00:00+00:00,48960.7890625,32646349931
2021-08-26 00:00:00+00:00,46942.21875,32666549568
2021-08-27 00:00:00+00:00,49058.66796875,34511076995
2021-08-28 00:00:00+00:00,48902.40234375,28568103401
2021-08-29 00:00:00+00:00,48829.83203125,25889650240
2021-08-30 00:00:00+00:00,47054.984375,31847007016
2021-08-31 00:00:00+00:00,47166.6875,34730363427
2021-09-01 00:00:00+00:00,48847.02734375,39139399125
2021-09-02 00:00:00+00:00,49327.72265625,39508070319
2021-09-03 00:00:00+00:00,50025.375,43206179619
2021-09-04 00:00:00+00:00,49944.625,37471327794
2021-09-05 00:00:00+00:00,51753.41015625,30322676319
2021-09-06 00:00:00+00:00,52633.53515625,38884105426
2021-09-07 00:00:00+00:00,46811.12890625,65210059683
2021-09-08 00:00:00+00:00,46091.390625,49007762488
2021-09-09 00:00:00+00:00,46391.421875,38672657013
2021-09-10 00:00:00+00:00,44883.91015625,39154666597
2021-09-11 00:00:00+00:00,45201.45703125,34499835245
2021-09-12 00:00:00+00:00,46063.26953125,27881980161
2021-09-13 00:00:00+00:00,44963.07421875,40969943253
2021-09-14 00:00:00+00:00,47092.4921875,38652152880
2021-09-15 00:00:00+00:00,48176.34765625,30484496466
2021-09-16 00:00:00+00:00,47783.359375,31764293754
2021-09-17 00:00:00+00:00,47267.51953125,28727713711
2021-09-18 00:00:00+00:00,48278.36328125,28575630451
2021-09-19 00:00:00+00:00,47260.21875,26967722648
2021-09-20 00:00:00+00:00,42843.80078125,43909845642
2021-09-21 00:00:00+00:00,40693.67578125,48701090088
2021-09-22 00:00:00+00:00,43574.5078125,38139709246
2021-09-23 00:00:00+00:00,44895.09765625,34244064430
2021-09-24 00:00:00+00:00,42839.75,42839345714
2021-09-25 00:00:00+00:00,42716.59375,31604717236
2021-09-26 00:00:00+00:00,43208.5390625,30661222077
2021-09-27 00:00:00+00:00,42235.73046875,30980029059
2021-09-28 00:00:00+00:00,41034.54296875,30214940550
2021-09-29 00:00:00+00:00,41564.36328125,30602359905
2021-09-30 00:00:00+00:00,43790.89453125,31141681925
2021-10-01 00:00:00+00:00,48116.94140625,42850641582
2021-10-02 00:00:00+00:00,47711.48828125,30614346492
2021-10-03 00:00:00+00:00,48199.953125,26638115879
2021-10-04 00:00:00+00:00,49112.90234375,33383173002
2021-10-05 00:00:00+00:00,51514.8125,35873904236
2021-10-06 00:00:00+00:00,55361.44921875,49034730168
2021-10-07 00:00:00+00:00,53805.984375,36807860413
2021-10-08 00:00:00+00:00,53967.84765625,34800873924
2021-10-09 00:00:00+00:00,54968.22265625,32491211414
2021-10-10 00:00:00+00:00,54771.578125,39527792364
2021-10-11 00:00:00+00:00,57484.7890625,42637331698
2021-10-12 00:00:00+00:00,56041.05859375,41083758949
2021-10-13 00:00:00+00:00,57401.09765625,41684252783
2021-10-14 00:00:00+00:00,57321.5234375,36615791366
2021-10-15 00:00:00+00:00,61593.94921875,51780081801
2021-10-16 00:00:00+00:00,60892.1796875,34250964237
2021-10-17 00:00:00+00:00,61553.6171875,29032367511
2021-10-18 00:00:00+00:00,62026.078125,38055562075
2021-10-19 00:00:00+00:00,64261.9921875,40471196346
2021-10-20 00:00:00+00:00,65992.8359375,40788955582
2021-10-21 00:00:00+00:00,62210.171875,45908121370
2021-10-22 00:00:00+00:00,60692.265625,38434082775
2021-10-23 00:00:00+00:00,61393.6171875,26882546034
2021-10-24 00:00:00+00:00,60930.8359375,27316183882
2021-10-25 00:00:00+00:00,63039.82421875,31064911614
2021-10-26 00:00:00+00:00,60363.79296875,34878965587
2021-10-27 00:00:00+00:00,58482.38671875,43657076893
2021-10-28 00:00:00+00:00,60622.13671875,45257083247
2021-10-29 00:00:00+00:00,62227.96484375,36856881767
2021-10-30 00:00:00+00:00,61888.83203125,32157938616
2021-10-31 00:00:00+00:00,61318.95703125,32241199927
2021-11-01 00:00:00+00:00,61004.40625,36150572843
2021-11-02 00:00:00+00:00,63226.40234375,37746665647
2021-11-03 00:00:00+00:00,62970.046875,36124731509
2021-11-04 00:00:00+00:00,61452.23046875,32615846901
2021-11-05 00:00:00+00:00,61125.67578125,30605102446
2021-11-06 00:00:00+00:00,61527.48046875,29094934221
2021-11-07 00:00:00+00:00,63326.98828125,24726754302
2021-11-08 00:00:00+00:00,67566.828125,41125608330
2021-11-09 00:00:00+00:00,66971.828125,42357991721
2021-11-10 00:00:00+00:00,64995.23046875,48730828378
2021-11-11 00:00:00+00:00,64949.9609375,35880633236
2021-11-12 00:00:00+00:00,64155.94140625,36084893887
2021-11-13 00:00:00+00:00,64469.52734375,30474228777
2021-11-14 00:00:00+00:00,65466.83984375,25122092191
2021-11-15 00:00:00+00:00,63557.87109375,30558763548
2021-11-16 00:00:00+00:00,60161.24609375,46844335592
2021-11-17 00:00:00+00:00,60368.01171875,39178392930
2021-11-18 00:00:00+00:00,56942.13671875,41388338699
2021-11-19 00:00:00+00:00,58119.578125,38702407772
2021-11-20 00:00:00+00:00,59697.1953125,30624264863
2021-11-21 00:00:00+00:00,58730.4765625,26123447605
2021-11-22 00:00:00+00:00,56289.2890625,35036121783
2021-11-23 00:00:00+00:00,57569.07421875,37485803899
2021-11-24 00:00:00+00:00,56280.42578125,36635566789
2021-11-25 00:00:00+00:00,57274.6796875,34284016248
2021-11-26 00:00:00+00:00,53569.765625,41810748221
2021-11-27 00:00:00+00:00,54815.078125,30560857714
2021-11-28 00:00:00+00:00,57248.45703125,28116886357
2021-11-29 00:00:00+00:00,57806.56640625,32370840356
2021-11-30 00:00:00+00:00,57005.42578125,36708594618
2021-12-01 00:00:00+00:00,57229.828125,36858195307
2021-12-02 00:00:00+00:00,56477.81640625,32379968686
2021-12-03 00:00:00+00:00,53598.24609375,39789134215
2021-12-04 00:00:00+00:00,49200.703125,61385677469
2021-12-05 00:00:00+00:00,49368.84765625,37198201161
2021-12-06 00:00:00+00:00,50582.625,37707308001
2021-12-07 00:00:00+00:00,50700.0859375,33676814852
2021-12-08 00:00:00+00:00,50504.796875,28479699446
2021-12-09 00:00:00+00:00,47672.12109375,29603577251
2021-12-10 00:00:00+00:00,47243.3046875,30966005122
2021-12-11 00:00:00+00:00,49362.5078125,25775869261
2021-12-12 00:00:00+00:00,50098.3359375,21939223599
2021-12-13 00:00:00+00:00,46737.48046875,32166727776
2021-12-14 00:00:00+00:00,46612.6328125,34638619079
2021-12-15 00:00:00+00:00,48896.72265625,36541828520
2021-12-16 00:00:00+00:00,47665.42578125,27268150947
2021-12-17 00:00:00+00:00,46202.14453125,32902725329
2021-12-18 00:00:00+00:00,46848.77734375,26098292690
2021-12-19 00:00:00+00:00,46707.015625,25154053861
2021-12-20 00:00:00+00:00,46880.27734375,30961902129
2021-12-21 00:00:00+00:00,48936.61328125,27055803928
2021-12-22 00:00:00+00:00,48628.51171875,24447979559
2021-12-23 00:00:00+00:00,50784.5390625,28223878108
2021-12-24 00:00:00+00:00,50822.1953125,24367912228
2021-12-25 00:00:00+00:00,50429.859375,19030650914
2021-12-26 00:00:00+00:00,50809.515625,20964372926
2021-12-27 00:00:00+00:00,50640.41796875,24324345758
2021-12-28 00:00:00+00:00,47588.85546875,33430376883
2021-12-29 00:00:00+00:00,46444.7109375,30049226299
2021-12-30 00:00:00+00:00,47178.125,26686491018
2021-12-31 00:00:00+00:00,46306.4453125,36974172400
2022-01-01 00:00:00+00:00,47686.8125,24582667004
2022-01-02 00:00:00+00:00,47345.21875,27951569547
2022-01-03 00:00:00+00:00,46458.1171875,33071628362
2022-01-04 00:00:00+00:00,45897.57421875,42494677905
2022-01-05 00:00:00+00:00,43569.00390625,36851084859
2022-01-06 00:00:00+00:00,43160.9296875,30208048289
2022-01-07 00:00:00+00:00,41557.90234375,84196607520
2022-01-08 00:00:00+00:00,41733.94140625,28066355845
2022-01-09 00:00:00+00:00,41911.6015625,21294384372
2022-01-10 00:00:00+00:00,41821.26171875,32104232331
2022-01-11 00:00:00+00:00,42735.85546875,26327648900
2022-01-12 00:00:00+00:00,43949.1015625,33499938689
2022-01-13 00:00:00+00:00,42591.5703125,47691135082
2022-01-14 00:00:00+00:00,43099.69921875,23577403399
2022-01-15 00:00:00+00:00,43177.3984375,18371348298
2022-01-16 00:00:00+00:00,43113.87890625,17902097845
2022-01-17 00:00:00+00:00,42250.55078125,21690904261
2022-01-18 00:00:00+00:00,42375.6328125,22417209227
2022-01-19 00:00:00+00:00,41744.328125,23091543258
2022-01-20 00:00:00+00:00,40680.41796875,20382033940
2022-01-21 00:00:00+00:00,36457.31640625,43011992031
2022-01-22 00:00:00+00:00,35030.25,39714385405
2022-01-23 00:00:00+00:00,36276.8046875,26017975951
2022-01-24 00:00:00+00:00,36654.328125,41856658597
2022-01-25 00:00:00+00:00,36954.00390625,26428189594
2022-01-26 00:00:00+00:00,36852.12109375,31324598034
2022-01-27 00:00:00+00:00,37138.234375,25041426629
2022-01-28 00:00:00+00:00,37784.33203125,22238830523
2022-01-29 00:00:00+00:00,38138.1796875,17194183075
2022-01-30 00:00:00+00:00,37917.6015625,14643548444
2022-01-31 00:00:00+00:00,38483.125,20734730465
2022-02-01 00:00:00+00:00,38743.2734375,20288500328
2022-02-02 00:00:00+00:00,36952.984375,19155189416
2022-02-03 00:00:00+00:00,37154.6015625,18591534769
2022-02-04 00:00:00+00:00,41500.875,29412210792
2022-02-05 00:00:00+00:00,41441.1640625,19652846215
2022-02-06 00:00:00+00:00,42412.43359375,16142097334
2022-02-07 00:00:00+00:00,43840.28515625,28641855926
2022-02-08 00:00:00+00:00,44118.4453125,33079398868
2022-02-09 00:00:00+00:00,44338.796875,23245887300
2022-02-10 00:00:00+00:00,43565.11328125,32142048537
2022-02-11 00:00:00+00:00,42407.9375,26954925781
2022-02-12 00:00:00+00:00,42244.46875,18152390304
2022-02-13 00:00:00+00:00,42197.515625,14741589015
2022-02-14 00:00:00+00:00,42586.91796875,20827783012
2022-02-15 00:00:00+00:00,44575.203125,22721659051
2022-02-16 00:00:00+00:00,43961.859375,19792547657
2022-02-17 00:00:00+00:00,40538.01171875,26246662813
2022-02-18 00:00:00+00:00,40030.9765625,23310007704
2022-02-19 00:00:00+00:00,40122.15625,13736557863
2022-02-20 00:00:00+00:00,38431.37890625,18340576452
2022-02-21 00:00:00+00:00,37075.28125,29280402798
2022-02-22 00:00:00+00:00,38286.02734375,25493150450
2022-02-23 00:00:00+00:00,37296.5703125,21849073843
2022-02-24 00:00:00+00:00,38332.609375,46383802093
2022-02-25 00:00:00+00:00,39214.21875,26545599159
2022-02-26 00:00:00+00:00,39105.1484375,17467554129
2022-02-27 00:00:00+00:00,37709.78515625,23450127612
2022-02-28 00:00:00+00:00,43193.234375,35690014104
2022-03-01 00:00:00+00:00,44354.63671875,32479047645
2022-03-02 00:00:00+00:00,43924.1171875,29183112630
2022-03-03 00:00:00+00:00,42451.7890625,24967782593
2022-03-04 00:00:00+00:00,39137.60546875,28516271427
2022-03-05 00:00:00+00:00,39400.5859375,16975917450
2022-03-06 00:00:00+00:00,38419.984375,19745229902
2022-03-07 00:00:00+00:00,38062.0390625,28546143503
2022-03-08 00:00:00+00:00,38737.26953125,25776583476
2022-03-09 00:00:00+00:00,41982.92578125,32284121034
2022-03-10 00:00:00+00:00,39437.4609375,31078064711
2022-03-11 00:00:00+00:00,38794.97265625,26364890465
2022-03-12 00:00:00+00:00,38904.01171875,14616450657
2022-03-13 00:00:00+00:00,37849.6640625,17300745310
2022-03-14 00:00:00+00:00,39666.75390625,24322159070
2022-03-15 00:00:00+00:00,39338.78515625,23934000868
2022-03-16 00:00:00+00:00,41143.9296875,39616916192
2022-03-17 00:00:00+00:00,40951.37890625,22009601093
2022-03-18 00:00:00+00:00,41801.15625,34421564942
2022-03-19 00:00:00+00:00,42190.65234375,19664853187
2022-03-20 00:00:00+00:00,41247.82421875,20127946682
2022-03-21 00:00:00+00:00,41077.99609375,24615543271
2022-03-22 00:00:00+00:00,42358.80859375,32004652376
2022-03-23 00:00:00+00:00,42892.95703125,25242943069
2022-03-24 00:00:00+00:00,43960.93359375,31042992291
2022-03-25 00:00:00+00:00,44348.73046875,30574413034
2022-03-26 00:00:00+00:00,44500.828125,16950455995
2022-03-27 00:00:00+00:00,46820.4921875,28160889722
2022-03-28 00:00:00+00:00,47128.00390625,36362175703
2022-03-29 00:00:00+00:00,47465.73046875,31397059069
2022-03-30 00:00:00+00:00,47062.6640625,29333883962
2022-03-31 00:00:00+00:00,45538.67578125,33327427106
2022-04-01 00:00:00+00:00,46281.64453125,38162644287
2022-04-02 00:00:00+00:00,45868.94921875,29336594194
2022-04-03 00:00:00+00:00,46453.56640625,25414397610
2022-04-04 00:00:00+00:00,46622.67578125,32499785455
2022-04-05 00:00:00+00:00,45555.9921875,29640604055
2022-04-06 00:00:00+00:00,43206.73828125,39393395788
2022-04-07 00:00:00+00:00,43503.84765625,26101973106
2022-04-08 00:00:00+00:00,42287.6640625,27215995394
2022-04-09 00:00:00+00:00,42782.13671875,16050772496
2022-04-10 00:00:00+00:00,42207.671875,17654475582
2022-04-11 00:00:00+00:00,39521.90234375,33949912166
2022-04-12 00:00:00+00:00,40127.18359375,30991500854
2022-04-13 00:00:00+00:00,41166.73046875,27691105228
2022-04-14 00:00:00+00:00,39935.515625,24342001973
2022-04-15 00:00:00+00:00,40553.46484375,21756855753
2022-04-16 00:00:00+00:00,40424.484375,16833150693
2022-04-17 00:00:00+00:00,39716.953125,19087633042
2022-04-18 00:00:00+00:00,40826.21484375,33705182072
2022-04-19 00:00:00+00:00,41502.75,25303206547
2022-04-20 00:00:00+00:00,41374.37890625,27819532341
2022-04-21 00:00:00+00:00,40527.36328125,35372786395
2022-04-22 00:00:00+00:00,39740.3203125,28011716745
2022-04-23 00:00:00+00:00,39486.73046875,16138021249
2022-04-24 00:00:00+00:00,39469.29296875,17964398167
2022-04-25 00:00:00+00:00,40458.30859375,35445730570
2022-04-26 00:00:00+00:00,38117.4609375,34569088416
2022-04-27 00:00:00+00:00,39241.12109375,30981015184
2022-04-28 00:00:00+00:00,39773.828125,33903704907
2022-04-29 00:00:00+00:00,38609.82421875,30882994649
2022-04-30 00:00:00+00:00,37714.875,23895713731
2022-05-01 00:00:00+00:00,38469.09375,27002760110
2022-05-02 00:00:00+00:00,38529.328125,32922642426
2022-05-03 00:00:00+00:00,37750.453125,27326943244
2022-05-04 00:00:00+00:00,39698.37109375,36754404490
2022-05-05 00:00:00+00:00,36575.140625,43106256317
2022-05-06 00:00:00+00:00,36040.921875,37795577489
2022-05-07 00:00:00+00:00,35501.953125,24375896406
2022-05-08 00:00:00+00:00,34059.265625,36763041910
2022-05-09 00:00:00+00:00,30296.953125,63355494961
2022-05-10 00:00:00+00:00,31022.90625,59811038817
2022-05-11 00:00:00+00:00,28936.35546875,70388855818
2022-05-12 00:00:00+00:00,29047.751953125,66989173272
2022-05-13 00:00:00+00:00,29283.103515625,42841124537
2022-05-14 00:00:00+00:00,30101.265625,28579868620
2022-05-15 00:00:00+00:00,31305.11328125,25835372065
2022-05-16 00:00:00+00:00,29862.91796875,32613897286
2022-05-17 00:00:00+00:00,30425.857421875,29101473475
2022-05-18 00:00:00+00:00,28720.271484375,31285268319
2022-05-19 00:00:00+00:00,30314.333984375,33773447707
2022-05-20 00:00:00+00:00,29200.740234375,30749382605
2022-05-21 00:00:00+00:00,29432.2265625,17274840442
2022-05-22 00:00:00+00:00,30323.72265625,21631532270
2022-05-23 00:00:00+00:00,29098.91015625,31483454557
2022-05-24 00:00:00+00:00,29655.5859375,26616506245
2022-05-25 00:00:00+00:00,29562.361328125,27525063551
2022-05-26 00:00:00+00:00,29267.224609375,36774325352
2022-05-27 00:00:00+00:00,28627.57421875,36582005748
2022-05-28 00:00:00+00:00,28814.900390625,35519577634
2022-05-29 00:00:00+00:00,29445.95703125,18093886409
2022-05-30 00:00:00+00:00,31726.390625,39277993274
2022-05-31 00:00:00+00:00,31792.310546875,33538210634
2022-06-01 00:00:00+00:00,29799.080078125,41135817341
2022-06-02 00:00:00+00:00,30467.48828125,29083562061
2022-06-03 00:00:00+00:00,29704.390625,26175547452
2022-06-04 00:00:00+00:00,29832.9140625,16588370958
2022-06-05 00:00:00+00:00,29906.662109375,17264085441
2022-06-06 00:00:00+00:00,31370.671875,31947336829
2022-06-07 00:00:00+00:00,31155.478515625,40770974039
2022-06-08 00:00:00+00:00,30214.35546875,30242059107
2022-06-09 00:00:00+00:00,30111.998046875,21692004719
2022-06-10 00:00:00+00:00,29083.8046875,29867476527
2022-06-11 00:00:00+00:00,28360.810546875,27246574439
2022-06-12 00:00:00+00:00,26762.6484375,34163220274
2022-06-13 00:00:00+00:00,22487.388671875,68204556440
2022-06-14 00:00:00+00:00,22206.79296875,50913575242
2022-06-15 00:00:00+00:00,22572.83984375,54912007015
2022-06-16 00:00:00+00:00,20381.650390625,31183975654
2022-06-17 00:00:00+00:00,20471.482421875,27132421514
2022-06-18 00:00:00+00:00,19017.642578125,42009436760
2022-06-19 00:00:00+00:00,20553.271484375,35329942625
2022-06-20 00:00:00+00:00,20599.537109375,30818458597
2022-06-21 00:00:00+00:00,20710.59765625,28970212744
2022-06-22 00:00:00+00:00,19987.029296875,28574793478
2022-06-23 00:00:00+00:00,21085.876953125,26188097173
2022-06-24 00:00:00+00:00,21231.65625,24957784918
2022-06-25 00:00:00+00:00,21502.337890625,18372538715
2022-06-26 00:00:00+00:00,21027.294921875,18027170497
2022-06-27 00:00:00+00:00,20735.478515625,20965695707
2022-06-28 00:00:00+00:00,20280.634765625,21381535161
2022-06-29 00:00:00+00:00,20104.0234375,23552740328
2022-06-30 00:00:00+00:00,19784.7265625,26267239923
2022-07-01 00:00:00+00:00,19269.3671875,30767551159
2022-07-02 00:00:00+00:00,19242.255859375,18100418740
2022-07-03 00:00:00+00:00,19297.076171875,16390821947
2022-07-04 00:00:00+00:00,20231.26171875,21594638208
2022-07-05 00:00:00+00:00,20190.115234375,26715546990
2022-07-06 00:00:00+00:00,20548.24609375,24598943708
2022-07-07 00:00:00+00:00,21637.587890625,25814972520
2022-07-08 00:00:00+00:00,21731.1171875,49899834488
2022-07-09 00:00:00+00:00,21592.20703125,29641127858
2022-07-10 00:00:00+00:00,20860.44921875,28688807249
2022-07-11 00:00:00+00:00,19970.556640625,24150249025
2022-07-12 00:00:00+00:00,19323.9140625,25810220018
2022-07-13 00:00:00+00:00,20212.07421875,33042430345
2022-07-14 00:00:00+00:00,20569.919921875,31158743333
2022-07-15 00:00:00+00:00,20836.328125,25905575359
2022-07-16 00:00:00+00:00,21190.31640625,24302954056
2022-07-17 00:00:00+00:00,20779.34375,22927802083
2022-07-18 00:00:00+00:00,22485.689453125,39974475562
2022-07-19 00:00:00+00:00,23389.43359375,48765202697
2022-07-20 00:00:00+00:00,23231.732421875,42932549127
2022-07-21 00:00:00+00:00,23164.62890625,33631012204
2022-07-22 00:00:00+00:00,22714.978515625,31421555646
2022-07-23 00:00:00+00:00,22465.478515625,24021799169
2022-07-24 00:00:00+00:00,22609.1640625,23565495303
2022-07-25 00:00:00+00:00,21361.701171875,35574561406
2022-07-26 00:00:00+00:00,21239.75390625,28624673855
2022-07-27 00:00:00+00:00,22930.548828125,31758955233
2022-07-28 00:00:00+00:00,23843.88671875,40212386158
2022-07-29 00:00:00+00:00,23804.6328125,35887249746
2022-07-30 00:00:00+00:00,23656.20703125,28148218301
2022-07-31 00:00:00+00:00,23336.896484375,23553591896
2022-08-01 00:00:00+00:00,23314.19921875,25849159141
2022-08-02 00:00:00+00:00,22978.1171875,28389250717
2022-08-03 00:00:00+00:00,22846.5078125,26288169966
2022-08-04 00:00:00+00:00,22630.95703125,25120229769
2022-08-05 00:00:00+00:00,23289.314453125,28881249043
2022-08-06 00:00:00+00:00,22961.279296875,15978259885
2022-08-07 00:00:00+00:00,23175.890625,15886817043
2022-08-08 00:00:00+00:00,23809.486328125,28575544847
2022-08-09 00:00:00+00:00,23164.318359375,23555719219
2022-08-10 00:00:00+00:00,23947.642578125,32837431722
2022-08-11 00:00:00+00:00,23957.529296875,37127036580
2022-08-12 00:00:00+00:00,24402.818359375,27265804688
2022-08-13 00:00:00+00:00,24424.068359375,22987346289
2022-08-14 00:00:00+00:00,24319.333984375,22994133555
2022-08-15 00:00:00+00:00,24136.97265625,35123501685
2022-08-16 00:00:00+00:00,23883.291015625,27753685646
2022-08-17 00:00:00+00:00,23335.998046875,30931623076
2022-08-18 00:00:00+00:00,23212.73828125,23747613147
2022-08-19 00:00:00+00:00,20877.552734375,40509610260
2022-08-20 00:00:00+00:00,21166.060546875,27595671000
2022-08-21 00:00:00+00:00,21534.12109375,23102307723
2022-08-22 00:00:00+00:00,21398.908203125,31666498758
2022-08-23 00:00:00+00:00,21528.087890625,31878280659
2022-08-24 00:00:00+00:00,21395.01953125,31962253368
2022-08-25 00:00:00+00:00,21600.904296875,31028679593
2022-08-26 00:00:00+00:00,20260.01953125,42326789564
2022-08-27 00:00:00+00:00,20041.73828125,30116729776
2022-08-28 00:00:00+00:00,19616.814453125,24366810591
2022-08-29 00:00:00+00:00,20297.994140625,32637854078
2022-08-30 00:00:00+00:00,19796.80859375,34483360283
2022-08-31 00:00:00+00:00,20049.763671875,33225232872
2022-09-01 00:00:00+00:00,20127.140625,30182031010
2022-09-02 00:00:00+00:00,19969.771484375,29123998928
2022-09-03 00:00:00+00:00,19832.087890625,23613051457
2022-09-04 00:00:00+00:00,19986.712890625,25245861652
2022-09-05 00:00:00+00:00,19812.37109375,28813460025
2022-09-06 00:00:00+00:00,18837.66796875,43403978910
2022-09-07 00:00:00+00:00,19290.32421875,35239757134
2022-09-08 00:00:00+00:00,19329.833984375,32194477850
2022-09-09 00:00:00+00:00,21381.15234375,48469528171
2022-09-10 00:00:00+00:00,21680.5390625,36913738894
2022-09-11 00:00:00+00:00,21769.255859375,34493951963
2022-09-12 00:00:00+00:00,22370.44921875,50212088965
2022-09-13 00:00:00+00:00,20296.70703125,51091116622
2022-09-14 00:00:00+00:00,20241.08984375,37872380889
2022-09-15 00:00:00+00:00,19701.2109375,36389011503
2022-09-16 00:00:00+00:00,19772.583984375,30123362273
2022-09-17 00:00:00+00:00,20127.576171875,24957448100
2022-09-18 00:00:00+00:00,19419.505859375,31254779144
2022-09-19 00:00:00+00:00,19544.12890625,40177002624
2022-09-20 00:00:00+00:00,18890.7890625,36791346508
2022-09-21 00:00:00+00:00,18547.400390625,46363793975
2022-09-22 00:00:00+00:00,19413.55078125,41135767926
2022-09-23 00:00:00+00:00,19297.638671875,38896078052
2022-09-24 00:00:00+00:00,18937.01171875,26149643168
2022-09-25 00:00:00+00:00,18802.09765625,23359966112
2022-09-26 00:00:00+00:00,19222.671875,44148798321
2022-09-27 00:00:00+00:00,19110.546875,58571439619
2022-09-28 00:00:00+00:00,19426.720703125,53071298734
2022-09-29 00:00:00+00:00,19573.05078125,41037843771
2022-09-30 00:00:00+00:00,19431.7890625,43975248085
2022-10-01 00:00:00+00:00,19312.095703125,18719537670
2022-10-02 00:00:00+00:00,19044.107421875,20765955327
2022-10-03 00:00:00+00:00,19623.580078125,30484729489
2022-10-04 00:00:00+00:00,20336.84375,35887278685
2022-10-05 00:00:00+00:00,20160.716796875,33223790572
2022-10-06 00:00:00+00:00,19955.443359375,34711412966
2022-10-07 00:00:00+00:00,19546.849609375,29227315390
2022-10-08 00:00:00+00:00,19416.568359375,16437423167
2022-10-09 00:00:00+00:00,19446.42578125,16837262532
2022-10-10 00:00:00+00:00,19141.484375,27425022774
2022-10-11 00:00:00+00:00,19051.41796875,28711532910
2022-10-12 00:00:00+00:00,19157.4453125,24950173846
2022-10-13 00:00:00+00:00,19382.904296875,44219840004
2022-10-14 00:00:00+00:00,19185.65625,38452356727
2022-10-15 00:00:00+00:00,19067.634765625,16192235532
2022-10-16 00:00:00+00:00,19268.09375,17988916650
2022-10-17 00:00:00+00:00,19550.7578125,27472552998
2022-10-18 00:00:00+00:00,19334.416015625,30580012344
2022-10-19 00:00:00+00:00,19139.53515625,22425387184
2022-10-20 00:00:00+00:00,19053.740234375,24493974420
2022-10-21 00:00:00+00:00,19172.46875,32459287866
2022-10-22 00:00:00+00:00,19208.189453125,16104440957
2022-10-23 00:00:00+00:00,19567.0078125,22128794335
2022-10-24 00:00:00+00:00,19345.572265625,30202235805
2022-10-25 00:00:00+00:00,20095.857421875,47761524910
2022-10-26 00:00:00+00:00,20770.44140625,58895950537
2022-10-27 00:00:00+00:00,20285.8359375,49625110402
2022-10-28 00:00:00+00:00,20595.3515625,43994715910
2022-10-29 00:00:00+00:00,20818.4765625,40369840645
2022-10-30 00:00:00+00:00,20635.603515625,31486345556
2022-10-31 00:00:00+00:00,20495.7734375,45668466815
2022-11-01 00:00:00+00:00,20485.2734375,39819303159
2022-11-02 00:00:00+00:00,20159.50390625,55552169483
2022-11-03 00:00:00+00:00,20209.98828125,43228750179
2022-11-04 00:00:00+00:00,21147.23046875,64072727950
2022-11-05 00:00:00+00:00,21282.69140625,37846047609
2022-11-06 00:00:00+00:00,20926.486328125,35082693210
2022-11-07 00:00:00+00:00,20602.81640625,53510852236
2022-11-08 00:00:00+00:00,18541.271484375,118992465607
2022-11-09 00:00:00+00:00,15880.7802734375,102905151606
2022-11-10 00:00:00+00:00,17586.771484375,83202283721
2022-11-11 00:00:00+00:00,17034.29296875,55871616488
2022-11-12 00:00:00+00:00,16799.185546875,29717699419
2022-11-13 00:00:00+00:00,16353.365234375,27209183682
2022-11-14 00:00:00+00:00,16618.19921875,49630243054
2022-11-15 00:00:00+00:00,16884.61328125,36599436183
2022-11-16 00:00:00+00:00,16669.439453125,33925512989
2022-11-17 00:00:00+00:00,16687.517578125,27868914022
2022-11-18 00:00:00+00:00,16697.77734375,26862218609
2022-11-19 00:00:00+00:00,16711.546875,16106223492
2022-11-20 00:00:00+00:00,16291.83203125,21313378652
2022-11-21 00:00:00+00:00,15787.2841796875,37429485518
2022-11-22 00:00:00+00:00,16189.76953125,30726828760
2022-11-23 00:00:00+00:00,16610.70703125,32958875628
2022-11-24 00:00:00+00:00,16604.46484375,26129037414
2022-11-25 00:00:00+00:00,16521.841796875,18678255976
2022-11-26 00:00:00+00:00,16464.28125,18000008764
2022-11-27 00:00:00+00:00,16444.626953125,20443898509
2022-11-28 00:00:00+00:00,16217.322265625,27743025156
2022-11-29 00:00:00+00:00,16444.982421875,23581685468
2022-11-30 00:00:00+00:00,17168.56640625,29523576583
2022-12-01 00:00:00+00:00,16967.1328125,22895392882
2022-12-02 00:00:00+00:00,17088.66015625,19539705127
2022-12-03 00:00:00+00:00,16908.236328125,16217776704
2022-12-04 00:00:00+00:00,17130.486328125,16824520830
2022-12-05 00:00:00+00:00,16974.826171875,22209086834
2022-12-06 00:00:00+00:00,17089.50390625,19889922369
2022-12-07 00:00:00+00:00,16848.126953125,19675404389
2022-12-08 00:00:00+00:00,17233.474609375,20496603770
2022-12-09 00:00:00+00:00,17133.15234375,20328426366
2022-12-10 00:00:00+00:00,17128.724609375,12706781969
2022-12-11 00:00:00+00:00,17104.193359375,14122486832
2022-12-12 00:00:00+00:00,17206.4375,19617581341
2022-12-13 00:00:00+00:00,17781.318359375,26634741631
2022-12-14 00:00:00+00:00,17815.650390625,25534481470
2022-12-15 00:00:00+00:00,17364.865234375,20964448341
2022-12-16 00:00:00+00:00,16647.484375,24031608960
2022-12-17 00:00:00+00:00,16795.091796875,14463581825
2022-12-18 00:00:00+00:00,16757.9765625,10924354698
2022-12-19 00:00:00+00:00,16439.6796875,17221074814
2022-12-20 00:00:00+00:00,16906.3046875,22722096615
2022-12-21 00:00:00+00:00,16817.53515625,14882945045
2022-12-22 00:00:00+00:00,16830.341796875,16441573050
2022-12-23 00:00:00+00:00,16796.953125,15329265213
2022-12-24 00:00:00+00:00,16847.755859375,9744636213
2022-12-25 00:00:00+00:00,16841.986328125,11656379938
2022-12-26 00:00:00+00:00,16919.8046875,11886957804
2022-12-27 00:00:00+00:00,16717.173828125,15748580239
2022-12-28 00:00:00+00:00,16552.572265625,17005713920
2022-12-29 00:00:00+00:00,16642.341796875,14472237479
2022-12-30 00:00:00+00:00,16602.5859375,15929162910
2022-12-31 00:00:00+00:00,16547.49609375,11239186456
2023-01-01 00:00:00+00:00,16625.080078125,9244361700
2023-01-02 00:00:00+00:00,16688.470703125,12097775227
2023-01-03 00:00:00+00:00,16679.857421875,13903079207
2023-01-04 00:00:00+00:00,16863.23828125,18421743322
2023-01-05 00:00:00+00:00,16836.736328125,13692758566
2023-01-06 00:00:00+00:00,16951.96875,14413662913
2023-01-07 00:00:00+00:00,16955.078125,7714767174
2023-01-08 00:00:00+00:00,17091.14453125,9768827914
2023-01-09 00:00:00+00:00,17196.5546875,18624736866
2023-01-10 00:00:00+00:00,17446.29296875,15808338949
2023-01-11 00:00:00+00:00,17934.896484375,18372283782
2023-01-12 00:00:00+00:00,18869.587890625,34971338710
2023-01-13 00:00:00+00:00,19909.57421875,29225029694
2023-01-14 00:00:00+00:00,20976.298828125,38967784639
2023-01-15 00:00:00+00:00,20880.798828125,19298407543
2023-01-16 00:00:00+00:00,21169.6328125,26792494050
2023-01-17 00:00:00+00:00,21161.51953125,24999983362
2023-01-18 00:00:00+00:00,20688.78125,30005625418
2023-01-19 00:00:00+00:00,21086.79296875,21152848261
2023-01-20 00:00:00+00:00,22676.552734375,28799154319
2023-01-21 00:00:00+00:00,22777.625,32442278429
2023-01-22 00:00:00+00:00,22720.416015625,24746386230
2023-01-23 00:00:00+00:00,22934.431640625,26518700512
2023-01-24 00:00:00+00:00,22636.46875,26405069715
2023-01-25 00:00:00+00:00,23117.859375,30685366709
2023-01-26 00:00:00+00:00,23032.77734375,26357839322
2023-01-27 00:00:00+00:00,23078.728515625,25383335641
2023-01-28 00:00:00+00:00,23031.08984375,14712928379
2023-01-29 00:00:00+00:00,23774.56640625,27423687259
2023-01-30 00:00:00+00:00,22840.138671875,27205595568
2023-01-31 00:00:00+00:00,23139.283203125,22837828665
2023-02-01 00:00:00+00:00,23723.76953125,26683255504
2023-02-02 00:00:00+00:00,23471.87109375,32066936882
2023-02-03 00:00:00+00:00,23449.322265625,27083066007
2023-02-04 00:00:00+00:00,23331.84765625,15639298538
2023-02-05 00:00:00+00:00,22955.666015625,19564262605
2023-02-06 00:00:00+00:00,22760.109375,23825006542
2023-02-07 00:00:00+00:00,23264.291015625,27187964471
2023-02-08 00:00:00+00:00,22939.3984375,25371367758
2023-02-09 00:00:00+00:00,21819.0390625,32572572185
2023-02-10 00:00:00+00:00,21651.18359375,27078406594
2023-02-11 00:00:00+00:00,21870.875,16356226232
2023-02-12 00:00:00+00:00,21788.203125,17821046406
2023-02-13 00:00:00+00:00,21808.1015625,23918742607
2023-02-14 00:00:00+00:00,22220.8046875,26792596581
2023-02-15 00:00:00+00:00,24307.841796875,32483312909
2023-02-16 00:00:00+00:00,23623.474609375,39316664596
2023-02-17 00:00:00+00:00,24565.6015625,41358451255
2023-02-18 00:00:00+00:00,24641.27734375,19625427158
2023-02-19 00:00:00+00:00,24327.642578125,25555105670
2023-02-20 00:00:00+00:00,24829.1484375,28987376573
2023-02-21 00:00:00+00:00,24436.353515625,31252098714
2023-02-22 00:00:00+00:00,24188.84375,30199996781
2023-02-23 00:00:00+00:00,23947.4921875,30476264066
2023-02-24 00:00:00+00:00,23198.126953125,26811744928
2023-02-25 00:00:00+00:00,23175.375,16100721565
2023-02-26 00:00:00+00:00,23561.212890625,16644534842
2023-02-27 00:00:00+00:00,23522.87109375,22660763494
2023-02-28 00:00:00+00:00,23147.353515625,20535363434
2023-03-01 00:00:00+00:00,23646.55078125,24662841200
2023-03-02 00:00:00+00:00,23475.466796875,20386398516
2023-03-03 00:00:00+00:00,22362.6796875,26062404610
2023-03-04 00:00:00+00:00,22353.349609375,11166012913
2023-03-05 00:00:00+00:00,22435.513671875,13317001733
2023-03-06 00:00:00+00:00,22429.7578125,17353192895
2023-03-07 00:00:00+00:00,22219.76953125,22765452204
2023-03-08 00:00:00+00:00,21718.080078125,22536575684
2023-03-09 00:00:00+00:00,20363.021484375,30364664171
2023-03-10 00:00:00+00:00,20187.244140625,39578257695
2023-03-11 00:00:00+00:00,20632.41015625,30180288176
2023-03-12 00:00:00+00:00,22163.94921875,29279035521
2023-03-13 00:00:00+00:00,24197.533203125,49466362688
2023-03-14 00:00:00+00:00,24746.07421875,54622230164
2023-03-15 00:00:00+00:00,24375.9609375,43655701450
2023-03-16 00:00:00+00:00,25052.7890625,33866061747
2023-03-17 00:00:00+00:00,27423.9296875,50730261335
2023-03-18 00:00:00+00:00,26965.87890625,35723036817
2023-03-19 00:00:00+00:00,28038.67578125,37769448859
2023-03-20 00:00:00+00:00,27767.236328125,44774027664
2023-03-21 00:00:00+00:00,28175.81640625,36102192830
2023-03-22 00:00:00+00:00,27307.4375,33382021890
2023-03-23 00:00:00+00:00,28333.97265625,24220433689
2023-03-24 00:00:00+00:00,27493.28515625,25980310960
2023-03-25 00:00:00+00:00,27494.70703125,13383005987
2023-03-26 00:00:00+00:00,27994.330078125,13878363192
2023-03-27 00:00:00+00:00,27139.888671875,18188895178
2023-03-28 00:00:00+00:00,27268.130859375,17783600385
2023-03-29 00:00:00+00:00,28348.44140625,20684945906
2023-03-30 00:00:00+00:00,28033.5625,22435349951
2023-03-31 00:00:00+00:00,28478.484375,19001327598
2023-04-01 00:00:00+00:00,28411.03515625,10876469901
2023-04-02 00:00:00+00:00,28199.30859375,12284641999
2023-04-03 00:00:00+00:00,27790.220703125,19556501327
2023-04-04 00:00:00+00:00,28168.08984375,15284538859
2023-04-05 00:00:00+00:00,28177.984375,17052315986
2023-04-06 00:00:00+00:00,28044.140625,13837809380
2023-04-07 00:00:00+00:00,27925.859375,10861680497
2023-04-08 00:00:00+00:00,27947.794921875,9373255556
2023-04-09 00:00:00+00:00,28333.05078125,12175322951
2023-04-10 00:00:00+00:00,29652.98046875,19282400094
2023-04-11 00:00:00+00:00,30235.05859375,20121259843
2023-04-12 00:00:00+00:00,30139.052734375,18651929926
2023-04-13 00:00:00+00:00,30399.06640625,17487721001
2023-04-14 00:00:00+00:00,30485.69921875,22659995079
2023-04-15 00:00:00+00:00,30318.49609375,11940685378
2023-04-16 00:00:00+00:00,30315.35546875,12854816417
2023-04-17 00:00:00+00:00,29445.044921875,17872186762
2023-04-18 00:00:00+00:00,30397.552734375,19480529496
2023-04-19 00:00:00+00:00,28822.6796875,24571565421
2023-04-20 00:00:00+00:00,28245.98828125,21340360360
2023-04-21 00:00:00+00:00,27276.91015625,20759504330
2023-04-22 00:00:00+00:00,27817.5,13125734602
2023-04-23 00:00:00+00:00,27591.384765625,12785446832
2023-04-24 00:00:00+00:00,27525.33984375,17703288330
2023-04-25 00:00:00+00:00,28307.59765625,17733373139
2023-04-26 00:00:00+00:00,28422.701171875,31854242019
2023-04-27 00:00:00+00:00,29473.787109375,27153445027
2023-04-28 00:00:00+00:00,29340.26171875,17544464887
2023-04-29 00:00:00+00:00,29248.48828125,10662634333
2023-04-30 00:00:00+00:00,29268.806640625,14652199272
2023-05-01 00:00:00+00:00,28091.568359375,18655599976
2023-05-02 00:00:00+00:00,28680.537109375,16432924527
2023-05-03 00:00:00+00:00,29006.30859375,19122972518
2023-05-04 00:00:00+00:00,28847.7109375,15548678514
2023-05-05 00:00:00+00:00,29534.384765625,17936566518
2023-05-06 00:00:00+00:00,28904.623046875,15913866714
2023-05-07 00:00:00+00:00,28454.978515625,11301355486
2023-05-08 00:00:00+00:00,27694.2734375,19122903752
2023-05-09 00:00:00+00:00,27658.775390625,14128593256
2023-05-10 00:00:00+00:00,27621.755859375,20656025026
2023-05-11 00:00:00+00:00,27000.7890625,16724343943
2023-05-12 00:00:00+00:00,26804.990234375,19313599897
2023-05-13 00:00:00+00:00,26784.078125,9999171605
2023-05-14 00:00:00+00:00,26930.638671875,10014858959
2023-05-15 00:00:00+00:00,27192.693359375,14413231792
2023-05-16 00:00:00+00:00,27036.650390625,12732238816
2023-05-17 00:00:00+00:00,27398.802734375,15140006925
2023-05-18 00:00:00+00:00,26832.208984375,15222938600
2023-05-19 00:00:00+00:00,26890.12890625,11258983301
2023-05-20 00:00:00+00:00,27129.5859375,7044911360
2023-05-21 00:00:00+00:00,26753.826171875,8647416921
2023-05-22 00:00:00+00:00,26851.27734375,11056770492
2023-05-23 00:00:00+00:00,27225.7265625,13697203143
2023-05-24 00:00:00+00:00,26334.818359375,16299104428
2023-05-25 00:00:00+00:00,26476.20703125,13851122697
2023-05-26 00:00:00+00:00,26719.291015625,12711619225
2023-05-27 00:00:00+00:00,26868.353515625,7892015141
2023-05-28 00:00:00+00:00,28085.646484375,14545229578
2023-05-29 00:00:00+00:00,27745.884765625,15181308984
2023-05-30 00:00:00+00:00,27702.349609375,13251081851
2023-05-31 00:00:00+00:00,27219.658203125,15656371534
2023-06-01 00:00:00+00:00,26819.97265625,14678970415
2023-06-02 00:00:00+00:00,27249.58984375,14837415000
2023-06-03 00:00:00+00:00,27075.12890625,8385597470
2023-06-04 00:00:00+00:00,27119.06640625,9360912318
2023-06-05 00:00:00+00:00,25760.09765625,21513292646
2023-06-06 00:00:00+00:00,27238.783203125,21929670693
2023-06-07 00:00:00+00:00,26345.998046875,19530045082
2023-06-08 00:00:00+00:00,26508.216796875,11904824295
2023-06-09 00:00:00+00:00,26480.375,11015551640
2023-06-10 00:00:00+00:00,25851.240234375,19872933189
2023-06-11 00:00:00+00:00,25940.16796875,10732609603
2023-06-12 00:00:00+00:00,25902.5,11677889997
2023-06-13 00:00:00+00:00,25918.728515625,14143474486
2023-06-14 00:00:00+00:00,25124.67578125,14265717766
2023-06-15 00:00:00+00:00,25576.39453125,15837384409
2023-06-16 00:00:00+00:00,26327.462890625,16324646965
2023-06-17 00:00:00+00:00,26510.67578125,11090276850
2023-06-18 00:00:00+00:00,26336.212890625,9565695129
2023-06-19 00:00:00+00:00,26851.029296875,12826986222
2023-06-20 00:00:00+00:00,28327.48828125,22211859147
2023-06-21 00:00:00+00:00,30027.296875,33346760979
2023-06-22 00:00:00+00:00,29912.28125,20653160491
2023-06-23 00:00:00+00:00,30695.46875,24115570085
2023-06-24 00:00:00+00:00,30548.6953125,12147822496
2023-06-25 00:00:00+00:00,30480.26171875,12703464114
2023-06-26 00:00:00+00:00,30271.130859375,16493186997
2023-06-27 00:00:00+00:00,30688.1640625,16428827944
2023-06-28 00:00:00+00:00,30086.24609375,14571500779
2023-06-29 00:00:00+00:00,30445.3515625,13180860821
2023-06-30 00:00:00+00:00,30477.251953125,26387306197
2023-07-01 00:00:00+00:00,30590.078125,9086606733
2023-07-02 00:00:00+00:00,30620.76953125,10533418042
2023-07-03 00:00:00+00:00,31156.439453125,15271884873
2023-07-04 00:00:00+00:00,30777.58203125,12810828427
2023-07-05 00:00:00+00:00,30514.166015625,12481622280
2023-07-06 00:00:00+00:00,29909.337890625,21129219509
2023-07-07 00:00:00+00:00,30342.265625,13384770155
2023-07-08 00:00:00+00:00,30292.541015625,7509378699
2023-07-09 00:00:00+00:00,30171.234375,7903327692
2023-07-10 00:00:00+00:00,30414.470703125,14828209155
2023-07-11 00:00:00+00:00,30620.951171875,12151839152
2023-07-12 00:00:00+00:00,30391.646484375,14805659717
2023-07-13 00:00:00+00:00,31476.048828125,23686079548
2023-07-14 00:00:00+00:00,30334.068359375,20917902660
2023-07-15 00:00:00+00:00,30295.806640625,8011667756
2023-07-16 00:00:00+00:00,30249.1328125,8516564470
2023-07-17 00:00:00+00:00,30145.888671875,13240156074
2023-07-18 00:00:00+00:00,29856.5625,13138897269
2023-07-19 00:00:00+00:00,29913.923828125,12128602812
2023-07-20 00:00:00+00:00,29792.015625,14655207121
2023-07-21 00:00:00+00:00,29908.744140625,10972789818
2023-07-22 00:00:00+00:00,29771.802734375,7873300598
2023-07-23 00:00:00+00:00,30084.5390625,9220145050
2023-07-24 00:00:00+00:00,29176.916015625,15395817395
2023-07-25 00:00:00+00:00,29227.390625,10266772793
2023-07-26 00:00:00+00:00,29354.97265625,13497554655
2023-07-27 00:00:00+00:00,29210.689453125,10770779217
2023-07-28 00:00:00+00:00,29319.24609375,11218474952
2023-07-29 00:00:00+00:00,29356.91796875,6481775959
2023-07-30 00:00:00+00:00,29275.30859375,8678454527
2023-07-31 00:00:00+00:00,29230.111328125,11656781982
2023-08-01 00:00:00+00:00,29675.732421875,18272392391
2023-08-02 00:00:00+00:00,29151.958984375,19212655598
2023-08-03 00:00:00+00:00,29178.6796875,12780357746
2023-08-04 00:00:00+00:00,29074.091796875,12036639988
2023-08-05 00:00:00+00:00,29042.126953125,6598366353
2023-08-06 00:00:00+00:00,29041.85546875,7269806994
2023-08-07 00:00:00+00:00,29180.578125,13618163710
2023-08-08 00:00:00+00:00,29765.4921875,17570561357
2023-08-09 00:00:00+00:00,29561.494140625,18379521213
2023-08-10 00:00:00+00:00,29429.591796875,11865344789
2023-08-11 00:00:00+00:00,29397.71484375,10195168197
2023-08-12 00:00:00+00:00,29415.96484375,6194358008
2023-08-13 00:00:00+00:00,29282.9140625,7329897180
2023-08-14 00:00:00+00:00,29408.443359375,14013695304
2023-08-15 00:00:00+00:00,29170.34765625,12640195779
2023-08-16 00:00:00+00:00,28701.779296875,14949271904
2023-08-17 00:00:00+00:00,26664.55078125,31120851211
2023-08-18 00:00:00+00:00,26049.556640625,24026236529
2023-08-19 00:00:00+00:00,26096.205078125,10631443812
2023-08-20 00:00:00+00:00,26189.583984375,9036580420
2023-08-21 00:00:00+00:00,26124.140625,13371557893
2023-08-22 00:00:00+00:00,26031.65625,14503820706
2023-08-23 00:00:00+00:00,26431.640625,16985265785
2023-08-24 00:00:00+00:00,26162.373046875,12871532023
2023-08-25 00:00:00+00:00,26047.66796875,12406045118
2023-08-26 00:00:00+00:00,26008.462890625,6034817316
2023-08-27 00:00:00+00:00,26089.693359375,6913768611
2023-08-28 00:00:00+00:00,26106.150390625,11002805166
2023-08-29 00:00:00+00:00,27727.392578125,29368391712
2023-08-30 00:00:00+00:00,27297.265625,16343655235
2023-08-31 00:00:00+00:00,25931.47265625,20181001451
2023-09-01 00:00:00+00:00,25800.724609375,17202862221
2023-09-02 00:00:00+00:00,25868.798828125,10100387473
2023-09-03 00:00:00+00:00,25969.56640625,8962524523
2023-09-04 00:00:00+00:00,25812.416015625,10680635106
2023-09-05 00:00:00+00:00,25779.982421875,11094740040
2023-09-06 00:00:00+00:00,25753.236328125,12752705327
2023-09-07 00:00:00+00:00,26240.1953125,11088307100
2023-09-08 00:00:00+00:00,25905.654296875,10817356400
2023-09-09 00:00:00+00:00,25895.677734375,5481314132
2023-09-10 00:00:00+00:00,25832.2265625,7899553047
2023-09-11 00:00:00+00:00,25162.654296875,14600006467
2023-09-12 00:00:00+00:00,25833.34375,18657279324
2023-09-13 00:00:00+00:00,26228.32421875,13072077070
2023-09-14 00:00:00+00:00,26539.673828125,13811359124
2023-09-15 00:00:00+00:00,26608.693359375,11479735788
2023-09-16 00:00:00+00:00,26568.28125,7402031417
2023-09-17 00:00:00+00:00,26534.1875,6774210670
2023-09-18 00:00:00+00:00,26754.28125,15615339655
2023-09-19 00:00:00+00:00,27211.1171875,13807690550
2023-09-20 00:00:00+00:00,27132.0078125,13281116604
2023-09-21 00:00:00+00:00,26567.6328125,13371443708
2023-09-22 00:00:00+00:00,26579.568359375,10578746709
2023-09-23 00:00:00+00:00,26579.390625,7404700301
2023-09-24 00:00:00+00:00,26256.826171875,8192867686
2023-09-25 00:00:00+00:00,26298.48046875,11997833257
2023-09-26 00:00:00+00:00,26217.25,9985498161
2023-09-27 00:00:00+00:00,26352.716796875,11718380997
2023-09-28 00:00:00+00:00,27021.546875,14079002707
2023-09-29 00:00:00+00:00,26911.720703125,10396435377
2023-09-30 00:00:00+00:00,26967.916015625,5331172801
2023-10-01 00:00:00+00:00,27983.75,9503917434
2023-10-02 00:00:00+00:00,27530.78515625,19793041322
2023-10-03 00:00:00+00:00,27429.978515625,11407814187
2023-10-04 00:00:00+00:00,27799.39453125,11143355314
2023-10-05 00:00:00+00:00,27415.912109375,11877253670
2023-10-06 00:00:00+00:00,27946.59765625,13492391599
2023-10-07 00:00:00+00:00,27968.83984375,6553044316
2023-10-08 00:00:00+00:00,27935.08984375,7916875290
2023-10-09 00:00:00+00:00,27583.677734375,12007668568
2023-10-10 00:00:00+00:00,27391.01953125,9973350678
2023-10-11 00:00:00+00:00,26873.3203125,13648094333
2023-10-12 00:00:00+00:00,26756.798828125,9392909295
2023-10-13 00:00:00+00:00,26862.375,15165312851
2023-10-14 00:00:00+00:00,26861.70703125,5388116782
2023-10-15 00:00:00+00:00,27159.65234375,7098201980
2023-10-16 00:00:00+00:00,28519.466796875,27833876539
2023-10-17 00:00:00+00:00,28415.748046875,14872527508
2023-10-18 00:00:00+00:00,28328.341796875,12724128586
2023-10-19 00:00:00+00:00,28719.806640625,14448058195
2023-10-20 00:00:00+00:00,29682.94921875,21536125230
2023-10-21 00:00:00+00:00,29918.412109375,11541146996
2023-10-22 00:00:00+00:00,29993.896484375,10446520040
2023-10-23 00:00:00+00:00,33086.234375,38363572311
2023-10-24 00:00:00+00:00,33901.52734375,44934999645
2023-10-25 00:00:00+00:00,34502.8203125,25254318008
2023-10-26 00:00:00+00:00,34156.6484375,19427195376
2023-10-27 00:00:00+00:00,33909.80078125,16418032871
2023-10-28 00:00:00+00:00,34089.57421875,10160330825
2023-10-29 00:00:00+00:00,34538.48046875,11160323986
2023-10-30 00:00:00+00:00,34502.36328125,17184860315
2023-10-31 00:00:00+00:00,34667.78125,15758270810
2023-11-01 00:00:00+00:00,35437.25390625,22446272005
2023-11-02 00:00:00+00:00,34938.2421875,20998158544
2023-11-03 00:00:00+00:00,34732.32421875,17158456701
2023-11-04 00:00:00+00:00,35082.1953125,9561294264
2023-11-05 00:00:00+00:00,35049.35546875,12412743996
2023-11-06 00:00:00+00:00,35037.37109375,12693436420
2023-11-07 00:00:00+00:00,35443.5625,18834737789
2023-11-08 00:00:00+00:00,35655.27734375,17295394918
2023-11-09 00:00:00+00:00,36693.125,37762672382
2023-11-10 00:00:00+00:00,37313.96875,22711265155
2023-11-11 00:00:00+00:00,37138.05078125,13924272142
2023-11-12 00:00:00+00:00,37054.51953125,11545715999
2023-11-13 00:00:00+00:00,36502.35546875,19057712790
2023-11-14 00:00:00+00:00,35537.640625,23857403554
2023-11-15 00:00:00+00:00,37880.58203125,27365821679
2023-11-16 00:00:00+00:00,36154.76953125,26007385366
2023-11-17 00:00:00+00:00,36596.68359375,22445028430
2023-11-18 00:00:00+00:00,36585.703125,11886022717
2023-11-19 00:00:00+00:00,37386.546875,12915986553
2023-11-20 00:00:00+00:00,37476.95703125,20888209068
2023-11-21 00:00:00+00:00,35813.8125,25172163756
2023-11-22 00:00:00+00:00,37432.33984375,24397247860
2023-11-23 00:00:00+00:00,37289.62109375,14214948217
2023-11-24 00:00:00+00:00,37720.28125,22922957823
2023-11-25 00:00:00+00:00,37796.79296875,9099571165
2023-11-26 00:00:00+00:00,37479.12109375,13744796068
2023-11-27 00:00:00+00:00,37254.16796875,19002925720
2023-11-28 00:00:00+00:00,37831.0859375,21696137014
2023-11-29 00:00:00+00:00,37858.4921875,20728546658
2023-11-30 00:00:00+00:00,37712.74609375,18115982627
2023-12-01 00:00:00+00:00,38688.75,23512784002
2023-12-02 00:00:00+00:00,39476.33203125,15534035612
2023-12-03 00:00:00+00:00,39978.390625,15769696322
2023-12-04 00:00:00+00:00,41980.09765625,39856129827
2023-12-05 00:00:00+00:00,44080.6484375,36312154535
2023-12-06 00:00:00+00:00,43746.4453125,29909761586
2023-12-07 00:00:00+00:00,43292.6640625,27635760671
2023-12-08 00:00:00+00:00,44166.6015625,24421116687
2023-12-09 00:00:00+00:00,43725.984375,17368210171
2023-12-10 00:00:00+00:00,43779.69921875,13000481418
2023-12-11 00:00:00+00:00,41243.83203125,40632672038
2023-12-12 00:00:00+00:00,41450.22265625,24779520132
2023-12-13 00:00:00+00:00,42890.7421875,26797884674
2023-12-14 00:00:00+00:00,43023.97265625,25578530178
2023-12-15 00:00:00+00:00,41929.7578125,19639442462
2023-12-16 00:00:00+00:00,42240.1171875,14386729590
2023-12-17 00:00:00+00:00,41364.6640625,16678702876
2023-12-18 00:00:00+00:00,42623.5390625,25224642008
2023-12-19 00:00:00+00:00,42270.52734375,23171001281
2023-12-20 00:00:00+00:00,43652.25,27868908174
2023-12-21 00:00:00+00:00,43869.15234375,22452766169
2023-12-22 00:00:00+00:00,43997.90234375,21028503216
2023-12-23 00:00:00+00:00,43739.54296875,13507796558
2023-12-24 00:00:00+00:00,43016.1171875,18830554085
2023-12-25 00:00:00+00:00,43613.140625,21115795370
2023-12-26 00:00:00+00:00,42520.40234375,30026850982
2023-12-27 00:00:00+00:00,43442.85546875,25260941032
2023-12-28 00:00:00+00:00,42627.85546875,22992093014
2023-12-29 00:00:00+00:00,42099.40234375,26000021055
2023-12-30 00:00:00+00:00,42156.90234375,16013925945
2023-12-31 00:00:00+00:00,42265.1875,16397498810
2024-01-01 00:00:00+00:00,44167.33203125,18426978443
2024-01-02 00:00:00+00:00,44957.96875,39335274536
2024-01-03 00:00:00+00:00,42848.17578125,46342323118
2024-01-04 00:00:00+00:00,44179.921875,30448091210
2024-01-05 00:00:00+00:00,44162.69140625,32336029347
2024-01-06 00:00:00+00:00,43989.1953125,16092503468
2024-01-07 00:00:00+00:00,43943.09765625,19330573863
2024-01-08 00:00:00+00:00,46970.50390625,42746192015
2024-01-09 00:00:00+00:00,46139.73046875,39821290992
2024-01-10 00:00:00+00:00,46627.77734375,50114613298
2024-01-11 00:00:00+00:00,46368.5859375,45833734549
2024-01-12 00:00:00+00:00,42853.16796875,43332698900
2024-01-13 00:00:00+00:00,42842.3828125,20601860469
2024-01-14 00:00:00+00:00,41796.26953125,17521429522
2024-01-15 00:00:00+00:00,42511.96875,22320220558
2024-01-16 00:00:00+00:00,43154.9453125,24062872740
2024-01-17 00:00:00+00:00,42742.65234375,20851232595
2024-01-18 00:00:00+00:00,41262.05859375,25218357242
2024-01-19 00:00:00+00:00,41618.40625,25752407154
2024-01-20 00:00:00+00:00,41665.5859375,11586690904
2024-01-21 00:00:00+00:00,41545.78515625,9344043642
2024-01-22 00:00:00+00:00,39507.3671875,31338708143
2024-01-23 00:00:00+00:00,39845.55078125,29244553045
2024-01-24 00:00:00+00:00,40077.07421875,22359526178
2024-01-25 00:00:00+00:00,39933.80859375,18491782013
2024-01-26 00:00:00+00:00,41816.87109375,25598119893
2024-01-27 00:00:00+00:00,42120.0546875,11422941934
2024-01-28 00:00:00+00:00,42035.59375,16858971687
2024-01-29 00:00:00+00:00,43288.24609375,20668476578
2024-01-30 00:00:00+00:00,42952.609375,23842814518
2024-01-31 00:00:00+00:00,42582.60546875,24673628793
2024-02-01 00:00:00+00:00,43075.7734375,21423953779
2024-02-02 00:00:00+00:00,43185.859375,18603843039
2024-02-03 00:00:00+00:00,42992.25,11169245236
2024-02-04 00:00:00+00:00,42583.58203125,14802225490
2024-02-05 00:00:00+00:00,42658.66796875,18715487317
2024-02-06 00:00:00+00:00,43084.671875,16798476726
2024-02-07 00:00:00+00:00,44318.22265625,21126587775
2024-02-08 00:00:00+00:00,45301.56640625,26154524080
2024-02-09 00:00:00+00:00,47147.19921875,39316770844
2024-02-10 00:00:00+00:00,47771.27734375,16398681570
2024-02-11 00:00:00+00:00,48293.91796875,19315867136
2024-02-12 00:00:00+00:00,49958.22265625,34511985805
2024-02-13 00:00:00+00:00,49742.44140625,35593051468
2024-02-14 00:00:00+00:00,51826.6953125,39105608050
2024-02-15 00:00:00+00:00,51938.5546875,38564360533
2024-02-16 00:00:00+00:00,52160.203125,28180567298
2024-02-17 00:00:00+00:00,51662.99609375,20009091006
2024-02-18 00:00:00+00:00,52122.546875,17595377311
2024-02-19 00:00:00+00:00,51779.14453125,21362184346
2024-02-20 00:00:00+00:00,52284.875,33353758256
2024-02-21 00:00:00+00:00,51839.1796875,28624907020
2024-02-22 00:00:00+00:00,51304.97265625,25413900611
2024-02-23 00:00:00+00:00,50731.94921875,21427078270
2024-02-24 00:00:00+00:00,51571.1015625,15174077879
2024-02-25 00:00:00+00:00,51733.23828125,15413239245
2024-02-26 00:00:00+00:00,54522.40234375,34074411896
2024-02-27 00:00:00+00:00,57085.37109375,49756832031
2024-02-28 00:00:00+00:00,62504.7890625,83239156760
2024-02-29 00:00:00+00:00,61198.3828125,65496611844
2024-03-01 00:00:00+00:00,62440.6328125,40186368423
2024-03-02 00:00:00+00:00,62029.84765625,23888473685
2024-03-03 00:00:00+00:00,63167.37109375,26253811450
2024-03-04 00:00:00+00:00,68330.4140625,70670471105
2024-03-05 00:00:00+00:00,63801.19921875,102802940877
2024-03-06 00:00:00+00:00,66106.8046875,68750229073
2024-03-07 00:00:00+00:00,66925.484375,46989543159
2024-03-08 00:00:00+00:00,68300.09375,59202881172
2024-03-09 00:00:00+00:00,68498.8828125,21609650379
2024-03-10 00:00:00+00:00,69019.7890625,35683977532
2024-03-11 00:00:00+00:00,72123.90625,65716656765
2024-03-12 00:00:00+00:00,71481.2890625,62554434520
2024-03-13 00:00:00+00:00,73083.5,48212536929
2024-03-14 00:00:00+00:00,71396.59375,59594605698
2024-03-15 00:00:00+00:00,69403.7734375,78320453976
2024-03-16 00:00:00+00:00,65315.1171875,46842198371
2024-03-17 00:00:00+00:00,68390.625,44716864318
2024-03-18 00:00:00+00:00,67548.59375,49261579492
2024-03-19 00:00:00+00:00,61912.7734375,74215844794
2024-03-20 00:00:00+00:00,67913.671875,66792634382
2024-03-21 00:00:00+00:00,65491.390625,44480350565
2024-03-22 00:00:00+00:00,63778.76171875,41401116964
2024-03-23 00:00:00+00:00,64062.203125,24738964812
2024-03-24 00:00:00+00:00,67234.171875,27206630673
2024-03-25 00:00:00+00:00,69958.8125,42700139523
2024-03-26 00:00:00+00:00,69987.8359375,36010437368
2024-03-27 00:00:00+00:00,69455.34375,40827113309
2024-03-28 00:00:00+00:00,70744.953125,34374900617
2024-03-29 00:00:00+00:00,69892.828125,25230851763
2024-03-30 00:00:00+00:00,69645.3046875,17130241883
2024-03-31 00:00:00+00:00,71333.6484375,20050941373
2024-04-01 00:00:00+00:00,69702.1484375,34873527352
2024-04-02 00:00:00+00:00,65446.97265625,50705240709
2024-04-03 00:00:00+00:00,65980.8125,34488018367
2024-04-04 00:00:00+00:00,68508.84375,34439527442
2024-04-05 00:00:00+00:00,67837.640625,33748230056
2024-04-06 00:00:00+00:00,68896.109375,19967785809
2024-04-07 00:00:00+00:00,69362.5546875,21204930369
2024-04-08 00:00:00+00:00,71631.359375,37261432669
2024-04-09 00:00:00+00:00,69139.015625,36426900409
2024-04-10 00:00:00+00:00,70587.8828125,38318601774
2024-04-11 00:00:00+00:00,70236.4609375,34385801216
