,delta_30d,delta_90d,period,surplus_buffer
0,52271732.380081534,-16001514.724631729,2024-03-21 00:00:00+00:00,46221726.29412851
1,52720064.252211146,-15733900.998588627,2024-03-20 00:00:00+00:00,46587588.91665734
2,74342616.64130415,-16769602.05606605,2024-03-19 00:00:00+00:00,46876134.91928943
3,74766083.20537399,-14805925.670041906,2024-03-18 00:00:00+00:00,47172545.34494909
4,101243056.004994,-5693850.309277515,2024-03-17 00:00:00+00:00,49662241.057946034
5,100804919.2230996,-5226284.584871781,2024-03-16 00:00:00+00:00,50024571.286045544
6,98599204.98930976,-6277915.942239617,2024-03-15 00:00:00+00:00,50096004.29259873
7,101180788.17321946,4195113.745403955,2024-03-14 00:00:00+00:00,50424578.507642925
8,97995080.64777556,3259580.4696717695,2024-03-13 00:00:00+00:00,50601739.41178146
9,99059016.72984567,2606884.712318894,2024-03-12 00:00:00+00:00,50903338.89355192
10,108267753.31610379,2794583.638628639,2024-03-11 00:00:00+00:00,51302389.827494025
11,104709112.41757007,2333560.0675339885,2024-03-10 00:00:00+00:00,51461455.416924104
12,123238309.94576249,3341080.5078887944,2024-03-09 00:00:00+00:00,51702754.132272385
13,124152653.78782706,3258284.416823547,2024-03-08 00:00:00+00:00,52038092.664417036
14,109670146.37737115,-2329925.9028383303,2024-03-07 00:00:00+00:00,51024738.38082685
15,106519457.67100485,-2849750.302644805,2024-03-06 00:00:00+00:00,51277038.31922053
16,90484610.50627232,-9516664.510705288,2024-03-05 00:00:00+00:00,50247666.60832491
17,90543321.97594637,-9808020.454292553,2024-03-04 00:00:00+00:00,50556690.43931324
18,111660538.30570626,-3492555.4454679876,2024-03-03 00:00:00+00:00,50888838.8931405
19,108971437.4620923,-5929197.664941079,2024-03-02 00:00:00+00:00,51321087.274885066
20,111452701.61719611,-4889495.251710557,2024-03-01 00:00:00+00:00,52127553.44634747
21,111920396.5363275,-5713109.071245496,2024-02-29 00:00:00+00:00,52460602.117572695
22,113054666.49041022,-7267920.223623593,2024-02-28 00:00:00+00:00,52746089.1135177
23,102109779.24811177,-1828623.7719701694,2024-02-27 00:00:00+00:00,52044707.02579249
24,103339711.70800014,-2302232.6528694825,2024-02-26 00:00:00+00:00,52401415.67471932
25,102027740.30096379,-4277225.008055492,2024-02-25 00:00:00+00:00,52668606.07954676
26,101720022.1419553,-5638940.083920009,2024-02-24 00:00:00+00:00,52865105.33267059
27,100221947.87200116,-6611132.119237311,2024-02-23 00:00:00+00:00,53168340.49588891
28,98959112.34813575,-8128829.340708336,2024-02-22 00:00:00+00:00,53434052.86636034
29,-46156870.21064223,-57848632.86125062,2024-02-21 00:00:00+00:00,41707032.61929108
30,-47698578.681077905,-59252263.61270552,2024-02-20 00:00:00+00:00,41925419.5231629
31,-47521170.44148573,-60110270.25879212,2024-02-19 00:00:00+00:00,42254432.95072218
32,-41445741.51483944,-77613982.03065293,2024-02-18 00:00:00+00:00,40765782.8665795
33,-42710540.46596998,-78737337.41363047,2024-02-17 00:00:00+00:00,41027387.82121972
34,-40019867.98840383,-79420010.91127186,2024-02-16 00:00:00+00:00,41340893.989042416
35,-5214440.780510217,-80490338.94311257,2024-02-15 00:00:00+00:00,41739235.45948941
36,-1538408.1291693202,-78727555.653055,2024-02-14 00:00:00+00:00,41991960.04690204
37,60557.08490266279,-20445129.93390155,2024-02-13 00:00:00+00:00,42108349.34272078
38,-50025181.936606556,-18759877.445060607,2024-02-12 00:00:00+00:00,42547349.22155333
39,-50915430.155824095,-17699399.80836621,2024-02-11 00:00:00+00:00,42761501.90205776
40,-59192422.75568511,-20238394.809983574,2024-02-10 00:00:00+00:00,42403670.37685536
41,-57677009.92673342,-20550744.556273468,2024-02-09 00:00:00+00:00,42855226.99904163
42,-76314552.47884884,-27952248.393320397,2024-02-08 00:00:00+00:00,41573577.9723467
43,-77282016.03059617,-29498803.293813914,2024-02-07 00:00:00+00:00,41833764.95582851
44,-48569735.43737459,-25225126.24091728,2024-02-06 00:00:00+00:00,42010753.74707032
45,-47396642.46710181,-25513351.073362373,2024-02-05 00:00:00+00:00,42522014.401055746
46,-47767160.6891064,-25676378.236927263,2024-02-04 00:00:00+00:00,42810575.33383677
47,-20165758.434896752,-18494139.321157828,2024-02-03 00:00:00+00:00,43114773.56457792
48,-40587394.44508344,-25452122.033537198,2024-02-02 00:00:00+00:00,41711260.402260534
49,-41946889.98328024,-17838451.459493905,2024-02-01 00:00:00+00:00,42364530.77115145
50,-37966337.993919194,-15710323.271224802,2024-01-31 00:00:00+00:00,42967057.42301628
51,-38313768.93911234,-17137930.310802348,2024-01-30 00:00:00+00:00,43261665.415956736
52,-52872554.43776,-16537931.797716867,2024-01-29 00:00:00+00:00,43453924.74444289
53,-54457968.37097881,-16078890.516943097,2024-01-28 00:00:00+00:00,43652122.43005727
54,-54275064.37093405,-17846913.49542436,2024-01-27 00:00:00+00:00,43907740.7398152
55,-52641346.25781206,-19414438.639580768,2024-01-26 00:00:00+00:00,44282764.41097439
56,-53050705.118751206,-20796736.41598744,2024-01-25 00:00:00+00:00,44504555.567578375
57,-50985191.15185261,-22537130.69948185,2024-01-24 00:00:00+00:00,44930920.12284772
58,-50938605.80688342,-23047425.380559575,2024-01-23 00:00:00+00:00,45300427.19391082
59,-52321001.395478725,-9477503.0831824,2024-01-22 00:00:00+00:00,45500747.979069896
60,-52577697.87289882,-12053692.95917367,2024-01-21 00:00:00+00:00,45845850.64763506
61,-52400596.8064913,-7868753.738433943,2024-01-20 00:00:00+00:00,46160282.576049775
62,-83205681.29466285,-16277318.250424482,2024-01-19 00:00:00+00:00,44172282.169169046
63,-76473319.74952973,-14818794.941022562,2024-01-18 00:00:00+00:00,44537843.201984376
64,-78304738.94442272,-16714701.118155481,2024-01-17 00:00:00+00:00,44630198.20726739
65,-111269332.19720471,-29731253.786357768,2024-01-16 00:00:00+00:00,42167819.63322998
66,-115894544.6868593,-26600720.905601922,2024-01-15 00:00:00+00:00,42118404.55066938
67,-88656004.02191027,-28766649.04551665,2024-01-14 00:00:00+00:00,42103372.04807124
68,-38191157.302153684,-12811830.804236555,2024-01-13 00:00:00+00:00,46659008.01086346
69,-40322932.437064886,-14688505.914845446,2024-01-12 00:00:00+00:00,46946331.77787892
70,-40691579.64453275,-15834611.21498375,2024-01-11 00:00:00+00:00,47268801.01430893
71,-40031422.288234696,-21288227.527944345,2024-01-10 00:00:00+00:00,47595803.15740328
72,-36900515.943247266,-22640395.642955005,2024-01-09 00:00:00+00:00,47846006.94321099
73,-37095784.50676026,-4333949.206422722,2024-01-08 00:00:00+00:00,48185711.47889121
74,-68090188.64851154,-7006657.992778919,2024-01-07 00:00:00+00:00,46002786.79671755
75,-67672066.11183745,-5958104.786742311,2024-01-06 00:00:00+00:00,46417628.85040658
76,-71267443.34928179,-4624064.487368332,2024-01-05 00:00:00+00:00,46736643.33568113
77,-99801624.90392727,-13425235.724248428,2024-01-04 00:00:00+00:00,44772233.1619667
78,-81550810.1970268,-16295251.257271158,2024-01-03 00:00:00+00:00,45047210.63062356
79,-84812140.47363529,-15621554.582591988,2024-01-02 00:00:00+00:00,45812220.35881832
80,-88154849.3784086,-8729776.56578603,2024-01-01 00:00:00+00:00,46087578.35402334
81,-90745954.81095165,-7787840.40389668,2023-12-31 00:00:00+00:00,46410742.31506186
82,-81985872.72352102,-2416259.8937672074,2023-12-30 00:00:00+00:00,47799614.150286175
83,-53137682.19304348,-2011923.5866068632,2023-12-29 00:00:00+00:00,48128119.830411695
84,-55971345.29567454,-1214538.0595529187,2023-12-28 00:00:00+00:00,48368704.93468649
85,-62218069.0673182,2057.5786514216,2023-12-27 00:00:00+00:00,48609450.40476716
86,-65586137.27496412,893059.7594100328,2023-12-26 00:00:00+00:00,48864887.49514697
87,-69070153.07786047,1929578.2059058612,2023-12-25 00:00:00+00:00,49121483.779164374
88,-72406994.56337735,5128938.870208154,2023-12-24 00:00:00+00:00,49487161.917764254
89,-75068026.9776309,6024815.797041842,2023-12-23 00:00:00+00:00,49801104.25815034
90,-77480514.28413986,7565544.4005689565,2023-12-22 00:00:00+00:00,50167305.26732537
91,-80409043.5283993,8229761.663464704,2023-12-21 00:00:00+00:00,50467180.943706594
92,-108190523.28245647,9978506.72802405,2023-12-20 00:00:00+00:00,51011105.28927832
93,-117028152.0253917,8990083.665462973,2023-12-19 00:00:00+00:00,50823321.53756216
94,-119935425.80098903,8521242.506596439,2023-12-18 00:00:00+00:00,51066204.14790487
95,-124987243.85162279,9733919.942903155,2023-12-17 00:00:00+00:00,51313244.19738379
96,-118749714.1431364,10832144.209107567,2023-12-16 00:00:00+00:00,51643983.56602768
97,27260057.135302965,672852.123141263,2023-12-15 00:00:00+00:00,49390166.899187155
98,31936706.903578416,1762554.5972485177,2023-12-14 00:00:00+00:00,49798007.24117746
99,38140163.16779035,3282892.0802007024,2023-12-13 00:00:00+00:00,50260545.402843155
100,39168817.97026714,4429491.5295047,2023-12-12 00:00:00+00:00,50613314.40974998
101,36056198.54614771,5236315.385053141,2023-12-11 00:00:00+00:00,50886057.044107504
102,29358323.24213492,2487160.106012109,2023-12-10 00:00:00+00:00,50878926.06183405
103,25881390.655914675,1554249.8671507281,2023-12-09 00:00:00+00:00,51234680.06848794
104,40984545.3631343,185644.8977906108,2023-12-08 00:00:00+00:00,51599240.658239044
105,38528655.35885215,8083004.696230614,2023-12-07 00:00:00+00:00,51979716.476037055
106,42005469.32760639,12776761.272382297,2023-12-06 00:00:00+00:00,52594241.419183746
107,64484965.37535054,13978444.259600056,2023-12-05 00:00:00+00:00,52975106.44174154
108,45781838.541498646,8741839.59746648,2023-12-04 00:00:00+00:00,51750016.9481874
109,73243676.0784338,11146972.92923937,2023-12-03 00:00:00+00:00,52783081.21966506
110,78990217.55865338,13475450.86920186,2023-12-02 00:00:00+00:00,53333182.41252267
111,77645932.81765695,9275164.695315205,2023-12-01 00:00:00+00:00,53869313.943359256
112,85244631.76813042,9224304.613102812,2023-11-30 00:00:00+00:00,54538179.031671464
113,59358979.013193004,-2102313.1518434966,2023-11-29 00:00:00+00:00,52495600.55860705
114,56705669.1803355,-3829289.970417286,2023-11-28 00:00:00+00:00,52969089.47953645
115,56616099.406387955,-2971356.269975394,2023-11-27 00:00:00+00:00,53723264.300711125
116,56246633.14575302,-3220909.777669334,2023-11-26 00:00:00+00:00,54255528.91500703
117,52443952.13126753,-3040773.431198194,2023-11-25 00:00:00+00:00,54798482.66227619
118,54203324.22858205,-2675754.337173182,2023-11-24 00:00:00+00:00,55438421.74489116
119,98956519.12356241,27528275.397926297,2023-11-23 00:00:00+00:00,55971079.07822959
120,93897133.27951767,29784986.179350205,2023-11-22 00:00:00+00:00,56535566.71533687
121,109203379.11958878,29288355.30439121,2023-11-21 00:00:00+00:00,57076143.42549284
122,142564249.8258459,37966179.64134522,2023-11-20 00:00:00+00:00,59903477.06591858
123,149045086.95185372,36225661.690581284,2023-11-19 00:00:00+00:00,60442073.75882723
124,148096061.39094532,35911371.390298575,2023-11-18 00:00:00+00:00,60923910.37812315
125,147062814.6897542,36032178.83318035,2023-11-17 00:00:00+00:00,61586168.349571966
126,154842096.11318994,32576753.302174367,2023-11-16 00:00:00+00:00,61404234.04354574
127,-24904000.249942653,-27447207.256992493,2023-11-15 00:00:00+00:00,47149614.25792938
128,-32181042.014134392,-29076483.895035055,2023-11-14 00:00:00+00:00,47173072.427184716
129,-41882748.47526181,-31989080.47779225,2023-11-13 00:00:00+00:00,47125737.47124395
130,-45981071.97068563,-33696699.937286355,2023-11-12 00:00:00+00:00,47393959.508084185
131,-59889458.841746055,-34891200.880300865,2023-11-11 00:00:00+00:00,47922533.87593098
132,-60378994.22775266,-35162987.116704695,2023-11-10 00:00:00+00:00,48465913.19261748
133,-1787453.7684225861,-35654127.650495365,2023-11-09 00:00:00+00:00,49107442.48033057
134,6085669.307040487,-39292969.37485787,2023-11-08 00:00:00+00:00,48230647.88866636
135,11269096.392758373,-39962226.98806236,2023-11-07 00:00:00+00:00,48812977.67941907
136,15389780.559570407,-41020316.455727145,2023-11-06 00:00:00+00:00,49141737.09088733
137,-4959047.644168562,-49254852.691648245,2023-11-05 00:00:00+00:00,47674972.30130177
138,-13116782.116285311,-50050106.99119299,2023-11-04 00:00:00+00:00,47987126.10916012
139,-35296199.352574475,-64853151.0592372,2023-11-03 00:00:00+00:00,46763053.04883488
140,-17024697.877602886,-66504294.10767571,2023-11-02 00:00:00+00:00,46840835.76386623
141,-10263499.21839534,-67418184.50315467,2023-11-01 00:00:00+00:00,47487456.45149704
142,-10507538.725911021,-61516994.19842174,2023-10-31 00:00:00+00:00,47531770.9411402
143,-12257067.579970108,-63365377.08147389,2023-10-30 00:00:00+00:00,47616780.36574187
144,-4377938.063319723,-62204898.34952521,2023-10-29 00:00:00+00:00,48308349.546906136
145,5608142.396884511,-61881249.00359636,2023-10-28 00:00:00+00:00,49069886.267309375
146,12018683.40744121,-61053335.32793601,2023-10-27 00:00:00+00:00,49632517.97152048
147,22414935.56431052,-59029967.848645456,2023-10-26 00:00:00+00:00,50488020.8432679
148,33590486.945419766,-58796605.51372174,2023-10-25 00:00:00+00:00,50983354.0000762
149,-5814044.754805997,-72199785.22286548,2023-10-24 00:00:00+00:00,47837666.54752583
150,6280014.206329063,-70311321.88357499,2023-10-23 00:00:00+00:00,48817994.117020346
151,-4105050.600795368,-77227613.90840767,2023-10-22 00:00:00+00:00,48100523.2238828
152,-4438206.35931724,-78219225.99879496,2023-10-21 00:00:00+00:00,48185867.49119152
153,-5046683.930073122,-79896431.91381203,2023-10-20 00:00:00+00:00,48191792.63949679
154,-2596908.070166968,-79400543.19308092,2023-10-19 00:00:00+00:00,48751631.35968929
155,7126188.990578047,-78061147.68299219,2023-10-18 00:00:00+00:00,49498813.71753737
156,-3595949.342730844,-83572642.1666331,2023-10-17 00:00:00+00:00,48677486.4178041
157,-337500.51593652123,-83031369.98324856,2023-10-16 00:00:00+00:00,49196518.38806165
158,5531998.902301531,-82142213.8482195,2023-10-15 00:00:00+00:00,49818089.57903138
159,13591261.548073562,-78474105.21784243,2023-10-14 00:00:00+00:00,50568155.15414218
160,20100728.588932596,-75756485.39006667,2023-10-13 00:00:00+00:00,51173225.69745561
161,39542206.450757764,-68834310.98771311,2023-10-12 00:00:00+00:00,52844955.15059504
162,38482151.303654075,-65985381.20697193,2023-10-11 00:00:00+00:00,53428570.25243277
163,-19431187.286039907,-83188466.73458672,2023-10-10 00:00:00+00:00,49254356.48869407
164,-46513279.97680296,-89993090.28146513,2023-10-09 00:00:00+00:00,47730455.89082742
165,-25548737.662918683,-93067840.03924297,2023-10-08 00:00:00+00:00,47886750.57864441
166,-19064966.070029907,-92648078.36962117,2023-10-07 00:00:00+00:00,47876823.62023771
167,-17590584.952381812,-91446492.85320337,2023-10-06 00:00:00+00:00,48082565.25835672
168,-6439537.632813892,-87114526.76014481,2023-10-05 00:00:00+00:00,49065217.78995069
169,-4506557.938141213,-83224190.76225586,2023-10-04 00:00:00+00:00,49664110.5298684
170,-21539167.073444918,-89445019.17377593,2023-10-03 00:00:00+00:00,48240126.00038154
171,-39556939.513316,-89419697.77531002,2023-10-02 00:00:00+00:00,48331031.729721315
172,-47064179.20291096,-91330345.82417732,2023-10-01 00:00:00+00:00,48395404.26107809
173,-53408850.88875338,-90890094.5550988,2023-09-30 00:00:00+00:00,48624210.57779421
174,-63815601.02826764,-90419908.14696242,2023-09-29 00:00:00+00:00,48668180.07265844
175,-71138310.61319865,-90236930.51881674,2023-09-28 00:00:00+00:00,48608943.05660654
176,-77928045.88620223,-88816107.19769827,2023-09-27 00:00:00+00:00,48644680.979128055
177,-83981207.98917264,-88497153.09841214,2023-09-26 00:00:00+00:00,48645697.37222868
178,-95821074.18552136,-90735701.30159527,2023-09-25 00:00:00+00:00,48222492.059356764
179,-10557648.174977532,-89607320.67750926,2023-09-24 00:00:00+00:00,48315533.239701666
180,-10822188.947796123,-89685172.09165369,2023-09-23 00:00:00+00:00,48301828.56581522
181,-17233262.605619773,-88582984.00673132,2023-09-22 00:00:00+00:00,48437924.64312626
182,-24227504.54249298,-87952158.71478997,2023-09-21 00:00:00+00:00,48550651.575518966
183,-35321417.95003676,-87293263.44208567,2023-09-20 00:00:00+00:00,48606588.57895485
184,-37765039.14988262,-82131554.49598034,2023-09-19 00:00:00+00:00,48965075.85860712
185,-46092467.18079119,-82375276.82214014,2023-09-18 00:00:00+00:00,48913099.55392822
186,-53515886.863935985,-81617332.60558859,2023-09-17 00:00:00+00:00,48973043.89802855
187,-57100121.005098306,-82192241.84255303,2023-09-16 00:00:00+00:00,49224258.15649479
188,-60580408.5732723,-81372679.7771771,2023-09-15 00:00:00+00:00,49363404.73774632
189,-67675754.50618851,-80964826.07634166,2023-09-14 00:00:00+00:00,49451065.16388956
190,-75209756.43010604,-79165766.41303675,2023-09-13 00:00:00+00:00,49521111.0189132
191,-84326350.2499143,-78669676.08221026,2023-09-12 00:00:00+00:00,49594910.78477933
192,-83592118.4260155,-73379125.20205411,2023-09-11 00:00:00+00:00,50265653.70692696
193,-85743741.8970236,-70619789.06545477,2023-09-10 00:00:00+00:00,50851440.3752179
194,-77451297.45481116,-67455194.4910586,2023-09-09 00:00:00+00:00,51553465.203989305
195,-105607039.69402674,-73707829.88428824,2023-09-08 00:00:00+00:00,49986646.8249117
196,-119385763.85672192,-76761909.37462737,2023-09-07 00:00:00+00:00,49443807.132842906
197,-125214925.47839434,-76231994.0339692,2023-09-06 00:00:00+00:00,49528366.76129221
198,-130594001.22447975,-75795298.15543878,2023-09-05 00:00:00+00:00,49594494.85566142
199,-154756695.88699588,-73675759.3225635,2023-09-04 00:00:00+00:00,50034512.55218138
200,-160949017.3719793,-73570548.68723403,2023-09-03 00:00:00+00:00,50010468.49956879
201,-152434114.77775267,-66842644.84612178,2023-09-02 00:00:00+00:00,51582287.032185644
202,-126979264.66644323,-63878799.02353057,2023-09-01 00:00:00+00:00,52263692.96268721
203,-124430212.77569817,-60790930.532834284,2023-08-31 00:00:00+00:00,53013979.14399312
204,-118421155.9569883,-56713469.717207834,2023-08-30 00:00:00+00:00,53913297.96539277
205,-120113578.79447494,-55187840.67377114,2023-08-29 00:00:00+00:00,54455927.49056807
206,-117250643.50504704,-53615218.950145185,2023-08-28 00:00:00+00:00,55049725.84648714
207,-115523631.12107424,-56843791.79538492,2023-08-27 00:00:00+00:00,55548262.41243465
208,-114159229.30106361,-55909125.10754763,2023-08-26 00:00:00+00:00,56098196.78693386
209,-200227662.7388129,-83688060.34852695,2023-08-25 00:00:00+00:00,49183285.14449434
210,-206391790.9092579,-83564458.77510676,2023-08-24 00:00:00+00:00,49191323.54782586
211,-210344528.51880786,-80365579.14575376,2023-08-23 00:00:00+00:00,49854357.18605391
212,-205991967.0945747,-77807757.25647728,2023-08-22 00:00:00+00:00,50541953.31873757
213,-199321193.86132622,-74203876.01348771,2023-08-21 00:00:00+00:00,51509718.82142363
214,-197839682.35919315,-72039088.27918336,2023-08-20 00:00:00+00:00,52069051.67914542
215,-195217164.85876343,-69157425.75489779,2023-08-19 00:00:00+00:00,52701521.51399325
216,-193606090.29323247,-66151682.05650116,2023-08-18 00:00:00+00:00,53371609.94163973
217,-191656488.42871085,-63805152.53635297,2023-08-17 00:00:00+00:00,53917418.78705081
218,-191378231.87368774,-62391777.83239122,2023-08-16 00:00:00+00:00,54342616.40130295
219,-181337822.6954123,-60539739.61696734,2023-08-15 00:00:00+00:00,55013455.94522012
220,-172160428.32902658,-58611775.43621545,2023-08-14 00:00:00+00:00,55702734.8350863
221,-161718789.1639828,-54536497.35899447,2023-08-13 00:00:00+00:00,56525843.68203256
222,-152846176.49855438,-51905248.25560841,2023-08-12 00:00:00+00:00,57136238.78303782
223,-144390471.02069667,-48684991.68001616,2023-08-11 00:00:00+00:00,57898871.216069154
224,-146014693.41278127,-48523691.83296802,2023-08-10 00:00:00+00:00,57919325.2687683
225,-148047742.76078346,-45064263.801281534,2023-08-09 00:00:00+00:00,58666677.48469472
226,-139493505.1821117,-42473148.85092746,2023-08-08 00:00:00+00:00,59256335.66901183
227,-131533968.12883396,-41338647.16397074,2023-08-07 00:00:00+00:00,59820004.47184517
228,-124310041.42314078,-39117303.96852169,2023-08-06 00:00:00+00:00,60328248.38096113
229,-90409318.46163048,-28958092.794292506,2023-08-05 00:00:00+00:00,62754240.98124953
230,-85846873.0759036,-26817166.43595776,2023-08-04 00:00:00+00:00,63239154.858909555
231,-76268039.03486142,-23559470.4484156,2023-08-03 00:00:00+00:00,64111118.38378175
232,-99947593.60317779,-29560241.93073386,2023-08-02 00:00:00+00:00,62700344.8530798
233,-94831220.00084487,-27239998.08501954,2023-08-01 00:00:00+00:00,63241119.9200779
234,-89022967.45563133,-25357999.92579176,2023-07-31 00:00:00+00:00,63646543.6604877
235,-79458902.14877662,-23336220.979705058,2023-07-30 00:00:00+00:00,64328276.43257971
236,-71269632.20184553,-21942684.589909885,2023-07-29 00:00:00+00:00,64686765.03868279
237,-65986620.18498951,-24211163.693312224,2023-07-28 00:00:00+00:00,65043355.38129007
238,-62226800.418200806,-22302559.057403307,2023-07-27 00:00:00+00:00,65481147.14044594
239,-58036651.11873735,-22699467.602057416,2023-07-26 00:00:00+00:00,65640353.31480773
240,-51841536.417907044,-19626486.85602399,2023-07-25 00:00:00+00:00,66155032.38968267
241,-38171160.89576632,-18297661.527056195,2023-07-24 00:00:00+00:00,67142948.5711614
242,-33637004.50730227,-16623247.586139381,2023-07-23 00:00:00+00:00,67472799.92925055
243,-27237178.51489402,-9569566.107500965,2023-07-22 00:00:00+00:00,67892282.70043674
244,-10789941.978865199,-7658832.953770134,2023-07-21 00:00:00+00:00,68329847.48949006
245,-5816198.426865809,-5878084.5892700935,2023-07-20 00:00:00+00:00,68746767.94074093
246,2269979.340402697,-3972378.580209877,2023-07-19 00:00:00+00:00,69284439.28080952
247,2179883.9061500505,-2281515.355492312,2023-07-18 00:00:00+00:00,69670006.87708184
248,7840601.115428744,-589674.54745116,2023-07-17 00:00:00+00:00,70072334.08955126
249,6119098.972575891,-1696948.3450421393,2023-07-16 00:00:00+00:00,69917934.52292524
250,9872885.520022396,-1804403.9577065797,2023-07-15 00:00:00+00:00,69852907.02651314
251,10036111.167266322,-1824830.5124627738,2023-07-14 00:00:00+00:00,69817798.95578457
252,16300919.318407513,-2197014.990593027,2023-07-13 00:00:00+00:00,69698938.22127517
253,18274845.721355945,151769.77778295428,2023-07-12 00:00:00+00:00,69766581.16297573
254,21100407.39441661,887525.747612238,2023-07-11 00:00:00+00:00,69920532.94653115
255,32531292.801945493,4774715.229627346,2023-07-10 00:00:00+00:00,70834985.1088687
256,28593540.914951544,4436633.775449602,2023-07-09 00:00:00+00:00,70721555.27302101
257,28052911.50532074,3942382.8467530506,2023-07-08 00:00:00+00:00,70631015.55092742
258,27518148.181304205,3658762.374807467,2023-07-07 00:00:00+00:00,70545512.05957544
259,24138736.380935907,2401595.225220454,2023-07-06 00:00:00+00:00,70185143.86850683
260,26084244.38618077,2528556.9371777764,2023-07-05 00:00:00+00:00,70295062.23501122
261,28174219.274248738,-2072167.8968902254,2023-07-04 00:00:00+00:00,70379724.33185256
262,35290461.199029274,242687.19387144846,2023-07-03 00:00:00+00:00,70915215.5601903
263,36888641.17804017,901102.4702913695,2023-07-02 00:00:00+00:00,71035466.7694624
264,37303714.260996126,724126.4147092517,2023-07-01 00:00:00+00:00,70963499.88971767
265,34008958.92193813,-2812542.1699565947,2023-06-30 00:00:00+00:00,70859145.10234217
266,27674618.85645699,-3977857.5183806447,2023-06-29 00:00:00+00:00,70544543.02787557
267,10978875.919909002,-4530711.69839663,2023-06-28 00:00:00+00:00,70466913.20471387
268,8658654.396621538,-3869307.583890964,2023-06-27 00:00:00+00:00,70595678.68166792
269,7200132.811969356,-3264322.305209341,2023-06-26 00:00:00+00:00,70410489.0231971
270,7539951.001844701,-7443154.006070859,2023-06-25 00:00:00+00:00,70415980.58841476
271,7418951.9773129,-7848474.178055798,2023-06-24 00:00:00+00:00,70280304.26122439
272,6205699.832445109,-7781179.403737333,2023-06-23 00:00:00+00:00,70237485.2312206
273,3946744.335757104,-8209953.331192873,2023-06-22 00:00:00+00:00,70130954.90714036
274,-7487640.499491687,-11110433.31551793,2023-06-21 00:00:00+00:00,69216692.03569816
275,-6438913.979064149,-10938655.245024346,2023-06-20 00:00:00+00:00,69224811.64705867
276,-7118935.216673677,-11137182.601167742,2023-06-19 00:00:00+00:00,69097865.63639286
277,-1938853.0864981264,-9355328.094029712,2023-06-18 00:00:00+00:00,69490838.33685033
278,-3637702.7389146783,-10000946.20214955,2023-06-17 00:00:00+00:00,69427901.12115985
279,-6400495.128065619,-9946290.767633095,2023-06-16 00:00:00+00:00,69414994.88134366
280,-13547783.49964217,-11329649.884958712,2023-06-15 00:00:00+00:00,69041436.98377158
281,-11926814.080266906,-12112873.640288612,2023-06-14 00:00:00+00:00,68992913.10642022
282,-19170487.58667836,-13415975.15223292,2023-06-13 00:00:00+00:00,68359136.63346085
283,-19939349.740707766,-13504912.287450498,2023-06-12 00:00:00+00:00,68264539.04889168
284,-20656789.48053941,-13693407.613545645,2023-06-11 00:00:00+00:00,68186252.88671608
285,-19676341.445006628,-16858169.94564288,2023-06-10 00:00:00+00:00,68161180.22103757
286,-16519482.285622219,-15777616.197321406,2023-06-09 00:00:00+00:00,68371401.22521678
287,-20534884.868399005,-21736176.966804575,2023-06-08 00:00:00+00:00,68325296.79706544
288,-20560018.66372851,-19435338.307891037,2023-06-07 00:00:00+00:00,68283746.45563263
289,-20603696.302182943,-19666395.460744895,2023-06-06 00:00:00+00:00,68201138.1385669
290,-20688870.618150458,-19623354.353599813,2023-06-05 00:00:00+00:00,68151151.73751691
291,-22584591.584634118,-19882685.759898704,2023-06-04 00:00:00+00:00,68064035.07643485
292,-24023593.388053086,-24078380.713061564,2023-06-03 00:00:00+00:00,68014629.7082153
293,-23777415.432253934,-24012819.005749576,2023-06-02 00:00:00+00:00,68003523.65893856
294,-24354746.58274008,-24086399.69387288,2023-06-01 00:00:00+00:00,67897441.18333443
295,-24558719.712276675,-23098335.50908358,2023-05-31 00:00:00+00:00,68063888.20464863
296,-22233040.424341105,-22212684.676918,2023-05-30 00:00:00+00:00,68269916.82049555
297,-17625746.814856175,-16794084.912200745,2023-05-29 00:00:00+00:00,69564539.84143367
298,-13339531.15063065,-16301598.505192501,2023-05-28 00:00:00+00:00,69884008.45728807
299,-17261884.49940425,-18901771.024783522,2023-05-27 00:00:00+00:00,69818697.28522702
300,-14577875.152009625,-18751061.67676767,2023-05-26 00:00:00+00:00,69796258.58826314
301,-24140775.662715167,-19531475.511452522,2023-05-25 00:00:00+00:00,69670527.38637675
302,-22438438.08356098,-21778350.183747813,2023-05-24 00:00:00+00:00,69727427.71074566
303,-5418264.143365974,-21314781.044097602,2023-05-23 00:00:00+00:00,69806564.96173567
304,-4698916.382953514,-21093638.68320078,2023-05-22 00:00:00+00:00,69832114.5425057
305,-5379141.361880323,-21957122.879604492,2023-05-21 00:00:00+00:00,69754037.45355709
306,-7068179.864358651,-22798466.18308543,2023-05-20 00:00:00+00:00,69682983.59940714
307,-7085576.8861288605,-22802042.623462167,2023-05-19 00:00:00+00:00,69650196.12478168
308,-5971922.018867545,-22340165.723610688,2023-05-18 00:00:00+00:00,69726890.38737202
309,-4809448.87963669,-21374627.495376036,2023-05-17 00:00:00+00:00,69941062.97406138
310,-1738313.8934999679,-21132171.367660243,2023-05-16 00:00:00+00:00,70154953.43579696
311,-3583788.6243877388,-21482042.654933516,2023-05-15 00:00:00+00:00,69973199.19520928
312,-3721476.703508233,-21516078.421250682,2023-05-14 00:00:00+00:00,69934793.14743441
313,2119813.352700685,-18991225.338080972,2023-05-13 00:00:00+00:00,69903389.7125115
314,2218959.328959512,-18946300.740695663,2023-05-12 00:00:00+00:00,69884071.20018508
315,1469194.3319431718,-19564385.887220435,2023-05-11 00:00:00+00:00,69778413.76446277
316,1235842.6970194776,-19671517.016877554,2023-05-10 00:00:00+00:00,69729166.89252819
317,4309121.903337414,-18370991.32514565,2023-05-09 00:00:00+00:00,70013095.5533722
318,4018157.606846705,-18334050.997982856,2023-05-08 00:00:00+00:00,69973611.00333634
319,3669745.596908395,-21780051.6277293,2023-05-07 00:00:00+00:00,69894592.62915727
320,2190297.043503014,-21772014.851830177,2023-05-06 00:00:00+00:00,69851606.85681695
321,-11806131.3802853,-21391478.04941616,2023-05-05 00:00:00+00:00,69920302.87791163
322,-10538806.229361845,-20992022.80971607,2023-05-04 00:00:00+00:00,69989171.63052103
323,-10407918.334912132,-21355182.31096366,2023-05-03 00:00:00+00:00,69957831.77665806
324,-10776588.434128286,-18424429.75981615,2023-05-02 00:00:00+00:00,69899201.17643635
325,-17887865.719531234,-17507249.40490679,2023-05-01 00:00:00+00:00,70082413.11250699
326,-17375150.987257816,-17265531.17563946,2023-04-30 00:00:00+00:00,70097290.00605783
327,-6945264.200242718,-14632049.762260508,2023-04-29 00:00:00+00:00,71013231.36046295
328,-6927045.997663778,-15562745.781081036,2023-04-28 00:00:00+00:00,70980408.27788785
329,268784.7718068758,-14431982.930352189,2023-04-27 00:00:00+00:00,71237482.31257531
330,-15291537.86804765,-15282598.467251124,2023-04-26 00:00:00+00:00,70994440.1076064
331,-6823598.848765125,-12777429.050236229,2023-04-25 00:00:00+00:00,71654700.72851773
332,-7110799.960096129,-15555516.039813083,2023-04-24 00:00:00+00:00,71571682.89569588
333,-23158340.18596975,-20740491.892246947,2023-04-23 00:00:00+00:00,70251901.74064246
334,-21144743.064108588,-20767661.292769138,2023-04-22 00:00:00+00:00,70218326.84795393
335,-20997910.39412857,-20766309.361439764,2023-04-21 00:00:00+00:00,70196158.66138287
336,-19224432.722470902,-20379128.873273354,2023-04-20 00:00:00+00:00,70263929.8896284
337,-19041554.309462145,-20893848.54620194,2023-04-19 00:00:00+00:00,70232572.30720323
338,-20393213.848666426,-20860238.241508454,2023-04-18 00:00:00+00:00,70217733.29303236
339,-18628928.295196977,-20615180.965411004,2023-04-17 00:00:00+00:00,70336360.1422507
340,-18702852.261734,-20677988.909808375,2023-04-16 00:00:00+00:00,70297828.5503312
341,-20828018.216211192,-18557534.541927833,2023-04-15 00:00:00+00:00,70267757.16433704
342,-17355961.16651217,-18565811.466289543,2023-04-14 00:00:00+00:00,70240667.94498304
343,-22695200.47434442,-20968706.963377364,2023-04-13 00:00:00+00:00,69729158.47804295
344,-22642392.689057034,-20485653.68608075,2023-04-12 00:00:00+00:00,69701690.98136649
345,-32367362.723865185,-20526162.750417583,2023-04-11 00:00:00+00:00,69657658.06594689
346,-32049209.00336148,-19015263.421213195,2023-04-10 00:00:00+00:00,69627590.7804444
347,-48982767.93535214,-18803950.970868923,2023-04-09 00:00:00+00:00,69658921.15035817
348,-41764153.86679131,-18731609.71212117,2023-04-08 00:00:00+00:00,69643351.47400647
349,-42065235.67696014,-18784221.155608404,2023-04-07 00:00:00+00:00,69592969.70338398
350,-40371489.486151986,-18396136.779556435,2023-04-06 00:00:00+00:00,69671582.44228245
351,-25257334.314776696,-13728498.760051016,2023-04-05 00:00:00+00:00,70890669.8406748
352,-37672742.52176976,-13625686.513201378,2023-04-04 00:00:00+00:00,70855374.8822494
353,-37853123.250082664,-13634945.369186921,2023-04-03 00:00:00+00:00,70813277.11925358
354,-37127864.06475028,-16737498.192430263,2023-04-02 00:00:00+00:00,70784948.17102224
355,-26848421.095442824,-13548814.511793263,2023-04-01 00:00:00+00:00,71552648.6510986
356,-27029862.61915508,-13567637.20751541,2023-03-31 00:00:00+00:00,71525384.60775025
357,-25811243.721503336,-13188482.631697208,2023-03-30 00:00:00+00:00,71584074.99335961
358,-28638218.36728308,-13192401.524786448,2023-03-29 00:00:00+00:00,71549754.52427118
359,-39712213.346753195,-15362787.764708446,2023-03-28 00:00:00+00:00,71215390.41352269
360,-26383772.010245737,-10987865.838418432,2023-03-27 00:00:00+00:00,72251278.83648703
361,-27630052.02287728,-11211009.968793128,2023-03-26 00:00:00+00:00,72215544.46951212
362,-35785812.50758633,-11332382.018018007,2023-03-25 00:00:00+00:00,72156132.2074846
363,-35367738.80295709,-7618445.383618216,2023-03-24 00:00:00+00:00,72155326.9614071
364,-37437256.60254023,-9158145.614534372,2023-03-23 00:00:00+00:00,71956250.93541491
