,dsr_balance,dsr_rate,dt,non_dsr_balance,total_balance
0,1397531998.1647382,0.15000000408865777,2024-03-20T00:00:00Z,3199702554.6457787,4597234552.810549
1,1399485314.9602666,0.15000000408865777,2024-03-19T00:00:00Z,3233738686.218289,4633224001.178588
2,1440743920.8418806,0.15000000408865777,2024-03-18T00:00:00Z,3232821336.7887425,4673565257.630655
3,1405341920.905117,0.15000000408865777,2024-03-17T00:00:00Z,3221952227.3490868,4627294148.254236
4,1362199521.7071016,0.15000000408865777,2024-03-16T00:00:00Z,3256091829.5573025,4618291351.264436
5,1344551141.7939942,0.15000000408865777,2024-03-15T00:00:00Z,3269310474.2813973,4613861616.075424
6,1335394397.292539,0.15000000408865777,2024-03-14T00:00:00Z,3189842822.7694764,4525237220.062048
7,1307354707.97207,0.15000000408865777,2024-03-13T00:00:00Z,3213227969.118901,4520582677.091003
8,1307756928.6076977,0.15000000408865777,2024-03-12T00:00:00Z,3195499245.584106,4503256174.191836
9,1280371139.7825227,0.15000000408865777,2024-03-11T00:00:00Z,3227297009.9081645,4507668149.69072
10,1242841576.5105033,0.15000000408865777,2024-03-10T00:00:00Z,3268167079.065123,4511008655.575659
11,1148119501.9771593,0.05000000082842315,2024-03-09T00:00:00Z,3189518934.2044067,4337638436.181599
12,1154512078.5373757,0.05000000082842315,2024-03-08T00:00:00Z,3182053005.074499,4336565083.611907
13,1160033043.156272,0.05000000082842315,2024-03-07T00:00:00Z,3227819874.1902804,4387852917.346585
14,1361016691.0222552,0.05000000082842315,2024-03-06T00:00:00Z,3394835439.554074,4755852130.576362
15,1494824645.809434,0.05000000082842315,2024-03-05T00:00:00Z,3209432457.358511,4704257103.167977
16,1517187402.0664434,0.05000000082842315,2024-03-04T00:00:00Z,3388027333.720255,4905214735.786731
17,1509378306.8209143,0.05000000082842315,2024-03-03T00:00:00Z,3421947818.0440764,4931326124.865023
18,1517219664.4912357,0.05000000082842315,2024-03-02T00:00:00Z,3405616080.123738,4922835744.615006
19,1481714930.5196266,0.05000000082842315,2024-03-01T00:00:00Z,3464210906.8304935,4945925837.350153
20,1299397910.3518631,0.05000000082842315,2024-02-29T00:00:00Z,3626365452.1351748,4925763362.487071
21,1322436828.0513062,0.05000000082842315,2024-02-28T00:00:00Z,3599697781.1882453,4922134609.239584
22,1219798661.7410214,0.05000000082842315,2024-02-27T00:00:00Z,3684239781.808948,4904038443.550002
23,1179362938.2828484,0.05000000082842315,2024-02-26T00:00:00Z,3714261356.723662,4893624295.006543
24,1175846917.6770856,0.05000000082842315,2024-02-25T00:00:00Z,3697317390.41311,4873164308.090228
25,1173190144.2868247,0.05000000082842315,2024-02-24T00:00:00Z,3695294901.404919,4868485045.691776
26,1177139115.2037685,0.05000000082842315,2024-02-23T00:00:00Z,3677052235.8010006,4854191351.004802
27,1177569264.4226236,0.05000000082842315,2024-02-22T00:00:00Z,3657469883.39216,4835039147.814816
28,1175506321.4990985,0.05000000082842315,2024-02-21T00:00:00Z,3684400434.796484,4859906756.295616
29,1168592366.8719685,0.05000000082842315,2024-02-20T00:00:00Z,3689410765.9597254,4858003132.831727
30,1188071747.8780875,0.05000000082842315,2024-02-19T00:00:00Z,3709325995.2956233,4897397743.173744
31,1166133255.8133,0.05000000082842315,2024-02-18T00:00:00Z,3685753721.812608,4851886977.625941
32,1166900215.4771116,0.05000000082842315,2024-02-17T00:00:00Z,3677271124.553135,4844171340.03028
33,1156514103.8711245,0.05000000082842315,2024-02-16T00:00:00Z,3665057535.9083457,4821571639.779504
34,1149046676.6091053,0.05000000082842315,2024-02-15T00:00:00Z,3687812224.4035482,4836858901.012688
35,1150090576.0346565,0.05000000082842315,2024-02-14T00:00:00Z,3656801653.4364853,4806892229.471175
36,1158735192.92407,0.05000000082842315,2024-02-13T00:00:00Z,3652402861.780328,4811138054.704432
37,1159312149.2888985,0.05000000082842315,2024-02-12T00:00:00Z,3658859752.283011,4818171901.571942
38,1163530842.3319116,0.05000000082842315,2024-02-11T00:00:00Z,3689135044.9266677,4852665887.258613
39,1164671574.2093775,0.05000000082842315,2024-02-10T00:00:00Z,3672696670.439736,4837368244.649147
40,1168764050.644521,0.05000000082842315,2024-02-09T00:00:00Z,3653421797.370857,4822185848.015411
41,1166284179.2349398,0.05000000082842315,2024-02-08T00:00:00Z,3635076330.9603744,4801360510.195348
42,1166439321.8787766,0.05000000082842315,2024-02-07T00:00:00Z,3635878727.974095,4802318049.852904
43,1165578385.0436096,0.05000000082842315,2024-02-06T00:00:00Z,3643729509.220043,4809307894.263686
44,1165730254.8483086,0.05000000082842315,2024-02-05T00:00:00Z,3625049556.6173716,4790779811.465713
45,1158125299.681843,0.05000000082842315,2024-02-04T00:00:00Z,3660387799.475599,4818513099.157475
46,1158390411.1369538,0.05000000082842315,2024-02-03T00:00:00Z,3660013058.5467362,4818403469.683723
47,1158491346.5138931,0.05000000082842315,2024-02-02T00:00:00Z,3655180528.6275864,4813671875.141512
48,1156842031.0090003,0.05000000082842315,2024-02-01T00:00:00Z,3668500518.877006,4825342549.886039
49,1155046337.6728187,0.05000000082842315,2024-01-31T00:00:00Z,3673630422.146572,4828676759.819424
50,1189564988.5907285,0.05000000082842315,2024-01-30T00:00:00Z,3875660795.7324023,5065225784.323163
51,1440655388.4091055,0.05000000082842315,2024-01-29T00:00:00Z,3712586158.0291705,5153241546.438309
52,1430397845.2703526,0.05000000082842315,2024-01-28T00:00:00Z,3735430846.422862,5165828691.693247
53,1425571823.7239761,0.05000000082842315,2024-01-27T00:00:00Z,3738745517.313669,5164317341.037679
54,1424520643.363523,0.05000000082842315,2024-01-26T00:00:00Z,3739727805.042877,5164248448.406433
55,1420854323.6709826,0.05000000082842315,2024-01-25T00:00:00Z,3732684519.3896866,5153538843.060702
56,1415254227.093084,0.05000000082842315,2024-01-24T00:00:00Z,3712638943.2931514,5127893170.386268
57,1412575569.6152194,0.05000000082842315,2024-01-23T00:00:00Z,3691475622.8275886,5104051192.442841
58,1403631005.7384443,0.05000000082842315,2024-01-22T00:00:00Z,3680768718.9194846,5084399724.657963
59,1414710345.809278,0.05000000082842315,2024-01-21T00:00:00Z,3690147120.2255955,5104857466.034907
60,1414966499.6490846,0.05000000082842315,2024-01-20T00:00:00Z,3693704894.3469944,5108671393.996113
61,1419991837.8483906,0.05000000082842315,2024-01-19T00:00:00Z,3737268821.6616793,5157260659.510104
62,1434744378.049604,0.05000000082842315,2024-01-18T00:00:00Z,3685925764.591786,5120670142.641424
63,1433422742.0615747,0.05000000082842315,2024-01-17T00:00:00Z,3697240241.2613916,5130662983.323001
64,1443935888.3038564,0.05000000082842315,2024-01-16T00:00:00Z,3695674873.130692,5139610761.434583
65,1442147389.591293,0.05000000082842315,2024-01-15T00:00:00Z,3699601580.450151,5141748970.041478
66,1465316087.9896986,0.05000000082842315,2024-01-14T00:00:00Z,3697019988.4457884,5162336076.435521
67,1463568210.9422176,0.05000000082842315,2024-01-13T00:00:00Z,3723446299.1862864,5187014510.128539
68,1469135419.5106366,0.05000000082842315,2024-01-12T00:00:00Z,3714508692.6183314,5183644112.129003
69,1490265314.4845028,0.05000000082842315,2024-01-11T00:00:00Z,3741673240.75463,5231938555.239168
70,1466756100.5137353,0.05000000082842315,2024-01-10T00:00:00Z,3776744569.5873237,5243500670.101094
71,1465984069.9084656,0.05000000082842315,2024-01-09T00:00:00Z,3767209808.1543317,5233193878.062833
72,1454045611.1808372,0.05000000082842315,2024-01-08T00:00:00Z,3781401729.9584837,5235447341.139357
73,1446041841.7482312,0.05000000082842315,2024-01-07T00:00:00Z,3766418021.638016,5212459863.386283
74,1446971030.534904,0.05000000082842315,2024-01-06T00:00:00Z,3756055150.8283353,5203026181.363276
75,1443220273.8660965,0.05000000082842315,2024-01-05T00:00:00Z,3760341737.860215,5203562011.726348
76,1468589169.8121152,0.05000000082842315,2024-01-04T00:00:00Z,3751224807.3180046,5219813977.1301565
77,1474798912.1527636,0.05000000082842315,2024-01-03T00:00:00Z,3755805739.925508,5230604652.078308
78,1478419898.4635978,0.05000000082842315,2024-01-02T00:00:00Z,3743247007.554479,5221666906.018113
79,1481761316.7440047,0.05000000082842315,2024-01-01T00:00:00Z,3715927694.9012623,5197689011.645303
80,1465943819.5539489,0.05000000082842315,2023-12-31T00:00:00Z,3698603397.9204416,5164547217.474426
81,1473524721.6034818,0.05000000082842315,2023-12-30T00:00:00Z,3716135116.6757445,5189659838.279263
82,1473321215.843949,0.05000000082842315,2023-12-29T00:00:00Z,3727691581.1024847,5201012796.94647
83,1476760013.0287716,0.05000000082842315,2023-12-28T00:00:00Z,3725784569.2881794,5202544582.316987
84,1496209674.7765396,0.05000000082842315,2023-12-27T00:00:00Z,3736303151.644386,5232512826.420962
85,1510514816.8372388,0.05000000082842315,2023-12-26T00:00:00Z,3719175019.076175,5229689835.913451
86,1507415345.537384,0.05000000082842315,2023-12-25T00:00:00Z,3745867396.5539474,5253282742.091369
87,1520755158.7886493,0.05000000082842315,2023-12-24T00:00:00Z,3746302433.980204,5267057592.76889
88,1526690215.0055869,0.05000000082842315,2023-12-23T00:00:00Z,3742972673.894747,5269662888.900371
89,1509508398.1887898,0.05000000082842315,2023-12-22T00:00:00Z,3733618402.375231,5243126800.564057
90,1507105484.9373617,0.05000000082842315,2023-12-21T00:00:00Z,3721744935.2267647,5228850420.164163
91,1526604412.07121,0.05000000082842315,2023-12-20T00:00:00Z,3701720946.89922,5228325358.970466
92,1534381966.9483612,0.05000000082842315,2023-12-19T00:00:00Z,3695585769.795888,5229967736.744285
93,1540761477.5626612,0.05000000082842315,2023-12-18T00:00:00Z,3689067733.971574,5229829211.53427
94,1547058686.9316056,0.05000000082842315,2023-12-17T00:00:00Z,3673215173.621156,5220273860.552798
95,1537502167.6661334,0.05000000082842315,2023-12-16T00:00:00Z,3680771604.8097014,5218273772.475872
96,1550144613.8859608,0.05000000082842315,2023-12-15T00:00:00Z,3636328388.151956,5186473002.037953
97,1557054533.3200507,0.05000000082842315,2023-12-14T00:00:00Z,3648014616.190329,5205069149.510416
98,1570098889.0795527,0.05000000082842315,2023-12-13T00:00:00Z,3634608274.7768836,5204707163.856473
99,1584933590.0719135,0.05000000082842315,2023-12-12T00:00:00Z,3640216126.5573716,5225149716.629321
100,1663900237.9802759,0.05000000082842315,2023-12-11T00:00:00Z,3659169901.1922665,5323070139.172579
101,1696703440.271695,0.05000000082842315,2023-12-10T00:00:00Z,3674591311.6134534,5371294751.885185
102,1682325842.50612,0.05000000082842315,2023-12-09T00:00:00Z,3677347910.875201,5359673753.381358
103,1663222235.8535273,0.05000000082842315,2023-12-08T00:00:00Z,3678288544.864878,5341510780.718441
104,1645924079.181779,0.05000000082842315,2023-12-07T00:00:00Z,3678829011.932829,5324753091.114644
105,1638671078.7835906,0.05000000082842315,2023-12-06T00:00:00Z,3673302774.514393,5311973853.298019
106,1616490815.0013995,0.05000000082842315,2023-12-05T00:00:00Z,3678103766.8503532,5294594581.851789
107,1618267605.5122473,0.05000000082842315,2023-12-04T00:00:00Z,3678430581.913646,5296698187.42593
108,1605285715.960106,0.05000000082842315,2023-12-03T00:00:00Z,3675127406.5397816,5280413122.499924
109,1596930711.2285779,0.05000000082842315,2023-12-02T00:00:00Z,3665148033.843776,5262078745.072391
110,1603399904.4097474,0.05000000082842315,2023-12-01T00:00:00Z,3670930386.590389,5274330291.000173
111,1619275253.7841527,0.05000000082842315,2023-11-30T00:00:00Z,3662272506.192453,5281547759.976643
112,1614819456.7049148,0.05000000082842315,2023-11-29T00:00:00Z,3665927571.0223813,5280747027.727333
113,1621512636.2309625,0.05000000082842315,2023-11-28T00:00:00Z,3660063133.6023426,5281575769.833343
114,1614352249.1773114,0.05000000082842315,2023-11-27T00:00:00Z,3663395082.5064483,5277747331.683797
115,1621931022.0570557,0.05000000082842315,2023-11-26T00:00:00Z,3668630278.3267,5290561300.383794
116,1619030493.7313287,0.05000000082842315,2023-11-25T00:00:00Z,3666514205.285975,5285544699.017342
117,1604371143.402309,0.05000000082842315,2023-11-24T00:00:00Z,3663453960.4730263,5267825103.875373
118,1597224983.014811,0.05000000082842315,2023-11-23T00:00:00Z,3637203664.830995,5234428647.845844
119,1595383926.6267962,0.05000000082842315,2023-11-22T00:00:00Z,3639513738.8581357,5234897665.48497
120,1587941951.8733466,0.05000000082842315,2023-11-21T00:00:00Z,3648475798.132551,5236417750.005937
121,1582418416.244386,0.05000000082842315,2023-11-20T00:00:00Z,3641162825.073909,5223581241.318334
122,1592205241.4518979,0.05000000082842315,2023-11-19T00:00:00Z,3639675751.1597123,5231880992.611649
123,1568099225.429554,0.05000000082842315,2023-11-18T00:00:00Z,3642594211.869575,5210693437.299168
124,1544396367.1041315,0.05000000082842315,2023-11-17T00:00:00Z,3651657127.0566783,5196053494.160849
125,1542173142.575736,0.05000000082842315,2023-11-16T00:00:00Z,3665183334.174212,5207356476.749988
126,1541613122.4753754,0.05000000082842315,2023-11-15T00:00:00Z,3673853042.223807,5215466164.699223
127,1552626106.2552695,0.05000000082842315,2023-11-14T00:00:00Z,3678038786.814954,5230664893.070263
128,1552141657.8873668,0.05000000082842315,2023-11-13T00:00:00Z,3703019999.324458,5255161657.211864
129,1561757296.5658526,0.05000000082842315,2023-11-12T00:00:00Z,3708113868.468092,5269871165.033984
130,1550983906.3028846,0.05000000082842315,2023-11-11T00:00:00Z,3731796356.271326,5282780262.57425
131,1542511967.3584316,0.05000000082842315,2023-11-10T00:00:00Z,3714461847.7119555,5256973815.070426
132,1564574982.8074656,0.05000000082842315,2023-11-09T00:00:00Z,3706930381.3157706,5271505364.123276
133,1597905787.1530628,0.05000000082842315,2023-11-08T00:00:00Z,3685136169.9846234,5283041957.137726
134,1624951663.8102787,0.05000000082842315,2023-11-07T00:00:00Z,3693629397.2382665,5318581061.048585
135,1615808312.809932,0.05000000082842315,2023-11-06T00:00:00Z,3714703433.47716,5330511746.287132
136,1621327281.9027529,0.05000000082842315,2023-11-05T00:00:00Z,3722837575.1847267,5344164857.087521
137,1628213178.6782196,0.05000000082842315,2023-11-04T00:00:00Z,3726525755.1562433,5354738933.834503
138,1618926668.4147167,0.05000000082842315,2023-11-03T00:00:00Z,3706498524.7441907,5325425193.158948
139,1620155218.2331266,0.05000000082842315,2023-11-02T00:00:00Z,3706881021.2056375,5327036239.438805
140,1607397885.1555283,0.05000000082842315,2023-11-01T00:00:00Z,3729632670.6645756,5337030555.820145
141,1547099220.4651728,0.05000000082842315,2023-10-31T00:00:00Z,3743947294.565203,5291046515.0304165
142,1595090432.594192,0.05000000082842315,2023-10-30T00:00:00Z,3748281117.4229465,5343371550.0171795
143,1685186227.0296445,0.05000000082842315,2023-10-29T00:00:00Z,3751008563.9056373,5436194790.935323
144,1692495000.282088,0.05000000082842315,2023-10-28T00:00:00Z,3753130121.977218,5445625122.259347
145,1711490296.9308789,0.05000000082842315,2023-10-27T00:00:00Z,3757352174.18747,5468842471.11839
146,1726468230.972629,0.05000000082842315,2023-10-26T00:00:00Z,3770312389.9736066,5496780620.946277
147,1720709242.446936,0.05000000082842315,2023-10-25T00:00:00Z,3759848190.0560117,5480557432.502989
148,1726603850.6734738,0.05000000082842315,2023-10-24T00:00:00Z,3757820936.365265,5484424787.038779
149,1737928412.065444,0.05000000082842315,2023-10-23T00:00:00Z,3773644362.4208946,5511572774.486379
150,1750756886.518408,0.05000000082842315,2023-10-22T00:00:00Z,3804776495.750474,5555533382.268923
151,1743346102.677589,0.05000000082842315,2023-10-21T00:00:00Z,3807395202.2984333,5550741304.976062
152,1733681262.7404137,0.05000000082842315,2023-10-20T00:00:00Z,3806460352.0176253,5540141614.758079
153,1729106454.0320687,0.05000000082842315,2023-10-19T00:00:00Z,3787021092.858563,5516127546.890671
154,1688454500.863735,0.05000000082842315,2023-10-18T00:00:00Z,3795008917.9538183,5483463418.817593
155,1679041243.821348,0.05000000082842315,2023-10-17T00:00:00Z,3805526646.199721,5484567890.021108
156,1677615530.366474,0.05000000082842315,2023-10-16T00:00:00Z,3799732678.2741413,5477348208.640655
157,1692221317.6015878,0.05000000082842315,2023-10-15T00:00:00Z,3790694272.199715,5482915589.801341
158,1690519390.3638854,0.05000000082842315,2023-10-14T00:00:00Z,3785539195.843631,5476058586.207556
159,1679669621.9568791,0.05000000082842315,2023-10-13T00:00:00Z,3778307547.4204235,5457977169.377342
160,1663069649.5458853,0.05000000082842315,2023-10-12T00:00:00Z,3787588407.6030846,5450658057.14901
161,1689564562.6209643,0.05000000082842315,2023-10-11T00:00:00Z,3794704945.377924,5484269507.998928
162,1678295437.7198584,0.05000000082842315,2023-10-10T00:00:00Z,3821631240.3634205,5499926678.083319
163,1682283446.5902708,0.05000000082842315,2023-10-09T00:00:00Z,3824569791.9499297,5506853238.54024
164,1670457165.1492586,0.05000000082842315,2023-10-08T00:00:00Z,3827022677.6407695,5497479842.790068
165,1658486018.2959466,0.05000000082842315,2023-10-07T00:00:00Z,3828541333.8957376,5487027352.191724
166,1652619063.3387394,0.05000000082842315,2023-10-06T00:00:00Z,3824317303.711311,5476936367.050089
167,1638813985.3925388,0.05000000082842315,2023-10-05T00:00:00Z,3831943073.3705373,5470757058.763116
168,1647103175.0839448,0.05000000082842315,2023-10-04T00:00:00Z,3838741951.290597,5485845126.374581
169,1650262290.0458438,0.05000000082842315,2023-10-03T00:00:00Z,3826441118.626443,5476703408.672326
170,1655328235.3798242,0.05000000082842315,2023-10-02T00:00:00Z,3839748989.1056423,5495077224.485506
171,1674778989.3637726,0.05000000082842315,2023-10-01T00:00:00Z,3810757305.467896,5485536294.831708
172,1656559106.3099544,0.05000000082842315,2023-09-30T00:00:00Z,3822492161.429866,5479051267.73986
173,1658366974.570177,0.05000000082842315,2023-09-29T00:00:00Z,3826385102.4733677,5484752077.043584
174,1648542329.1447003,0.05000000082842315,2023-09-28T00:00:00Z,3827460026.912902,5476002356.05764
175,1656807598.517678,0.05000000082842315,2023-09-27T00:00:00Z,3797043229.8531876,5453850828.370904
176,1643450743.600259,0.05000000082842315,2023-09-26T00:00:00Z,3815078529.320562,5458529272.920859
177,1635638276.2100923,0.05000000082842315,2023-09-25T00:00:00Z,3825155454.832161,5460793731.042292
178,1623731538.9017668,0.05000000082842315,2023-09-24T00:00:00Z,3839949193.345799,5463680732.247604
179,1609912631.5593073,0.05000000082842315,2023-09-23T00:00:00Z,3848963841.807821,5458876473.3671665
180,1599838767.2103643,0.05000000082842315,2023-09-22T00:00:00Z,3832591499.3450813,5432430266.555483
181,1596477741.3657956,0.05000000082842315,2023-09-21T00:00:00Z,3833368678.9218054,5429846420.287639
182,1590304340.0723877,0.05000000082842315,2023-09-20T00:00:00Z,3832824776.6046004,5423129116.677026
183,1550079194.9141653,0.05000000082842315,2023-09-19T00:00:00Z,3865024466.8822837,5415103661.796486
184,1540127786.1080153,0.05000000082842315,2023-09-18T00:00:00Z,3870282468.3043385,5410410254.412392
185,1565601838.9399068,0.05000000082842315,2023-09-17T00:00:00Z,3859791630.2437406,5425393469.183685
186,1549136709.0312173,0.05000000082842315,2023-09-16T00:00:00Z,3842490847.4892974,5391627556.520552
187,1537878230.7585897,0.05000000082842315,2023-09-15T00:00:00Z,3832775559.3333406,5370653790.091967
188,1514863282.4848914,0.05000000082842315,2023-09-14T00:00:00Z,3846455694.485721,5361318976.970649
189,1490721776.952368,0.05000000082842315,2023-09-13T00:00:00Z,3841546425.5343337,5332268202.486738
190,1474221765.4913821,0.05000000082842315,2023-09-12T00:00:00Z,3839349027.894851,5313570793.38627
191,1467045526.8618622,0.05000000082842315,2023-09-11T00:00:00Z,3833140469.481347,5300185996.3432455
192,1459015026.4336588,0.05000000082842315,2023-09-10T00:00:00Z,3830970606.15664,5289985632.590335
193,1435205728.3795407,0.05000000082842315,2023-09-09T00:00:00Z,3830297867.1689663,5265503595.548542
194,1420655871.7075894,0.05000000082842315,2023-09-08T00:00:00Z,3837479666.573443,5258135538.281068
195,1403238269.1032584,0.05000000082842315,2023-09-07T00:00:00Z,3838448790.822536,5241687059.925829
196,1394355614.738973,0.05000000082842315,2023-09-06T00:00:00Z,3854107089.5844755,5248462704.323483
197,1369353920.4999812,0.05000000082842315,2023-09-05T00:00:00Z,3849129550.754621,5218483471.254638
198,1356602200.0170372,0.05000000082842315,2023-09-04T00:00:00Z,3871060198.0730524,5227662398.090125
199,1355836299.4362519,0.05000000082842315,2023-09-03T00:00:00Z,3880351160.5377483,5236187459.974035
200,1340299105.2547708,0.05000000082842315,2023-09-02T00:00:00Z,3874223576.1004496,5214522681.355255
201,1328919349.2282193,0.05000000082842315,2023-09-01T00:00:00Z,3872406694.0457034,5201326043.273957
202,1317680275.180089,0.05000000082842315,2023-08-31T00:00:00Z,3896389312.601077,5214069587.7812
203,1304103583.9528377,0.05000000082842315,2023-08-30T00:00:00Z,3898423673.51636,5202527257.469232
204,1292628265.8185494,0.05000000082842315,2023-08-29T00:00:00Z,3904601853.0203085,5197230118.838891
205,1273155892.515366,0.05000000082842315,2023-08-28T00:00:00Z,3881560729.9632792,5154716622.478679
206,1258519537.409727,0.05000000082842315,2023-08-27T00:00:00Z,3894674394.5792055,5153193931.988966
207,1240898344.4482763,0.05000000082842315,2023-08-26T00:00:00Z,3893547511.4052534,5134445855.853563
208,1169770487.0592213,0.05000000082842315,2023-08-25T00:00:00Z,3934692315.1973825,5104462802.256638
209,1195506532.4211943,0.05000000082842315,2023-08-24T00:00:00Z,3921358897.6443815,5116865430.06561
210,1119397155.4571517,0.05000000082842315,2023-08-23T00:00:00Z,3946376696.2614045,5065773851.71859
211,1116097583.5297759,0.05000000082842315,2023-08-22T00:00:00Z,3964855114.5296025,5080952698.059412
212,1125932309.1579425,0.05000000082842315,2023-08-21T00:00:00Z,3959833513.5301414,5085765822.688118
213,1140298056.4413912,0.05000000082842315,2023-08-20T00:00:00Z,3967072535.361132,5107370591.802557
214,1477903595.725195,0.07999999746819175,2023-08-19T00:00:00Z,3929725623.65124,5407629219.37647
215,1447239554.8468997,0.07999999746819175,2023-08-18T00:00:00Z,3930370427.983807,5377609982.830742
216,1391452422.2782354,0.07999999746819175,2023-08-17T00:00:00Z,3928600256.983982,5320052679.262252
217,1383150123.1171813,0.07999999746819175,2023-08-16T00:00:00Z,3925029640.234415,5308179763.35163
218,1354962476.9736772,0.07999999746819175,2023-08-15T00:00:00Z,3927719557.7243233,5282682034.698035
219,1332576842.3035076,0.07999999746819175,2023-08-14T00:00:00Z,3964944563.865388,5297521406.168929
220,1297799053.2380242,0.07999999746819175,2023-08-13T00:00:00Z,3993652965.6926093,5291452018.930668
221,1258707928.8593285,0.07999999746819175,2023-08-12T00:00:00Z,4009134164.8434386,5267842093.702803
222,1231741841.7372324,0.07999999746819175,2023-08-11T00:00:00Z,3969208596.033543,5200950437.770811
223,1174664294.8945582,0.07999999746819175,2023-08-10T00:00:00Z,4006558132.866164,5181222427.760757
224,1000230475.0913017,0.07999999746819175,2023-08-09T00:00:00Z,4046700862.9425755,5046931338.033912
225,885387382.3968898,0.07999999746819175,2023-08-08T00:00:00Z,4043352074.5333266,4928739456.930251
226,700718735.3982505,0.07999999746819175,2023-08-07T00:00:00Z,4026887342.1436944,4727606077.54198
227,402219380.009992,0.07999999746819175,2023-08-06T00:00:00Z,4032681902.7698483,4434901282.779875
228,339459269.3841378,0.0319000035825554,2023-08-05T00:00:00Z,4034647744.317139,4374107013.701312
229,337450801.7667301,0.0319000035825554,2023-08-04T00:00:00Z,4031969887.219641,4369420688.986406
230,345538027.5438146,0.0319000035825554,2023-08-03T00:00:00Z,4051119389.8230014,4396657417.366851
231,344399118.789554,0.0319000035825554,2023-08-02T00:00:00Z,4079337924.6068687,4423737043.396457
232,343857221.3160268,0.0319000035825554,2023-08-01T00:00:00Z,4112781559.033939,4456638780.349999
233,343640593.4036971,0.0319000035825554,2023-07-31T00:00:00Z,4168197108.889265,4511837702.292996
234,344382690.4110658,0.0319000035825554,2023-07-30T00:00:00Z,4153182459.436129,4497565149.847229
235,317313743.51171994,0.0319000035825554,2023-07-29T00:00:00Z,4149418032.2528043,4466731775.764558
236,309808737.4966901,0.0319000035825554,2023-07-28T00:00:00Z,4154765381.126034,4464574118.622758
237,307066867.9565428,0.0319000035825554,2023-07-27T00:00:00Z,4175406092.1780715,4482472960.134648
238,306992522.55267555,0.0319000035825554,2023-07-26T00:00:00Z,4181418632.062134,4488411154.614844
239,308588004.4034758,0.0319000035825554,2023-07-25T00:00:00Z,4194872017.715636,4503460022.119146
240,309735987.0250671,0.0319000035825554,2023-07-24T00:00:00Z,4202231483.797919,4511967470.823021
241,289720121.5719435,0.0319000035825554,2023-07-23T00:00:00Z,4232464943.316165,4522185064.888144
242,289093296.34214073,0.0319000035825554,2023-07-22T00:00:00Z,4231021888.245352,4520115184.587527
243,299012007.8347355,0.0319000035825554,2023-07-21T00:00:00Z,4230063376.3280773,4529075384.1628475
244,277353304.792938,0.0319000035825554,2023-07-20T00:00:00Z,4256055100.82813,4533408405.621102
245,277459744.220443,0.0319000035825554,2023-07-19T00:00:00Z,4257018389.260778,4534478133.481256
246,277963448.1233422,0.0319000035825554,2023-07-18T00:00:00Z,4266620217.2951427,4544583665.41852
247,277850761.938883,0.03489999621844264,2023-07-17T00:00:00Z,4267958257.4987655,4545809019.437682
248,276375034.61608505,0.03489999621844264,2023-07-16T00:00:00Z,4276302600.520652,4552677635.136771
249,281009383.0298542,0.03489999621844264,2023-07-15T00:00:00Z,4282376789.4933767,4563386172.523265
250,281805145.9542424,0.03489999621844264,2023-07-14T00:00:00Z,4281774668.604954,4563579814.559231
251,281751707.15638053,0.03489999621844264,2023-07-13T00:00:00Z,4279014489.079651,4560766196.236066
252,266253464.73802778,0.03489999621844264,2023-07-12T00:00:00Z,4283012177.8668213,4549265642.604884
253,263463976.13985577,0.03489999621844264,2023-07-11T00:00:00Z,4293153349.244119,4556617325.38401
254,253795899.87077376,0.03489999621844264,2023-07-10T00:00:00Z,4287085013.9993315,4540880913.87014
255,253531898.07589263,0.03489999621844264,2023-07-09T00:00:00Z,4293568363.8403926,4547100261.91632
256,247154419.92240614,0.03489999621844264,2023-07-08T00:00:00Z,4299671975.734562,4546826395.657002
257,246828875.81564912,0.03489999621844264,2023-07-07T00:00:00Z,4307554062.064041,4554382937.8797245
258,243679524.27088124,0.03489999621844264,2023-07-06T00:00:00Z,4312601069.157273,4556280593.428189
259,241636503.1734957,0.03489999621844264,2023-07-05T00:00:00Z,4317248545.735285,4558885048.908815
260,210968040.80709457,0.03489999621844264,2023-07-04T00:00:00Z,4334916562.627495,4545884603.434624
261,208751970.1757414,0.03489999621844264,2023-07-03T00:00:00Z,4331344841.1203,4540096811.296076
262,207454327.6294885,0.03489999621844264,2023-07-02T00:00:00Z,4338666665.161099,4546120992.790623
263,207054239.65200883,0.03489999621844264,2023-07-01T00:00:00Z,4342024134.32986,4549078373.981903
264,207603047.16309088,0.03489999621844264,2023-06-30T00:00:00Z,4346451139.824939,4554054186.988065
265,188295099.3290038,0.03489999621844264,2023-06-29T00:00:00Z,4380277436.896301,4568572536.22534
266,193473374.79848814,0.03489999621844264,2023-06-28T00:00:00Z,4397529072.8251295,4591002447.623652
267,191823082.43493852,0.03489999621844264,2023-06-27T00:00:00Z,4410052313.804712,4601875396.239685
268,183896557.26110047,0.03489999621844264,2023-06-26T00:00:00Z,4425641622.897984,4609538180.159118
269,181300349.5057164,0.03489999621844264,2023-06-25T00:00:00Z,4449438526.562535,4630738876.068286
270,180222631.88183916,0.03489999621844264,2023-06-24T00:00:00Z,4454328816.814888,4634551448.696762
271,176651030.011864,0.03489999621844264,2023-06-23T00:00:00Z,4451662921.176752,4628313951.188651
272,167601446.2155049,0.03489999621844264,2023-06-22T00:00:00Z,4447809890.651141,4615411336.866681
273,163562194.8994703,0.03489999621844264,2023-06-21T00:00:00Z,4425760045.5118885,4589322240.411393
274,148563328.56046647,0.03489999621844264,2023-06-20T00:00:00Z,4444597063.241315,4593160391.801816
275,129968066.52319889,0.03489999621844264,2023-06-19T00:00:00Z,4420053396.594031,4550021463.117265
276,106431972.92222267,0.010000000622198524,2023-06-18T00:00:00Z,4426895542.422262,4533327515.34452
277,106133575.5949518,0.010000000622198524,2023-06-17T00:00:00Z,4416527954.3877535,4522661529.98274
278,105265874.72682488,0.010000000622198524,2023-06-16T00:00:00Z,4399862706.303248,4505128581.0301075
279,105181572.14487292,0.010000000622198524,2023-06-15T00:00:00Z,4390483357.310095,4495664929.455002
280,105175071.10972731,0.010000000622198524,2023-06-14T00:00:00Z,4486262679.794248,4591437750.90401
281,105175071.10972731,0.010000000622198524,2023-06-13T00:00:00Z,4491857762.83689,4597032833.946651
282,105154249.05376795,0.010000000622198524,2023-06-12T00:00:00Z,4519204834.370679,4624359083.42448
283,101151792.15265322,0.010000000622198524,2023-06-11T00:00:00Z,4542041297.785607,4643193089.938295
284,100768358.22404785,0.010000000622198524,2023-06-10T00:00:00Z,4544365452.655839,4645133810.879922
285,100768358.22404785,0.010000000622198524,2023-06-09T00:00:00Z,4547990327.066763,4648758685.290845
286,100768358.22404785,0.010000000622198524,2023-06-08T00:00:00Z,4552916007.876228,4653684366.100311
287,100765179.337291,0.010000000622198524,2023-06-07T00:00:00Z,4568037081.447315,4668802260.78464
288,100762374.78835915,0.010000000622198524,2023-06-06T00:00:00Z,4572863959.199787,4673626333.988181
289,100758800.0000511,0.010000000622198524,2023-06-05T00:00:00Z,4586113336.976435,4686872136.976521
290,100790299.83537284,0.010000000622198524,2023-06-04T00:00:00Z,4589665201.117276,4690455500.952684
291,100752121.22109035,0.010000000622198524,2023-06-03T00:00:00Z,4589507909.82691,4690260031.048036
292,100674253.0679516,0.010000000622198524,2023-06-02T00:00:00Z,4590935423.17651,4691609676.244496
293,100674253.0679516,0.010000000622198524,2023-06-01T00:00:00Z,4602222896.66841,4702897149.736398
294,100668319.52394074,0.010000000622198524,2023-05-31T00:00:00Z,4619900087.605376,4720568407.129353
295,100668319.52394074,0.010000000622198524,2023-05-30T00:00:00Z,4629008040.241647,4729676359.765623
296,101661404.84274481,0.010000000622198524,2023-05-29T00:00:00Z,4627731662.104545,4729393066.947325
297,101661404.84274481,0.010000000622198524,2023-05-28T00:00:00Z,4623111016.771638,4724772421.614418
298,101661404.84274481,0.010000000622198524,2023-05-27T00:00:00Z,4622289318.559472,4723950723.402252
299,101607392.60355742,0.010000000622198524,2023-05-26T00:00:00Z,4619140615.7013445,4720748008.304936
300,101599937.39273071,0.010000000622198524,2023-05-25T00:00:00Z,4622145925.897082,4723745863.289848
301,101599937.39273071,0.010000000622198524,2023-05-24T00:00:00Z,4624834359.537886,4726434296.930651
302,101599937.39273071,0.010000000622198524,2023-05-23T00:00:00Z,4635882563.439306,4737482500.832071
303,101609227.8561655,0.010000000622198524,2023-05-22T00:00:00Z,4663170572.808133,4764779800.664333
304,101629764.53747438,0.010000000622198524,2023-05-21T00:00:00Z,4658560402.193973,4760190166.731482
305,101629764.53747438,0.010000000622198524,2023-05-20T00:00:00Z,4648057154.228699,4749686918.766208
306,101629764.53747438,0.010000000622198524,2023-05-19T00:00:00Z,4666001424.729926,4767631189.267435
307,101610301.25256845,0.010000000622198524,2023-05-18T00:00:00Z,4668377214.3687315,4769987515.621334
308,101610301.25256845,0.010000000622198524,2023-05-17T00:00:00Z,4668016516.994083,4769626818.246687
309,101610301.25256845,0.010000000622198524,2023-05-16T00:00:00Z,4664891957.071797,4766502258.3244
310,101605911.36788934,0.010000000622198524,2023-05-15T00:00:00Z,4663990032.453667,4765595943.82159
311,101632880.0258659,0.010000000622198524,2023-05-14T00:00:00Z,4667683487.438668,4769316367.464569
312,101610721.8305993,0.010000000622198524,2023-05-13T00:00:00Z,4668612225.336269,4770222947.166903
313,101610721.8305993,0.010000000622198524,2023-05-12T00:00:00Z,4668645504.891508,4770256226.722141
314,101610721.8305993,0.010000000622198524,2023-05-11T00:00:00Z,4683177775.675307,4784788497.50594
315,101610721.8305993,0.010000000622198524,2023-05-10T00:00:00Z,4689611514.324577,4791222236.155211
316,101610721.8305993,0.010000000622198524,2023-05-09T00:00:00Z,4691125761.138882,4792736482.969515
317,101610721.8305993,0.010000000622198524,2023-05-08T00:00:00Z,4686868605.75504,4788479327.585674
318,101610721.8305993,0.010000000622198524,2023-05-07T00:00:00Z,4685170280.319897,4786781002.15053
319,101610721.8305993,0.010000000622198524,2023-05-06T00:00:00Z,4684333277.014115,4785943998.8447485
320,96618214.7058017,0.010000000622198524,2023-05-05T00:00:00Z,4678434393.35937,4775052608.065207
321,96600677.62847562,0.010000000622198524,2023-05-04T00:00:00Z,4681410184.653206,4778010862.281715
322,96600677.62847562,0.010000000622198524,2023-05-03T00:00:00Z,4687507703.975581,4784108381.604091
323,96600677.62847562,0.010000000622198524,2023-05-02T00:00:00Z,4700704462.05133,4797305139.679839
324,96595107.37022415,0.010000000622198524,2023-05-01T00:00:00Z,4728166504.211238,4824761611.581497
325,96595107.37022415,0.010000000622198524,2023-04-30T00:00:00Z,4735744609.036568,4832339716.406827
326,96595107.37022415,0.010000000622198524,2023-04-29T00:00:00Z,4732456472.21066,4829051579.580919
327,96595107.37022415,0.010000000622198524,2023-04-28T00:00:00Z,4731820819.994108,4828415927.3643675
328,96827650.51275417,0.010000000622198524,2023-04-27T00:00:00Z,4782189954.41525,4879017604.928039
329,96827650.51275417,0.010000000622198524,2023-04-26T00:00:00Z,4792154842.425778,4888982492.938567
330,96827650.51275417,0.010000000622198524,2023-04-25T00:00:00Z,4788440687.816337,4885268338.329125
331,98395193.0864392,0.010000000622198524,2023-04-24T00:00:00Z,4789966963.237493,4888362156.323967
332,98395193.0864392,0.010000000622198524,2023-04-23T00:00:00Z,4779025878.367755,4877421071.45423
333,98395193.0864392,0.010000000622198524,2023-04-22T00:00:00Z,4780959518.650421,4879354711.7368965
334,98395193.0864392,0.010000000622198524,2023-04-21T00:00:00Z,4808019685.423039,4906414878.509514
335,104387148.09292835,0.010000000622198524,2023-04-20T00:00:00Z,4851665510.11298,4956052658.205944
336,104387148.09292835,0.010000000622198524,2023-04-19T00:00:00Z,4858209847.377248,4962596995.470212
337,104387148.09292835,0.010000000622198524,2023-04-18T00:00:00Z,4864403799.818936,4968790947.911899
338,104399507.05570492,0.010000000622198524,2023-04-17T00:00:00Z,4882558656.737484,4986958163.793224
339,104399507.05570492,0.010000000622198524,2023-04-16T00:00:00Z,5015173372.714166,5119572879.769906
340,104411892.49990916,0.010000000622198524,2023-04-15T00:00:00Z,5026664638.828627,5131076531.328571
341,104429573.1882555,0.010000000622198524,2023-04-14T00:00:00Z,5013214729.128763,5117644302.317055
342,104428825.26998067,0.010000000622198524,2023-04-13T00:00:00Z,5009352420.254386,5113781245.524403
343,104849214.36559962,0.010000000622198524,2023-04-12T00:00:00Z,5021733233.158705,5126582447.524341
344,109845166.29724807,0.010000000622198524,2023-04-11T00:00:00Z,5044870650.503906,5154715816.801191
345,109841514.02050436,0.010000000622198524,2023-04-10T00:00:00Z,5056673347.757072,5166514861.777615
346,109840915.6416366,0.010000000622198524,2023-04-09T00:00:00Z,5070239670.541825,5180080586.183499
347,109586897.55483364,0.010000000622198524,2023-04-08T00:00:00Z,5078010545.550928,5187597443.1058
348,109586897.55483364,0.010000000622198524,2023-04-07T00:00:00Z,5082333602.202055,5191920499.756926
349,109586897.55483364,0.010000000622198524,2023-04-06T00:00:00Z,5085096614.02316,5194683511.578032
350,109550516.56748539,0.010000000622198524,2023-04-05T00:00:00Z,5083807081.533361,5193357598.100884
351,109550516.56748539,0.010000000622198524,2023-04-04T00:00:00Z,5092341442.428218,5201891958.995741
352,109550516.56748539,0.010000000622198524,2023-04-03T00:00:00Z,5091849832.197707,5201400348.76523
353,109550516.56748539,0.010000000622198524,2023-04-02T00:00:00Z,5109744498.177477,5219295014.745
354,109550516.56748539,0.010000000622198524,2023-04-01T00:00:00Z,5098541931.811182,5208092448.378705
355,109550516.56748539,0.010000000622198524,2023-03-31T00:00:00Z,5097618596.532822,5207169113.100346
356,109468311.88162878,0.010000000622198524,2023-03-30T00:00:00Z,5096747147.570753,5206215459.452419
357,109265412.98485668,0.010000000622198524,2023-03-29T00:00:00Z,5104390360.5278225,5213655773.512717
358,109255997.55130593,0.010000000622198524,2023-03-28T00:00:00Z,5118890518.692246,5228146516.243589
359,109255997.55130593,0.010000000622198524,2023-03-27T00:00:00Z,5147151308.600963,5256407306.152306
360,109255997.55130593,0.010000000622198524,2023-03-26T00:00:00Z,5234638159.2377825,5343894156.7891245
361,109254394.78623495,0.010000000622198524,2023-03-25T00:00:00Z,5241787112.92964,5351041507.715911
362,109235005.5688937,0.010000000622198524,2023-03-24T00:00:00Z,5243381102.362259,5352616107.931189
363,109235005.5688937,0.010000000622198524,2023-03-23T00:00:00Z,5283697558.327869,5392932563.8968
364,109235005.5688937,0.010000000622198524,2023-03-22T00:00:00Z,5295209230.561615,5404444236.130545
365,109235017.60225168,0.010000000622198524,2023-03-21T00:00:00Z,5386918501.871409,5496153519.473697
366,109235017.60225168,0.010000000622198524,2023-03-20T00:00:00Z,5399284669.542449,5508519687.144736
367,109235017.60225168,0.010000000622198524,2023-03-19T00:00:00Z,5409540577.413003,5518775595.01529
368,109235017.60225168,0.010000000622198524,2023-03-18T00:00:00Z,5431037405.890502,5540272423.492789
369,109728377.68926175,0.010000000622198524,2023-03-17T00:00:00Z,5460288691.440605,5570017069.129903
370,109728377.68926175,0.010000000622198524,2023-03-16T00:00:00Z,5566033421.964003,5675761799.6533
371,109727808.50804508,0.010000000622198524,2023-03-15T00:00:00Z,5796468014.664961,5906195823.173041
372,109224075.70793661,0.010000000622198524,2023-03-14T00:00:00Z,6040992221.472838,6150216297.18081
373,109242283.04350086,0.010000000622198524,2023-03-13T00:00:00Z,6281242141.715286,6390484424.758822
374,107664460.20987588,0.010000000622198524,2023-03-12T00:00:00Z,6358279600.035867,6465944060.245777
375,107838843.34028332,0.010000000622198524,2023-03-11T00:00:00Z,5772717143.473635,5880555986.813953
376,107887004.52895373,0.010000000622198524,2023-03-10T00:00:00Z,5095901054.429011,5203788058.957999
377,107887004.52895373,0.010000000622198524,2023-03-09T00:00:00Z,4936851108.57774,5044738113.106728
378,107800740.83546278,0.010000000622198524,2023-03-08T00:00:00Z,4978772922.300115,5086573663.135612
379,107800740.83546278,0.010000000622198524,2023-03-07T00:00:00Z,4992344570.706864,5100145311.542361
380,107800740.83546278,0.010000000622198524,2023-03-06T00:00:00Z,5004607073.565731,5112407814.401228
381,107800740.83546278,0.010000000622198524,2023-03-05T00:00:00Z,5009567986.920644,5117368727.756141
382,107796946.51649883,0.010000000622198524,2023-03-04T00:00:00Z,5016534671.021681,5124331617.538214
383,107796946.51649883,0.010000000622198524,2023-03-03T00:00:00Z,5011398541.462252,5119195487.9787855
384,107796946.51649883,0.010000000622198524,2023-03-02T00:00:00Z,5022896127.167568,5130693073.684102
385,107782893.84554254,0.010000000622198524,2023-03-01T00:00:00Z,5014132784.237212,5121915678.082789
386,107782893.84554254,0.010000000622198524,2023-02-28T00:00:00Z,5025320171.491703,5133103065.337279
387,107782893.84554254,9.999925246972907e-05,2023-02-27T00:00:00Z,5031699840.030665,5139482733.876243
388,107782893.84554254,9.999925246972907e-05,2023-02-26T00:00:00Z,5027116293.775767,5134899187.621345
389,107782893.84554254,9.999925246972907e-05,2023-02-25T00:00:00Z,5021302810.345332,5129085704.190908
390,107776262.4605007,9.999925246972907e-05,2023-02-24T00:00:00Z,5023582455.640772,5131358718.101306
391,107776262.4605007,9.999925246972907e-05,2023-02-23T00:00:00Z,5023042914.527786,5130819176.988321
392,107744435.23665334,9.999925246972907e-05,2023-02-22T00:00:00Z,5034623710.659483,5142368145.896171
393,107583922.96586873,9.999925246972907e-05,2023-02-21T00:00:00Z,5025038947.685938,5132622870.651841
394,37582303.9696293,9.999925246972907e-05,2023-02-20T00:00:00Z,5087066931.524301,5124649235.493964
395,37581290.10028995,9.999925246972907e-05,2023-02-19T00:00:00Z,5084144639.853693,5121725929.954017
396,37581290.10028995,9.999925246972907e-05,2023-02-18T00:00:00Z,5082557349.15413,5120138639.254454
397,37581329.09809243,9.999925246972907e-05,2023-02-17T00:00:00Z,5069435659.274448,5107016988.372575
398,36580244.43584993,9.999925246972907e-05,2023-02-16T00:00:00Z,5090500156.073527,5127080400.509412
399,36585033.9653408,9.999925246972907e-05,2023-02-15T00:00:00Z,5084709914.323542,5121294948.288918
400,36585033.9653408,9.999925246972907e-05,2023-02-14T00:00:00Z,5086402182.180649,5122987216.146025
401,36821629.71001707,9.999925246972907e-05,2023-02-13T00:00:00Z,5097708070.800781,5134529700.510834
402,36821629.71001707,9.999925246972907e-05,2023-02-12T00:00:00Z,5081244370.89631,5118066000.606362
403,36821629.71001707,9.999925246972907e-05,2023-02-11T00:00:00Z,5081232660.746376,5118054290.456429
404,36778570.24479779,9.999925246972907e-05,2023-02-10T00:00:00Z,5084059930.778949,5120838501.023782
405,36778570.24479779,9.999925246972907e-05,2023-02-09T00:00:00Z,5092939938.000002,5129718508.244834
406,36778570.24479779,9.999925246972907e-05,2023-02-08T00:00:00Z,5099389625.929,5136168196.173833
407,36777310.12136211,9.999925246972907e-05,2023-02-07T00:00:00Z,5096787735.697439,5133565045.818837
408,36777310.12136211,9.999925246972907e-05,2023-02-06T00:00:00Z,5106363980.23742,5143141290.358817
409,35775627.772703394,9.999925246972907e-05,2023-02-05T00:00:00Z,5110244047.584299,5146019675.357038
410,35775627.772703394,9.999925246972907e-05,2023-02-04T00:00:00Z,5102629766.121459,5138405393.894197
411,35824762.128185794,9.999925246972907e-05,2023-02-03T00:00:00Z,5095732455.613965,5131557217.742185
412,35821964.564081684,9.999925246972907e-05,2023-02-02T00:00:00Z,5106981046.464032,5142803011.028149
413,35821964.564081684,9.999925246972907e-05,2023-02-01T00:00:00Z,5099556344.052684,5135378308.6168
414,35821964.564081684,9.999925246972907e-05,2023-01-31T00:00:00Z,5109211248.226856,5145033212.790972
415,35818080.16615833,9.999925246972907e-05,2023-01-30T00:00:00Z,5124776986.801425,5160595066.967618
416,35818080.16615833,9.999925246972907e-05,2023-01-29T00:00:00Z,5131936434.650998,5167754514.81719
417,35818080.16615833,9.999925246972907e-05,2023-01-28T00:00:00Z,5136076330.009871,5171894410.176063
418,35818080.16615833,9.999925246972907e-05,2023-01-27T00:00:00Z,5131456349.090964,5167274429.257157
419,35815530.50974518,9.999925246972907e-05,2023-01-26T00:00:00Z,5143050611.686013,5178866142.195792
420,35815530.50974518,9.999925246972907e-05,2023-01-25T00:00:00Z,5157594409.278466,5193409939.788245
421,35815530.50974518,9.999925246972907e-05,2023-01-24T00:00:00Z,5156383272.606527,5192198803.116305
422,35835638.99412551,9.999925246972907e-05,2023-01-23T00:00:00Z,5142455967.065207,5178291606.059364
423,36124436.21116037,9.999925246972907e-05,2023-01-22T00:00:00Z,5139347266.680557,5175471702.891749
424,36124436.21116037,9.999925246972907e-05,2023-01-21T00:00:00Z,5135096235.762338,5171220671.973531
425,36124436.21116037,9.999925246972907e-05,2023-01-20T00:00:00Z,5114659962.896711,5150784399.107904
426,36124436.21116037,9.999925246972907e-05,2023-01-19T00:00:00Z,5112334757.01287,5148459193.224063
427,36123248.99627697,9.999925246972907e-05,2023-01-18T00:00:00Z,5111391373.408425,5147514622.404736
428,36122596.17911253,9.999925246972907e-05,2023-01-17T00:00:00Z,5097972991.0159235,5134095587.195067
429,35277023.36464986,9.999925246972907e-05,2023-01-16T00:00:00Z,5099154937.640971,5134431961.005653
430,34231661.74226384,9.999925246972907e-05,2023-01-15T00:00:00Z,5103086598.738437,5137318260.480732
431,33642745.82824536,9.999925246972907e-05,2023-01-14T00:00:00Z,5097831807.442516,5131474553.270794
432,33642745.82824536,9.999925246972907e-05,2023-01-13T00:00:00Z,5084923237.279012,5118565983.10729
433,33642745.82824536,9.999925246972907e-05,2023-01-12T00:00:00Z,5059850768.4551115,5093493514.283389
434,33640923.50118502,9.999925246972907e-05,2023-01-11T00:00:00Z,5058451960.804253,5092092884.3054695
435,33672910.602916054,9.999925246972907e-05,2023-01-10T00:00:00Z,5072041893.35666,5105714803.959607
436,33654314.72315919,9.999925246972907e-05,2023-01-09T00:00:00Z,5072237623.494849,5105891938.2180395
437,33655447.59118357,9.999925246972907e-05,2023-01-08T00:00:00Z,5066051814.916892,5099707262.508107
438,33645796.42888479,9.999925246972907e-05,2023-01-07T00:00:00Z,5025826507.04264,5059472303.471555
439,33645796.42888479,9.999925246972907e-05,2023-01-06T00:00:00Z,5004275718.589308,5037921515.018224
440,32944000.943661932,9.999925246972907e-05,2023-01-05T00:00:00Z,5016015556.658323,5048959557.602015
441,32944000.943661932,9.999925246972907e-05,2023-01-04T00:00:00Z,5035187433.7332535,5068131434.676945
442,2189804.346968212,9.999925246972907e-05,2023-01-03T00:00:00Z,5059354502.706638,5061544307.053637
443,2012676.0307456106,9.999925246972907e-05,2023-01-02T00:00:00Z,5058178107.166744,5060190783.197519
