,expenses,item,lending_income,liquidation_income,month,net_income,period,trading_income,value,year
0,-3857879.460393271,1 - PnL,11054226.902255302,4623.877852059042,3,7200971.31971409,2024-03,0.0,,2024
1,,1.1 - Lending Revenues,,,3,,2024-03,,18130771.841326825,2024
2,,1.2 - Liquidations Revenues,,,3,,2024-03,,4623.877852059042,2024
3,,1.3 - Trading Revenues,,,3,,2024-03,,0.0,2024
4,,1.4 - Lending Expenses,,,3,,2024-03,,-7076544.939071524,2024
5,,1.5 - Liquidations Expenses,,,3,,2024-03,,0.0,2024
6,-3857879.460393271,1.6 - Workforce Expenses,,,3,,2024-03,,-3857879.460393271,2024
7,,1.9 - Net Income,11054226.902255302,4623.877852059042,3,7200971.31971409,2024-03,0.0,7200971.31971409,2024
8,,2 - Assets,,,3,,2024-03,,,2024
9,,2.1 - Crypto Loans,,,3,,2024-03,,3442061505.5845013,2024
10,,2.2 - Trading Assets,,,3,,2024-03,,1232860684.3239803,2024
11,,2.8 - Operating Reserves,,,3,,2024-03,,,2024
12,,2.9 - Total Assets,,,3,,2024-03,,4674922189.908482,2024
13,,3 - Liabilities & Equity,,,3,,2024-03,,,2024
14,,3.1 - Liabilities (DAI),,,3,,2024-03,,4607814452.914751,2024
15,,3.7 - Equity (Surplus Buffer),,,3,,2024-03,,67107736.9937378,2024
16,,3.8 - Equity (Operating Reserves),,,3,,2024-03,,,2024
17,,3.9 - Total Liabilities & Equity,,,3,,2024-03,,4674922189.90849,2024
18,-1581115.1688203234,1 - PnL,25123953.08119525,0.0,2,23542837.91237493,2024-02,0.0,,2024
19,,1.1 - Lending Revenues,,,2,,2024-02,,29691662.118493695,2024
20,,1.2 - Liquidations Revenues,,,2,,2024-02,,0.0,2024
21,,1.3 - Trading Revenues,,,2,,2024-02,,0.0,2024
22,,1.4 - Lending Expenses,,,2,,2024-02,,-4567709.0372984465,2024
23,,1.5 - Liquidations Expenses,,,2,,2024-02,,0.0,2024
24,-1581115.1688203234,1.6 - Workforce Expenses,,,2,,2024-02,,-1581115.1688203234,2024
25,,1.9 - Net Income,25123953.08119525,0.0,2,23542837.91237493,2024-02,0.0,23542837.91237493,2024
26,,2 - Assets,,,2,,2024-02,,,2024
27,,2.1 - Crypto Loans,,,2,,2024-02,,4083073663.209683,2024
28,,2.2 - Trading Assets,,,2,,2024-02,,913091407.0429084,2024
29,,2.8 - Operating Reserves,,,2,,2024-02,,,2024
30,,2.9 - Total Assets,,,2,,2024-02,,4996165070.252592,2024
31,,3 - Liabilities & Equity,,,2,,2024-02,,,2024
32,,3.1 - Liabilities (DAI),,,2,,2024-02,,4929564735.87406,2024
33,,3.7 - Equity (Surplus Buffer),,,2,,2024-02,,66600334.37853858,2024
34,,3.8 - Equity (Operating Reserves),,,2,,2024-02,,,2024
35,,3.9 - Total Liabilities & Equity,,,2,,2024-02,,4996165070.252599,2024
36,-5669555.332707843,1 - PnL,14807331.386114161,27376.29516352713,1,9165152.348569848,2024-01,0.0,,2024
37,,1.1 - Lending Revenues,,,1,,2024-01,,20751255.620916586,2024
38,,1.2 - Liquidations Revenues,,,1,,2024-01,,27376.29516352713,2024
39,,1.3 - Trading Revenues,,,1,,2024-01,,0.0,2024
40,,1.4 - Lending Expenses,,,1,,2024-01,,-5943924.234802423,2024
41,,1.5 - Liquidations Expenses,,,1,,2024-01,,0.0,2024
42,-5669555.332707843,1.6 - Workforce Expenses,,,1,,2024-01,,-5669555.332707843,2024
43,,1.9 - Net Income,14807331.386114161,27376.29516352713,1,9165152.348569848,2024-01,0.0,9165152.348569848,2024
44,,2 - Assets,,,1,,2024-01,,,2024
45,,2.1 - Crypto Loans,,,1,,2024-01,,4321343136.287583,2024
46,,2.2 - Trading Assets,,,1,,2024-01,,563679392.7158703,2024
47,,2.8 - Operating Reserves,,,1,,2024-01,,,2024
48,,2.9 - Total Assets,,,1,,2024-01,,4885022529.003453,2024
49,,3 - Liabilities & Equity,,,1,,2024-01,,,2024
50,,3.1 - Liabilities (DAI),,,1,,2024-01,,4832474047.469279,2024
51,,3.7 - Equity (Surplus Buffer),,,1,,2024-01,,52548481.53418077,2024
52,,3.8 - Equity (Operating Reserves),,,1,,2024-01,,,2024
53,,3.9 - Total Liabilities & Equity,,,1,,2024-01,,4885022529.003459,2024
54,-2658930.5566184013,1 - PnL,7786060.640057549,0.0,12,5127130.083439147,2023-12,0.0,,2023
55,,1.1 - Lending Revenues,,,12,,2023-12,,14270261.481433425,2023
56,,1.2 - Liquidations Revenues,,,12,,2023-12,,0.0,2023
57,,1.3 - Trading Revenues,,,12,,2023-12,,0.0,2023
58,,1.4 - Lending Expenses,,,12,,2023-12,,-6484200.841375876,2023
59,,1.5 - Liquidations Expenses,,,12,,2023-12,,0.0,2023
60,-2658930.5566184013,1.6 - Workforce Expenses,,,12,,2023-12,,-2658930.5566184013,2023
61,,1.9 - Net Income,7786060.640057549,0.0,12,5127130.083439147,2023-12,0.0,5127130.083439147,2023
62,,2 - Assets,,,12,,2023-12,,,2023
63,,2.1 - Crypto Loans,,,12,,2023-12,,4820477732.349818,2023
64,,2.2 - Trading Assets,,,12,,2023-12,,400493643.7089783,2023
65,,2.8 - Operating Reserves,,,12,,2023-12,,,2023
66,,2.9 - Total Assets,,,12,,2023-12,,5220971376.058796,2023
67,,3 - Liabilities & Equity,,,12,,2023-12,,,2023
68,,3.1 - Liabilities (DAI),,,12,,2023-12,,5168577458.383284,2023
69,,3.7 - Equity (Surplus Buffer),,,12,,2023-12,,52393917.675517894,2023
70,,3.8 - Equity (Operating Reserves),,,12,,2023-12,,,2023
71,,3.9 - Total Liabilities & Equity,,,12,,2023-12,,5220971376.058801,2023
72,-2974302.247667128,1 - PnL,23289251.183438364,455.0262718854651,11,20315403.962043118,2023-11,0.0,,2023
73,,1.1 - Lending Revenues,,,11,,2023-11,,29666040.787532147,2023
74,,1.2 - Liquidations Revenues,,,11,,2023-11,,455.0262718854651,2023
75,,1.3 - Trading Revenues,,,11,,2023-11,,0.0,2023
76,,1.4 - Lending Expenses,,,11,,2023-11,,-6376789.604093785,2023
77,,1.5 - Liquidations Expenses,,,11,,2023-11,,0.0,2023
78,-2974302.247667128,1.6 - Workforce Expenses,,,11,,2023-11,,-2974302.247667128,2023
79,,1.9 - Net Income,23289251.183438364,455.0262718854651,11,20315403.962043118,2023-11,0.0,20315403.962043118,2023
80,,2 - Assets,,,11,,2023-11,,,2023
81,,2.1 - Crypto Loans,,,11,,2023-11,,4636257421.470051,2023
82,,2.2 - Trading Assets,,,11,,2023-11,,707478489.3926251,2023
83,,2.8 - Operating Reserves,,,11,,2023-11,,,2023
84,,2.9 - Total Assets,,,11,,2023-11,,5343735910.862677,2023
85,,3 - Liabilities & Equity,,,11,,2023-11,,,2023
86,,3.1 - Liabilities (DAI),,,11,,2023-11,,5285580181.035166,2023
87,,3.7 - Equity (Surplus Buffer),,,11,,2023-11,,58155729.82751548,2023
88,,3.8 - Equity (Operating Reserves),,,11,,2023-11,,,2023
89,,3.9 - Total Liabilities & Equity,,,11,,2023-11,,5343735910.862683,2023
90,-3852460.1496855007,1 - PnL,13240641.920617938,0.0,10,9388181.770932438,2023-10,0.0,,2023
91,,1.1 - Lending Revenues,,,10,,2023-10,,20226770.13177969,2023
92,,1.2 - Liquidations Revenues,,,10,,2023-10,,0.0,2023
93,,1.3 - Trading Revenues,,,10,,2023-10,,0.0,2023
94,,1.4 - Lending Expenses,,,10,,2023-10,,-6986128.211161751,2023
95,,1.5 - Liquidations Expenses,,,10,,2023-10,,0.0,2023
96,-3852460.1496855007,1.6 - Workforce Expenses,,,10,,2023-10,,-3852460.1496855007,2023
97,,1.9 - Net Income,13240641.920617938,0.0,10,9388181.770932438,2023-10,0.0,9388181.770932438,2023
98,,2 - Assets,,,10,,2023-10,,,2023
99,,2.1 - Crypto Loans,,,10,,2023-10,,4573782382.487652,2023
100,,2.2 - Trading Assets,,,10,,2023-10,,772183542.5773306,2023
101,,2.8 - Operating Reserves,,,10,,2023-10,,,2023
102,,2.9 - Total Assets,,,10,,2023-10,,5345965925.064982,2023
103,,3 - Liabilities & Equity,,,10,,2023-10,,,2023
104,,3.1 - Liabilities (DAI),,,10,,2023-10,,5296377849.424404,2023
105,,3.7 - Equity (Surplus Buffer),,,10,,2023-10,,49588075.640584044,2023
106,,3.8 - Equity (Operating Reserves),,,10,,2023-10,,,2023
107,,3.9 - Total Liabilities & Equity,,,10,,2023-10,,5345965925.064989,2023
108,-1607207.0252897064,1 - PnL,3732911.308090608,10958.875586496215,9,2136663.158387398,2023-09,0.0,,2023
109,,1.1 - Lending Revenues,,,9,,2023-09,,9779641.350679712,2023
110,,1.2 - Liquidations Revenues,,,9,,2023-09,,10958.875586496215,2023
111,,1.3 - Trading Revenues,,,9,,2023-09,,0.0,2023
112,,1.4 - Lending Expenses,,,9,,2023-09,,-6046730.042589104,2023
113,,1.5 - Liquidations Expenses,,,9,,2023-09,,0.0,2023
114,-1607207.0252897064,1.6 - Workforce Expenses,,,9,,2023-09,,-1607207.0252897064,2023
115,,1.9 - Net Income,3732911.308090608,10958.875586496215,9,2136663.158387398,2023-09,0.0,2136663.158387398,2023
116,,2 - Assets,,,9,,2023-09,,,2023
117,,2.1 - Crypto Loans,,,9,,2023-09,,4363762522.026428,2023
118,,2.2 - Trading Assets,,,9,,2023-09,,1170493361.473895,2023
119,,2.8 - Operating Reserves,,,9,,2023-09,,,2023
120,,2.9 - Total Assets,,,9,,2023-09,,5534255883.500323,2023
121,,3 - Liabilities & Equity,,,9,,2023-09,,,2023
122,,3.1 - Liabilities (DAI),,,9,,2023-09,,5484385017.409422,2023
123,,3.7 - Equity (Surplus Buffer),,,9,,2023-09,,49870866.09090695,2023
124,,3.8 - Equity (Operating Reserves),,,9,,2023-09,,,2023
125,,3.9 - Total Liabilities & Equity,,,9,,2023-09,,5534255883.500329,2023
126,-5005993.187189322,1 - PnL,9868648.785501247,233758.5728462953,8,5096414.171158219,2023-08,0.0,,2023
127,,1.1 - Lending Revenues,,,8,,2023-08,,15357258.241268553,2023
128,,1.2 - Liquidations Revenues,,,8,,2023-08,,233758.5728462953,2023
129,,1.3 - Trading Revenues,,,8,,2023-08,,0.0,2023
130,,1.4 - Lending Expenses,,,8,,2023-08,,-5488609.455767304,2023
131,,1.5 - Liquidations Expenses,,,8,,2023-08,,0.0,2023
132,-5005993.187189322,1.6 - Workforce Expenses,,,8,,2023-08,,-5005993.187189322,2023
133,,1.9 - Net Income,9868648.785501247,233758.5728462953,8,5096414.171158219,2023-08,0.0,5096414.171158219,2023
134,,2 - Assets,,,8,,2023-08,,,2023
135,,2.1 - Crypto Loans,,,8,,2023-08,,3659038213.107486,2023
136,,2.2 - Trading Assets,,,8,,2023-08,,1613792454.4804354,2023
137,,2.8 - Operating Reserves,,,8,,2023-08,,,2023
138,,2.9 - Total Assets,,,8,,2023-08,,5272830667.587921,2023
139,,3 - Liabilities & Equity,,,8,,2023-08,,,2023
140,,3.1 - Liabilities (DAI),,,8,,2023-08,,5219419481.046998,2023
141,,3.7 - Equity (Surplus Buffer),,,8,,2023-08,,53411186.54093026,2023
142,,3.8 - Equity (Operating Reserves),,,8,,2023-08,,,2023
143,,3.9 - Total Liabilities & Equity,,,8,,2023-08,,5272830667.587929,2023
144,-4043336.6791011887,1 - PnL,3075001.666821719,15808.030784770686,7,-952526.9814946988,2023-07,0.0,,2023
145,,1.1 - Lending Revenues,,,7,,2023-07,,3835426.8781754375,2023
146,,1.2 - Liquidations Revenues,,,7,,2023-07,,15808.030784770686,2023
147,,1.3 - Trading Revenues,,,7,,2023-07,,0.0,2023
148,,1.4 - Lending Expenses,,,7,,2023-07,,-760425.2113537188,2023
149,,1.5 - Liquidations Expenses,,,7,,2023-07,,0.0,2023
150,-4043336.6791011887,1.6 - Workforce Expenses,,,7,,2023-07,,-4043336.6791011887,2023
151,,1.9 - Net Income,3075001.666821719,15808.030784770686,7,-952526.9814946988,2023-07,0.0,-952526.9814946988,2023
152,,2 - Assets,,,7,,2023-07,,,2023
153,,2.1 - Crypto Loans,,,7,,2023-07,,3339926302.159526,2023
154,,2.2 - Trading Assets,,,7,,2023-07,,1239550685.0417295,2023
155,,2.8 - Operating Reserves,,,7,,2023-07,,,2023
156,,2.9 - Total Assets,,,7,,2023-07,,4579476987.201255,2023
157,,3 - Liabilities & Equity,,,7,,2023-07,,,2023
158,,3.1 - Liabilities (DAI),,,7,,2023-07,,4515800329.273073,2023
159,,3.7 - Equity (Surplus Buffer),,,7,,2023-07,,63676657.92818992,2023
160,,3.8 - Equity (Operating Reserves),,,7,,2023-07,,,2023
161,,3.9 - Total Liabilities & Equity,,,7,,2023-07,,4579476987.201263,2023
162,-1301660.125516237,1 - PnL,4038654.1507975273,62564.583325203625,6,2799851.3741104947,2023-06,292.7655040000001,,2023
163,,1.1 - Lending Revenues,,,6,,2023-06,,4280068.9827561155,2023
164,,1.2 - Liquidations Revenues,,,6,,2023-06,,62564.583325203625,2023
165,,1.3 - Trading Revenues,,,6,,2023-06,,292.7655040000001,2023
166,,1.4 - Lending Expenses,,,6,,2023-06,,-241414.83195858824,2023
167,,1.5 - Liquidations Expenses,,,6,,2023-06,,0.0,2023
168,-1301660.125516237,1.6 - Workforce Expenses,,,6,,2023-06,,-1301660.125516237,2023
169,,1.9 - Net Income,4038654.1507975273,62564.583325203625,6,2799851.3741104947,2023-06,292.7655040000001,2799851.3741104947,2023
170,,2 - Assets,,,6,,2023-06,,,2023
171,,2.1 - Crypto Loans,,,6,,2023-06,,2677548563.94977,2023
172,,2.2 - Trading Assets,,,6,,2023-06,,1952857102.6645157,2023
173,,2.8 - Operating Reserves,,,6,,2023-06,,,2023
174,,2.9 - Total Assets,,,6,,2023-06,,4630405666.614285,2023
175,,3 - Liabilities & Equity,,,6,,2023-06,,,2023
176,,3.1 - Liabilities (DAI),,,6,,2023-06,,4559516407.244249,2023
177,,3.7 - Equity (Surplus Buffer),,,6,,2023-06,,70889259.37004437,2023
178,,3.8 - Equity (Operating Reserves),,,6,,2023-06,,,2023
179,,3.9 - Total Liabilities & Equity,,,6,,2023-06,,4630405666.614294,2023
180,-3775623.3906960133,1 - PnL,1717724.167864422,24319.636740581132,5,-2032549.7205910098,2023-05,1029.8654999999999,,2023
181,,1.1 - Lending Revenues,,,5,,2023-05,,1806143.443104476,2023
182,,1.2 - Liquidations Revenues,,,5,,2023-05,,24319.636740581132,2023
183,,1.3 - Trading Revenues,,,5,,2023-05,,1029.8654999999999,2023
184,,1.4 - Lending Expenses,,,5,,2023-05,,-88419.27524005367,2023
185,,1.5 - Liquidations Expenses,,,5,,2023-05,,0.0,2023
186,-3775623.3906960133,1.6 - Workforce Expenses,,,5,,2023-05,,-3775623.3906960133,2023
187,,1.9 - Net Income,1717724.167864422,24319.636740581132,5,-2032549.7205910098,2023-05,1029.8654999999999,-2032549.7205910098,2023
188,,2 - Assets,,,5,,2023-05,,,2023
189,,2.1 - Crypto Loans,,,5,,2023-05,,2669401916.032309,2023
190,,2.2 - Trading Assets,,,5,,2023-05,,2124718084.5630333,2023
191,,2.8 - Operating Reserves,,,5,,2023-05,,,2023
192,,2.9 - Total Assets,,,5,,2023-05,,4794120000.595343,2023
193,,3 - Liabilities & Equity,,,5,,2023-05,,,2023
194,,3.1 - Liabilities (DAI),,,5,,2023-05,,4726029798.768807,2023
195,,3.7 - Equity (Surplus Buffer),,,5,,2023-05,,68090201.82654278,2023
196,,3.8 - Equity (Operating Reserves),,,5,,2023-05,,,2023
197,,3.9 - Total Liabilities & Equity,,,5,,2023-05,,4794120000.595351,2023
198,-4395057.610738749,1 - PnL,2965648.3204491995,0.0,4,-1428117.5278705496,2023-04,1291.7624190000001,,2023
199,,1.1 - Lending Revenues,,,4,,2023-04,,3044390.2706061043,2023
200,,1.2 - Liquidations Revenues,,,4,,2023-04,,0.0,2023
201,,1.3 - Trading Revenues,,,4,,2023-04,,1291.7624190000001,2023
202,,1.4 - Lending Expenses,,,4,,2023-04,,-78741.95015690479,2023
203,,1.5 - Liquidations Expenses,,,4,,2023-04,,0.0,2023
204,-4395057.610738749,1.6 - Workforce Expenses,,,4,,2023-04,,-4395057.610738749,2023
205,,1.9 - Net Income,2965648.3204491995,0.0,4,-1428117.5278705496,2023-04,1291.7624190000001,-1428117.5278705496,2023
206,,2 - Assets,,,4,,2023-04,,,2023
207,,2.1 - Crypto Loans,,,4,,2023-04,,2038968283.8254359,2023
208,,2.2 - Trading Assets,,,4,,2023-04,,2868976941.859697,2023
209,,2.8 - Operating Reserves,,,4,,2023-04,,,2023
210,,2.9 - Total Assets,,,4,,2023-04,,4907945225.685132,2023
211,,3 - Liabilities & Equity,,,4,,2023-04,,,2023
212,,3.1 - Liabilities (DAI),,,4,,2023-04,,4837821512.744242,2023
213,,3.7 - Equity (Surplus Buffer),,,4,,2023-04,,70123712.94089931,2023
214,,3.8 - Equity (Operating Reserves),,,4,,2023-04,,,2023
215,,3.9 - Total Liabilities & Equity,,,4,,2023-04,,4907945225.685141,2023
216,-4354613.425821123,1 - PnL,2077944.8092177212,3567.200723699294,3,-2170125.818214721,2023-03,102975.59766498113,,2023
217,,1.1 - Lending Revenues,,,3,,2023-03,,2179501.2380693643,2023
218,,1.2 - Liquidations Revenues,,,3,,2023-03,,3567.200723699294,2023
219,,1.3 - Trading Revenues,,,3,,2023-03,,102975.59766498113,2023
220,,1.4 - Lending Expenses,,,3,,2023-03,,-101556.42885164332,2023
221,,1.5 - Liquidations Expenses,,,3,,2023-03,,0.0,2023
222,-4354613.425821123,1.6 - Workforce Expenses,,,3,,2023-03,,-4354613.425821123,2023
223,,1.9 - Net Income,2077944.8092177212,3567.200723699294,3,-2170125.818214721,2023-03,102975.59766498113,-2170125.818214721,2023
224,,2 - Assets,,,3,,2023-03,,,2023
225,,2.1 - Crypto Loans,,,3,,2023-03,,1927537089.4133713,2023
226,,2.2 - Trading Assets,,,3,,2023-03,,3356662844.3734417,2023
227,,2.8 - Operating Reserves,,,3,,2023-03,,,2023
228,,2.9 - Total Assets,,,3,,2023-03,,5284199933.786814,2023
229,,3 - Liabilities & Equity,,,3,,2023-03,,,2023
230,,3.1 - Liabilities (DAI),,,3,,2023-03,,5212648103.318051,2023
231,,3.7 - Equity (Surplus Buffer),,,3,,2023-03,,71551830.46876986,2023
232,,3.8 - Equity (Operating Reserves),,,3,,2023-03,,,2023
233,,3.9 - Total Liabilities & Equity,,,3,,2023-03,,5284199933.78682,2023
234,-2391112.803038328,1 - PnL,1685133.034497338,24659.10537948055,2,-671961.4243366341,2023-02,9359.238824876145,,2023
235,,1.1 - Lending Revenues,,,2,,2023-02,,1716694.0746045166,2023
236,,1.2 - Liquidations Revenues,,,2,,2023-02,,24659.10537948055,2023
237,,1.3 - Trading Revenues,,,2,,2023-02,,9359.238824876145,2023
238,,1.4 - Lending Expenses,,,2,,2023-02,,-31561.040107178265,2023
239,,1.5 - Liquidations Expenses,,,2,,2023-02,,0.0,2023
240,-2391112.803038328,1.6 - Workforce Expenses,,,2,,2023-02,,-2391112.803038328,2023
241,,1.9 - Net Income,1685133.034497338,24659.10537948055,2,-671961.4243366341,2023-02,9359.238824876145,-671961.4243366341,2023
242,,2 - Assets,,,2,,2023-02,,,2023
243,,2.1 - Crypto Loans,,,2,,2023-02,,2246700543.1753063,2023
244,,2.2 - Trading Assets,,,2,,2023-02,,2965658540.269917,2023
245,,2.8 - Operating Reserves,,,2,,2023-02,,,2023
246,,2.9 - Total Assets,,,2,,2023-02,,5212359083.445225,2023
247,,3 - Liabilities & Equity,,,2,,2023-02,,,2023
248,,3.1 - Liabilities (DAI),,,2,,2023-02,,5138636596.15104,2023
249,,3.7 - Equity (Surplus Buffer),,,2,,2023-02,,73722487.29419081,2023
250,,3.8 - Equity (Operating Reserves),,,2,,2023-02,,,2023
251,,3.9 - Total Liabilities & Equity,,,2,,2023-02,,5212359083.445231,2023
252,-1977573.5638068486,1 - PnL,1507460.2952595875,0.0,1,-463137.9567193368,2023-01,6975.311827924469,,2023
253,,1.1 - Lending Revenues,,,1,,2023-01,,1533113.7479372295,2023
254,,1.2 - Liquidations Revenues,,,1,,2023-01,,0.0,2023
255,,1.3 - Trading Revenues,,,1,,2023-01,,6975.311827924469,2023
256,,1.4 - Lending Expenses,,,1,,2023-01,,-25653.452677641966,2023
257,,1.5 - Liquidations Expenses,,,1,,2023-01,,0.0,2023
258,-1977573.5638068486,1.6 - Workforce Expenses,,,1,,2023-01,,-1977573.5638068486,2023
259,,1.9 - Net Income,1507460.2952595875,0.0,1,-463137.9567193368,2023-01,6975.311827924469,-463137.9567193368,2023
260,,2 - Assets,,,1,,2023-01,,,2023
261,,2.1 - Crypto Loans,,,1,,2023-01,,2137032862.760603,2023
262,,2.2 - Trading Assets,,,1,,2023-01,,3087928331.085267,2023
263,,2.8 - Operating Reserves,,,1,,2023-01,,,2023
264,,2.9 - Total Assets,,,1,,2023-01,,5224961193.84587,2023
265,,3 - Liabilities & Equity,,,1,,2023-01,,,2023
266,,3.1 - Liabilities (DAI),,,1,,2023-01,,5150566280.782819,2023
267,,3.7 - Equity (Surplus Buffer),,,1,,2023-01,,74394913.06305888,2023
268,,3.8 - Equity (Operating Reserves),,,1,,2023-01,,,2023
269,,3.9 - Total Liabilities & Equity,,,1,,2023-01,,5224961193.845878,2023
270,-522969.65425322135,1 - PnL,1351479.1602763783,-1325712.828989476,12,-485132.69975950726,2022-12,12070.623206811784,,2022
271,,1.1 - Lending Revenues,,,12,,2022-12,,1352438.0216941205,2022
272,,1.2 - Liquidations Revenues,,,12,,2022-12,,0.0,2022
273,,1.3 - Trading Revenues,,,12,,2022-12,,12070.623206811784,2022
274,,1.4 - Lending Expenses,,,12,,2022-12,,-958.8614177421026,2022
275,,1.5 - Liquidations Expenses,,,12,,2022-12,,-1325712.828989476,2022
276,-522969.65425322135,1.6 - Workforce Expenses,,,12,,2022-12,,-522969.65425322135,2022
277,,1.9 - Net Income,1351479.1602763783,-1325712.828989476,12,-485132.69975950726,2022-12,12070.623206811784,-485132.69975950726,2022
278,,2 - Assets,,,12,,2022-12,,,2022
279,,2.1 - Crypto Loans,,,12,,2022-12,,1954939951.7181664,2022
280,,2.2 - Trading Assets,,,12,,2022-12,,3183945518.8255887,2022
281,,2.8 - Operating Reserves,,,12,,2022-12,,,2022
282,,2.9 - Total Assets,,,12,,2022-12,,5138885470.543755,2022
283,,3 - Liabilities & Equity,,,12,,2022-12,,,2022
284,,3.1 - Liabilities (DAI),,,12,,2022-12,,5064027419.523984,2022
285,,3.7 - Equity (Surplus Buffer),,,12,,2022-12,,74858051.01977822,2022
286,,3.8 - Equity (Operating Reserves),,,12,,2022-12,,,2022
287,,3.9 - Total Liabilities & Equity,,,12,,2022-12,,5138885470.543761,2022
288,-1941120.609607689,1 - PnL,993839.6549082486,161634.0094123946,11,-771667.4977870468,2022-11,13979.447500000004,,2022
289,,1.1 - Lending Revenues,,,11,,2022-11,,993849.3103328584,2022
290,,1.2 - Liquidations Revenues,,,11,,2022-11,,161634.0094123946,2022
291,,1.3 - Trading Revenues,,,11,,2022-11,,13979.447500000004,2022
292,,1.4 - Lending Expenses,,,11,,2022-11,,-9.655424609823559,2022
293,,1.5 - Liquidations Expenses,,,11,,2022-11,,0.0,2022
294,-1941120.609607689,1.6 - Workforce Expenses,,,11,,2022-11,,-1941120.609607689,2022
295,,1.9 - Net Income,993839.6549082486,161634.0094123946,11,-771667.4977870468,2022-11,13979.447500000004,-771667.4977870468,2022
296,,2 - Assets,,,11,,2022-11,,,2022
297,,2.1 - Crypto Loans,,,11,,2022-11,,2043705943.349492,2022
298,,2.2 - Trading Assets,,,11,,2022-11,,3229343403.4492126,2022
299,,2.8 - Operating Reserves,,,11,,2022-11,,,2022
300,,2.9 - Total Assets,,,11,,2022-11,,5273049346.798705,2022
301,,3 - Liabilities & Equity,,,11,,2022-11,,,2022
302,,3.1 - Liabilities (DAI),,,11,,2022-11,,5197705520.902403,2022
303,,3.7 - Equity (Surplus Buffer),,,11,,2022-11,,75343825.89630874,2022
304,,3.8 - Equity (Operating Reserves),,,11,,2022-11,,,2022
305,,3.9 - Total Liabilities & Equity,,,11,,2022-11,,5273049346.798711,2022
306,-1820097.7096907455,1 - PnL,898435.6080074599,3081.5093657744146,10,-918580.5923175111,2022-10,0.0,,2022
307,,1.1 - Lending Revenues,,,10,,2022-10,,898445.9776855699,2022
308,,1.2 - Liquidations Revenues,,,10,,2022-10,,3081.5093657744146,2022
309,,1.3 - Trading Revenues,,,10,,2022-10,,0.0,2022
310,,1.4 - Lending Expenses,,,10,,2022-10,,-10.369678110019219,2022
311,,1.5 - Liquidations Expenses,,,10,,2022-10,,0.0,2022
312,-1820097.7096907455,1.6 - Workforce Expenses,,,10,,2022-10,,-1820097.7096907455,2022
313,,1.9 - Net Income,898435.6080074599,3081.5093657744146,10,-918580.5923175111,2022-10,0.0,-918580.5923175111,2022
314,,2 - Assets,,,10,,2022-10,,,2022
315,,2.1 - Crypto Loans,,,10,,2022-10,,2009099137.2820556,2022
316,,2.2 - Trading Assets,,,10,,2022-10,,3757369134.7056384,2022
317,,2.8 - Operating Reserves,,,10,,2022-10,,,2022
318,,2.9 - Total Assets,,,10,,2022-10,,5766468271.987694,2022
319,,3 - Liabilities & Equity,,,10,,2022-10,,,2022
320,,3.1 - Liabilities (DAI),,,10,,2022-10,,5690344373.664521,2022
321,,3.7 - Equity (Surplus Buffer),,,10,,2022-10,,76123898.32317755,2022
322,,3.8 - Equity (Operating Reserves),,,10,,2022-10,,,2022
323,,3.9 - Total Liabilities & Equity,,,10,,2022-10,,5766468271.987699,2022
324,-2867260.602278311,1 - PnL,1176296.8227596036,77186.22495974624,9,-1613777.5545589612,2022-09,0.0,,2022
325,,1.1 - Lending Revenues,,,9,,2022-09,,1176307.3092305316,2022
326,,1.2 - Liquidations Revenues,,,9,,2022-09,,77186.22495974624,2022
327,,1.3 - Trading Revenues,,,9,,2022-09,,0.0,2022
328,,1.4 - Lending Expenses,,,9,,2022-09,,-10.486470927891272,2022
329,,1.5 - Liquidations Expenses,,,9,,2022-09,,0.0,2022
330,-2867260.602278311,1.6 - Workforce Expenses,,,9,,2022-09,,-2867260.602278311,2022
331,,1.9 - Net Income,1176296.8227596036,77186.22495974624,9,-1613777.5545589612,2022-09,0.0,-1613777.5545589612,2022
332,,2 - Assets,,,9,,2022-09,,,2022
333,,2.1 - Crypto Loans,,,9,,2022-09,,2567225771.9921384,2022
334,,2.2 - Trading Assets,,,9,,2022-09,,3926914380.5560417,2022
335,,2.8 - Operating Reserves,,,9,,2022-09,,,2022
336,,2.9 - Total Assets,,,9,,2022-09,,6494140152.54818,2022
337,,3 - Liabilities & Equity,,,9,,2022-09,,,2022
338,,3.1 - Liabilities (DAI),,,9,,2022-09,,6417097346.847347,2022
339,,3.7 - Equity (Surplus Buffer),,,9,,2022-09,,77042805.70083922,2022
340,,3.8 - Equity (Operating Reserves),,,9,,2022-09,,,2022
341,,3.9 - Total Liabilities & Equity,,,9,,2022-09,,6494140152.548187,2022
342,-2640108.956450409,1 - PnL,1478324.748435734,55266.71960305958,8,-1106517.488411615,2022-08,0.0,,2022
343,,1.1 - Lending Revenues,,,8,,2022-08,,1478334.1630676787,2022
344,,1.2 - Liquidations Revenues,,,8,,2022-08,,55266.71960305958,2022
345,,1.3 - Trading Revenues,,,8,,2022-08,,0.0,2022
346,,1.4 - Lending Expenses,,,8,,2022-08,,-9.414631944595602,2022
347,,1.5 - Liquidations Expenses,,,8,,2022-08,,0.0,2022
348,-2640108.956450409,1.6 - Workforce Expenses,,,8,,2022-08,,-2640108.956450409,2022
349,,1.9 - Net Income,1478324.748435734,55266.71960305958,8,-1106517.488411615,2022-08,0.0,-1106517.488411615,2022
350,,2 - Assets,,,8,,2022-08,,,2022
351,,2.1 - Crypto Loans,,,8,,2022-08,,2784821454.829724,2022
352,,2.2 - Trading Assets,,,8,,2022-08,,3813400046.8408985,2022
353,,2.8 - Operating Reserves,,,8,,2022-08,,,2022
354,,2.9 - Total Assets,,,8,,2022-08,,6598221501.670622,2022
355,,3 - Liabilities & Equity,,,8,,2022-08,,,2022
356,,3.1 - Liabilities (DAI),,,8,,2022-08,,6519562447.488813,2022
357,,3.7 - Equity (Surplus Buffer),,,8,,2022-08,,78659054.18181515,2022
358,,3.8 - Equity (Operating Reserves),,,8,,2022-08,,,2022
359,,3.9 - Total Liabilities & Equity,,,8,,2022-08,,6598221501.6706295,2022
360,-5009576.719151251,1 - PnL,1295143.2827205046,0.0,7,-3048182.093437106,2022-07,666251.3429936406,,2022
361,,1.1 - Lending Revenues,,,7,,2022-07,,1295153.3592611428,2022
362,,1.2 - Liquidations Revenues,,,7,,2022-07,,0.0,2022
363,,1.3 - Trading Revenues,,,7,,2022-07,,666251.3429936406,2022
364,,1.4 - Lending Expenses,,,7,,2022-07,,-10.076540638160129,2022
365,,1.5 - Liquidations Expenses,,,7,,2022-07,,0.0,2022
366,-5009576.719151251,1.6 - Workforce Expenses,,,7,,2022-07,,-5009576.719151251,2022
367,,1.9 - Net Income,1295143.2827205046,0.0,7,-3048182.093437106,2022-07,666251.3429936406,-3048182.093437106,2022
368,,2 - Assets,,,7,,2022-07,,,2022
369,,2.1 - Crypto Loans,,,7,,2022-07,,3118531746.8633847,2022
370,,2.2 - Trading Assets,,,7,,2022-07,,3939030171.34422,2022
371,,2.8 - Operating Reserves,,,7,,2022-07,,,2022
372,,2.9 - Total Assets,,,7,,2022-07,,7057561918.207604,2022
373,,3 - Liabilities & Equity,,,7,,2022-07,,,2022
374,,3.1 - Liabilities (DAI),,,7,,2022-07,,6977795266.142052,2022
375,,3.7 - Equity (Surplus Buffer),,,7,,2022-07,,79766652.06555869,2022
376,,3.8 - Equity (Operating Reserves),,,7,,2022-07,,,2022
377,,3.9 - Total Liabilities & Equity,,,7,,2022-07,,7057561918.20761,2022
378,-1770178.5097616338,1 - PnL,2404924.1699435813,6858513.087381706,6,7493258.747563653,2022-06,0.0,,2022
379,,1.1 - Lending Revenues,,,6,,2022-06,,2404935.107382395,2022
380,,1.2 - Liquidations Revenues,,,6,,2022-06,,6858513.087381706,2022
381,,1.3 - Trading Revenues,,,6,,2022-06,,0.0,2022
382,,1.4 - Lending Expenses,,,6,,2022-06,,-10.937438813784523,2022
383,,1.5 - Liquidations Expenses,,,6,,2022-06,,0.0,2022
384,-1770178.5097616338,1.6 - Workforce Expenses,,,6,,2022-06,,-1770178.5097616338,2022
385,,1.9 - Net Income,2404924.1699435813,6858513.087381706,6,7493258.747563653,2022-06,0.0,7493258.747563653,2022
386,,2 - Assets,,,6,,2022-06,,,2022
387,,2.1 - Crypto Loans,,,6,,2022-06,,2639405723.8872075,2022
388,,2.2 - Trading Assets,,,6,,2022-06,,3771260483.905858,2022
389,,2.8 - Operating Reserves,,,6,,2022-06,,,2022
390,,2.9 - Total Assets,,,6,,2022-06,,6410666207.793066,2022
391,,3 - Liabilities & Equity,,,6,,2022-06,,,2022
392,,3.1 - Liabilities (DAI),,,6,,2022-06,,6327850909.098587,2022
393,,3.7 - Equity (Surplus Buffer),,,6,,2022-06,,82815298.69448414,2022
394,,3.8 - Equity (Operating Reserves),,,6,,2022-06,,,2022
395,,3.9 - Total Liabilities & Equity,,,6,,2022-06,,6410666207.793072,2022
396,-3000083.8426273023,1 - PnL,4322348.092567711,3999049.4803130105,5,5321313.73025342,2022-05,0.0,,2022
397,,1.1 - Lending Revenues,,,5,,2022-05,,4322358.175089352,2022
398,,1.2 - Liquidations Revenues,,,5,,2022-05,,3999049.4803130105,2022
399,,1.3 - Trading Revenues,,,5,,2022-05,,0.0,2022
400,,1.4 - Lending Expenses,,,5,,2022-05,,-10.082521640208123,2022
401,,1.5 - Liquidations Expenses,,,5,,2022-05,,0.0,2022
402,-3000083.8426273023,1.6 - Workforce Expenses,,,5,,2022-05,,-3000083.8426273023,2022
403,,1.9 - Net Income,4322348.092567711,3999049.4803130105,5,5321313.73025342,2022-05,0.0,5321313.73025342,2022
404,,2 - Assets,,,5,,2022-05,,,2022
405,,2.1 - Crypto Loans,,,5,,2022-05,,2972197381.3761883,2022
406,,2.2 - Trading Assets,,,5,,2022-05,,3475155538.2200756,2022
407,,2.8 - Operating Reserves,,,5,,2022-05,,,2022
408,,2.9 - Total Assets,,,5,,2022-05,,6447352919.596264,2022
409,,3 - Liabilities & Equity,,,5,,2022-05,,,2022
410,,3.1 - Liabilities (DAI),,,5,,2022-05,,6371835963.343282,2022
411,,3.7 - Equity (Surplus Buffer),,,5,,2022-05,,75516956.25298771,2022
412,,3.8 - Equity (Operating Reserves),,,5,,2022-05,,,2022
413,,3.9 - Total Liabilities & Equity,,,5,,2022-05,,6447352919.596269,2022
414,-5159817.047618981,1 - PnL,6467409.064212653,783813.5580893904,4,2518645.1186830252,2022-04,427239.54399996303,,2022
415,,1.1 - Lending Revenues,,,4,,2022-04,,6467752.856191647,2022
416,,1.2 - Liquidations Revenues,,,4,,2022-04,,783813.5580893904,2022
417,,1.3 - Trading Revenues,,,4,,2022-04,,427239.54399996303,2022
418,,1.4 - Lending Expenses,,,4,,2022-04,,-343.7919789945067,2022
419,,1.5 - Liquidations Expenses,,,4,,2022-04,,0.0,2022
420,-5159817.047618981,1.6 - Workforce Expenses,,,4,,2022-04,,-5159817.047618981,2022
421,,1.9 - Net Income,6467409.064212653,783813.5580893904,4,2518645.1186830252,2022-04,427239.54399996303,2518645.1186830252,2022
422,,2 - Assets,,,4,,2022-04,,,2022
423,,2.1 - Crypto Loans,,,4,,2022-04,,3928038571.910505,2022
424,,2.2 - Trading Assets,,,4,,2022-04,,4603132614.6546755,2022
425,,2.8 - Operating Reserves,,,4,,2022-04,,,2022
426,,2.9 - Total Assets,,,4,,2022-04,,8531171186.56518,2022
427,,3 - Liabilities & Equity,,,4,,2022-04,,,2022
428,,3.1 - Liabilities (DAI),,,4,,2022-04,,8460853481.967318,2022
429,,3.7 - Equity (Surplus Buffer),,,4,,2022-04,,70317704.5978703,2022
430,,3.8 - Equity (Operating Reserves),,,4,,2022-04,,,2022
431,,3.9 - Total Liabilities & Equity,,,4,,2022-04,,8531171186.565188,2022
432,-2858923.4860962024,1 - PnL,5887944.843075621,42700.72845832893,3,3071722.0854377467,2022-03,0.0,,2022
433,,1.1 - Lending Revenues,,,3,,2022-03,,5888828.912850105,2022
434,,1.2 - Liquidations Revenues,,,3,,2022-03,,42700.72845832893,2022
435,,1.3 - Trading Revenues,,,3,,2022-03,,0.0,2022
436,,1.4 - Lending Expenses,,,3,,2022-03,,-884.0697744853242,2022
437,,1.5 - Liquidations Expenses,,,3,,2022-03,,0.0,2022
438,-2858923.4860962024,1.6 - Workforce Expenses,,,3,,2022-03,,-2858923.4860962024,2022
439,,1.9 - Net Income,5887944.843075621,42700.72845832893,3,3071722.0854377467,2022-03,0.0,3071722.0854377467,2022
440,,2 - Assets,,,3,,2022-03,,,2022
441,,2.1 - Crypto Loans,,,3,,2022-03,,3832570856.5108504,2022
442,,2.2 - Trading Assets,,,3,,2022-03,,5548272170.95741,2022
443,,2.8 - Operating Reserves,,,3,,2022-03,,,2022
444,,2.9 - Total Assets,,,3,,2022-03,,9380843027.468262,2022
445,,3 - Liabilities & Equity,,,3,,2022-03,,,2022
446,,3.1 - Liabilities (DAI),,,3,,2022-03,,9313032032.896227,2022
447,,3.7 - Equity (Surplus Buffer),,,3,,2022-03,,67810994.5720388,2022
448,,3.8 - Equity (Operating Reserves),,,3,,2022-03,,,2022
449,,3.9 - Total Liabilities & Equity,,,3,,2022-03,,9380843027.468266,2022
450,-1505728.5961421668,1 - PnL,6916566.478227524,128875.04110910627,2,5548931.880112827,2022-02,9218.956918362368,,2022
451,,1.1 - Lending Revenues,,,2,,2022-02,,6917420.561889181,2022
452,,1.2 - Liquidations Revenues,,,2,,2022-02,,128875.04110910627,2022
453,,1.3 - Trading Revenues,,,2,,2022-02,,9218.956918362368,2022
454,,1.4 - Lending Expenses,,,2,,2022-02,,-854.0836616563714,2022
455,,1.5 - Liquidations Expenses,,,2,,2022-02,,0.0,2022
456,-1505728.5961421668,1.6 - Workforce Expenses,,,2,,2022-02,,-1505728.5961421668,2022
457,,1.9 - Net Income,6916566.478227524,128875.04110910627,2,5548931.880112827,2022-02,9218.956918362368,5548931.880112827,2022
458,,2 - Assets,,,2,,2022-02,,,2022
459,,2.1 - Crypto Loans,,,2,,2022-02,,3725738124.746756,2022
460,,2.2 - Trading Assets,,,2,,2022-02,,5703617596.920036,2022
461,,2.8 - Operating Reserves,,,2,,2022-02,,,2022
462,,2.9 - Total Assets,,,2,,2022-02,,9429355721.666792,2022
463,,3 - Liabilities & Equity,,,2,,2022-02,,,2022
464,,3.1 - Liabilities (DAI),,,2,,2022-02,,9364614578.012325,2022
465,,3.7 - Equity (Surplus Buffer),,,2,,2022-02,,64741143.6544715,2022
466,,3.8 - Equity (Operating Reserves),,,2,,2022-02,,,2022
467,,3.9 - Total Liabilities & Equity,,,2,,2022-02,,9429355721.666796,2022
468,-13632119.600845942,1 - PnL,10433679.664405255,18025406.624495685,1,15054285.778392512,2022-01,227319.0903375147,,2022
469,,1.1 - Lending Revenues,,,1,,2022-01,,10434608.819309441,2022
470,,1.2 - Liquidations Revenues,,,1,,2022-01,,18025406.624495685,2022
471,,1.3 - Trading Revenues,,,1,,2022-01,,227319.0903375147,2022
472,,1.4 - Lending Expenses,,,1,,2022-01,,-929.1549041870747,2022
473,,1.5 - Liquidations Expenses,,,1,,2022-01,,0.0,2022
474,-13632119.600845942,1.6 - Workforce Expenses,,,1,,2022-01,,-13632119.600845942,2022
475,,1.9 - Net Income,10433679.664405255,18025406.624495685,1,15054285.778392512,2022-01,227319.0903375147,15054285.778392512,2022
476,,2 - Assets,,,1,,2022-01,,,2022
477,,2.1 - Crypto Loans,,,1,,2022-01,,4133242814.560483,2022
478,,2.2 - Trading Assets,,,1,,2022-01,,5203014192.516155,2022
479,,2.8 - Operating Reserves,,,1,,2022-01,,,2022
480,,2.9 - Total Assets,,,1,,2022-01,,9336257007.07664,2022
481,,3 - Liabilities & Equity,,,1,,2022-01,,,2022
482,,3.1 - Liabilities (DAI),,,1,,2022-01,,9277056175.080774,2022
483,,3.7 - Equity (Surplus Buffer),,,1,,2022-01,,59200831.99586986,2022
484,,3.8 - Equity (Operating Reserves),,,1,,2022-01,,,2022
485,,3.9 - Total Liabilities & Equity,,,1,,2022-01,,9336257007.076647,2022
486,-1368889.6177973673,1 - PnL,12120703.434678376,1832454.7773897424,12,12877140.468321545,2021-12,292871.87405079335,,2021
487,,1.1 - Lending Revenues,,,12,,2021-12,,12121265.490159683,2021
488,,1.2 - Liquidations Revenues,,,12,,2021-12,,1832454.7773897424,2021
489,,1.3 - Trading Revenues,,,12,,2021-12,,292871.87405079335,2021
490,,1.4 - Lending Expenses,,,12,,2021-12,,-562.0554813061578,2021
491,,1.5 - Liquidations Expenses,,,12,,2021-12,,0.0,2021
492,-1368889.6177973673,1.6 - Workforce Expenses,,,12,,2021-12,,-1368889.6177973673,2021
493,,1.9 - Net Income,12120703.434678376,1832454.7773897424,12,12877140.468321545,2021-12,292871.87405079335,12877140.468321545,2021
494,,2 - Assets,,,12,,2021-12,,,2021
495,,2.1 - Crypto Loans,,,12,,2021-12,,5436128993.111398,2021
496,,2.2 - Trading Assets,,,12,,2021-12,,3661873252.3514676,2021
497,,2.8 - Operating Reserves,,,12,,2021-12,,,2021
498,,2.9 - Total Assets,,,12,,2021-12,,9098002245.462866,2021
499,,3 - Liabilities & Equity,,,12,,2021-12,,,2021
500,,3.1 - Liabilities (DAI),,,12,,2021-12,,9033541716.86473,2021
501,,3.7 - Equity (Surplus Buffer),,,12,,2021-12,,64460528.598136425,2021
502,,3.8 - Equity (Operating Reserves),,,12,,2021-12,,,2021
503,,3.9 - Total Liabilities & Equity,,,12,,2021-12,,9098002245.462868,2021
504,-2869324.299709876,1 - PnL,10051487.897169564,248452.57480525225,11,7660352.396561481,2021-11,229736.22429654174,,2021
505,,1.1 - Lending Revenues,,,11,,2021-11,,10052048.869197072,2021
506,,1.2 - Liquidations Revenues,,,11,,2021-11,,248452.57480525225,2021
507,,1.3 - Trading Revenues,,,11,,2021-11,,229736.22429654174,2021
508,,1.4 - Lending Expenses,,,11,,2021-11,,-560.9720275094045,2021
509,,1.5 - Liquidations Expenses,,,11,,2021-11,,0.0,2021
510,-2869324.299709876,1.6 - Workforce Expenses,,,11,,2021-11,,-2869324.299709876,2021
511,,1.9 - Net Income,10051487.897169564,248452.57480525225,11,7660352.396561481,2021-11,229736.22429654174,7660352.396561481,2021
512,,2 - Assets,,,11,,2021-11,,,2021
513,,2.1 - Crypto Loans,,,11,,2021-11,,6030593897.987923,2021
514,,2.2 - Trading Assets,,,11,,2021-11,,2942049119.1903768,2021
515,,2.8 - Operating Reserves,,,11,,2021-11,,,2021
516,,2.9 - Total Assets,,,11,,2021-11,,8972643017.178297,2021
517,,3 - Liabilities & Equity,,,11,,2021-11,,,2021
518,,3.1 - Liabilities (DAI),,,11,,2021-11,,8913077500.751696,2021
519,,3.7 - Equity (Surplus Buffer),,,11,,2021-11,,59565516.4266029,2021
520,,3.8 - Equity (Operating Reserves),,,11,,2021-11,,,2021
521,,3.9 - Total Liabilities & Equity,,,11,,2021-11,,8972643017.178299,2021
522,-3392472.5027162465,1 - PnL,5284201.418096479,23201.81924394681,10,2082235.3877708684,2021-10,167304.65314668886,,2021
523,,1.1 - Lending Revenues,,,10,,2021-10,,5284840.8364654565,2021
524,,1.2 - Liquidations Revenues,,,10,,2021-10,,23201.81924394681,2021
525,,1.3 - Trading Revenues,,,10,,2021-10,,167304.65314668886,2021
526,,1.4 - Lending Expenses,,,10,,2021-10,,-639.4183689774618,2021
527,,1.5 - Liquidations Expenses,,,10,,2021-10,,0.0,2021
528,-3392472.5027162465,1.6 - Workforce Expenses,,,10,,2021-10,,-3392472.5027162465,2021
529,,1.9 - Net Income,5284201.418096479,23201.81924394681,10,2082235.3877708684,2021-10,167304.65314668886,2082235.3877708684,2021
530,,2 - Assets,,,10,,2021-10,,,2021
531,,2.1 - Crypto Loans,,,10,,2021-10,,4908472238.1802225,2021
532,,2.2 - Trading Assets,,,10,,2021-10,,3009535064.251114,2021
533,,2.8 - Operating Reserves,,,10,,2021-10,,,2021
534,,2.9 - Total Assets,,,10,,2021-10,,7918007302.431335,2021
535,,3 - Liabilities & Equity,,,10,,2021-10,,,2021
536,,3.1 - Liabilities (DAI),,,10,,2021-10,,7860642747.645099,2021
537,,3.7 - Equity (Surplus Buffer),,,10,,2021-10,,57364554.78623643,2021
538,,3.8 - Equity (Operating Reserves),,,10,,2021-10,,,2021
539,,3.9 - Total Liabilities & Equity,,,10,,2021-10,,7918007302.4313345,2021
540,-2805519.4256198346,1 - PnL,3920413.1632203306,3520470.241596997,9,5060460.907057016,2021-09,425096.92785952316,,2021
541,,1.1 - Lending Revenues,,,9,,2021-09,,3921202.6885145754,2021
542,,1.2 - Liquidations Revenues,,,9,,2021-09,,3520470.241596997,2021
543,,1.3 - Trading Revenues,,,9,,2021-09,,425096.92785952316,2021
544,,1.4 - Lending Expenses,,,9,,2021-09,,-789.5252942449426,2021
545,,1.5 - Liquidations Expenses,,,9,,2021-09,,0.0,2021
546,-2805519.4256198346,1.6 - Workforce Expenses,,,9,,2021-09,,-2805519.4256198346,2021
547,,1.9 - Net Income,3920413.1632203306,3520470.241596997,9,5060460.907057016,2021-09,425096.92785952316,5060460.907057016,2021
548,,2 - Assets,,,9,,2021-09,,,2021
549,,2.1 - Crypto Loans,,,9,,2021-09,,2912854940.1412106,2021
550,,2.2 - Trading Assets,,,9,,2021-09,,3394050338.925247,2021
551,,2.8 - Operating Reserves,,,9,,2021-09,,,2021
552,,2.9 - Total Assets,,,9,,2021-09,,6306905279.066458,2021
553,,3 - Liabilities & Equity,,,9,,2021-09,,,2021
554,,3.1 - Liabilities (DAI),,,9,,2021-09,,6251615121.122577,2021
555,,3.7 - Equity (Surplus Buffer),,,9,,2021-09,,55290157.94387968,2021
556,,3.8 - Equity (Operating Reserves),,,9,,2021-09,,,2021
557,,3.9 - Total Liabilities & Equity,,,9,,2021-09,,6306905279.066456,2021
558,-2990860.0,1 - PnL,3381383.8533826265,190229.03422775143,8,842181.8497552169,2021-08,261428.96214483876,,2021
559,,1.1 - Lending Revenues,,,8,,2021-08,,3382076.3551097875,2021
560,,1.2 - Liquidations Revenues,,,8,,2021-08,,190229.03422775143,2021
561,,1.3 - Trading Revenues,,,8,,2021-08,,261428.96214483876,2021
562,,1.4 - Lending Expenses,,,8,,2021-08,,-692.5017271607396,2021
563,,1.5 - Liquidations Expenses,,,8,,2021-08,,0.0,2021
564,-2990860.0,1.6 - Workforce Expenses,,,8,,2021-08,,-2990860.0,2021
565,,1.9 - Net Income,3381383.8533826265,190229.03422775143,8,842181.8497552169,2021-08,261428.96214483876,842181.8497552169,2021
566,,2 - Assets,,,8,,2021-08,,,2021
567,,2.1 - Crypto Loans,,,8,,2021-08,,2648143247.155532,2021
568,,2.2 - Trading Assets,,,8,,2021-08,,3361006014.8348618,2021
569,,2.8 - Operating Reserves,,,8,,2021-08,,,2021
570,,2.9 - Total Assets,,,8,,2021-08,,6009149261.990394,2021
571,,3 - Liabilities & Equity,,,8,,2021-08,,,2021
572,,3.1 - Liabilities (DAI),,,8,,2021-08,,5958879361.57925,2021
573,,3.7 - Equity (Surplus Buffer),,,8,,2021-08,,50269900.411141664,2021
574,,3.8 - Equity (Operating Reserves),,,8,,2021-08,,,2021
575,,3.9 - Total Liabilities & Equity,,,8,,2021-08,,6009149261.990391,2021
576,-2510503.0,1 - PnL,4437250.015952215,55631.569965384435,7,2256515.5120273335,2021-07,274136.9261097347,,2021
577,,1.1 - Lending Revenues,,,7,,2021-07,,4437787.463944242,2021
578,,1.2 - Liquidations Revenues,,,7,,2021-07,,55631.569965384435,2021
579,,1.3 - Trading Revenues,,,7,,2021-07,,274136.9261097347,2021
580,,1.4 - Lending Expenses,,,7,,2021-07,,-537.4479920276236,2021
581,,1.5 - Liquidations Expenses,,,7,,2021-07,,0.0,2021
582,-2510503.0,1.6 - Workforce Expenses,,,7,,2021-07,,-2510503.0,2021
583,,1.9 - Net Income,4437250.015952215,55631.569965384435,7,2256515.5120273335,2021-07,274136.9261097347,2256515.5120273335,2021
584,,2 - Assets,,,7,,2021-07,,,2021
585,,2.1 - Crypto Loans,,,7,,2021-07,,2316677006.917503,2021
586,,2.2 - Trading Assets,,,7,,2021-07,,3193336138.6241236,2021
587,,2.8 - Operating Reserves,,,7,,2021-07,,,2021
588,,2.9 - Total Assets,,,7,,2021-07,,5510013145.541626,2021
589,,3 - Liabilities & Equity,,,7,,2021-07,,,2021
590,,3.1 - Liabilities (DAI),,,7,,2021-07,,5460581073.450942,2021
591,,3.7 - Equity (Surplus Buffer),,,7,,2021-07,,49432072.09068397,2021
592,,3.8 - Equity (Operating Reserves),,,7,,2021-07,,,2021
593,,3.9 - Total Liabilities & Equity,,,7,,2021-07,,5510013145.541626,2021
594,-1543127.0,1 - PnL,8294741.67933385,1088009.225270424,6,9086975.019898858,2021-06,1247351.1152945836,,2021
595,,1.1 - Lending Revenues,,,6,,2021-06,,8295323.714310847,2021
596,,1.2 - Liquidations Revenues,,,6,,2021-06,,1088009.225270424,2021
597,,1.3 - Trading Revenues,,,6,,2021-06,,1247351.1152945836,2021
598,,1.4 - Lending Expenses,,,6,,2021-06,,-582.0349769977543,2021
599,,1.5 - Liquidations Expenses,,,6,,2021-06,,0.0,2021
600,-1543127.0,1.6 - Workforce Expenses,,,6,,2021-06,,-1543127.0,2021
601,,1.9 - Net Income,8294741.67933385,1088009.225270424,6,9086975.019898858,2021-06,1247351.1152945836,9086975.019898858,2021
602,,2 - Assets,,,6,,2021-06,,,2021
603,,2.1 - Crypto Loans,,,6,,2021-06,,2276378419.17162,2021
604,,2.2 - Trading Assets,,,6,,2021-06,,2998112653.4276533,2021
605,,2.8 - Operating Reserves,,,6,,2021-06,,,2021
606,,2.9 - Total Assets,,,6,,2021-06,,5274491072.599273,2021
607,,3 - Liabilities & Equity,,,6,,2021-06,,,2021
608,,3.1 - Liabilities (DAI),,,6,,2021-06,,5227279632.453893,2021
609,,3.7 - Equity (Surplus Buffer),,,6,,2021-06,,47211440.145380184,2021
610,,3.8 - Equity (Operating Reserves),,,6,,2021-06,,,2021
611,,3.9 - Total Liabilities & Equity,,,6,,2021-06,,5274491072.599273,2021
612,-1544472.0,1 - PnL,13245163.722230576,9410268.310237661,5,22332407.40480908,2021-05,1221447.3723408454,,2021
613,,1.1 - Lending Revenues,,,5,,2021-05,,13245850.745166827,2021
614,,1.2 - Liquidations Revenues,,,5,,2021-05,,9410268.310237661,2021
615,,1.3 - Trading Revenues,,,5,,2021-05,,1221447.3723408454,2021
616,,1.4 - Lending Expenses,,,5,,2021-05,,-687.0229362530034,2021
617,,1.5 - Liquidations Expenses,,,5,,2021-05,,0.0,2021
618,-1544472.0,1.6 - Workforce Expenses,,,5,,2021-05,,-1544472.0,2021
619,,1.9 - Net Income,13245163.722230576,9410268.310237661,5,22332407.40480908,2021-05,1221447.3723408454,22332407.40480908,2021
620,,2 - Assets,,,5,,2021-05,,,2021
621,,2.1 - Crypto Loans,,,5,,2021-05,,2696776703.244625,2021
622,,2.2 - Trading Assets,,,5,,2021-05,,1844268264.2060964,2021
623,,2.8 - Operating Reserves,,,5,,2021-05,,,2021
624,,2.9 - Total Assets,,,5,,2021-05,,4541044967.450722,2021
625,,3 - Liabilities & Equity,,,5,,2021-05,,,2021
626,,3.1 - Liabilities (DAI),,,5,,2021-05,,4502430745.01428,2021
627,,3.7 - Equity (Surplus Buffer),,,5,,2021-05,,38614222.43643944,2021
628,,3.8 - Equity (Operating Reserves),,,5,,2021-05,,,2021
629,,3.9 - Total Liabilities & Equity,,,5,,2021-05,,4541044967.450721,2021
630,-2030500.0,1 - PnL,10286762.971145727,2263621.1559298187,4,10679057.637916073,2021-04,159173.51084052926,,2021
631,,1.1 - Lending Revenues,,,4,,2021-04,,10287432.558153339,2021
632,,1.2 - Liquidations Revenues,,,4,,2021-04,,2263621.1559298187,2021
633,,1.3 - Trading Revenues,,,4,,2021-04,,159173.51084052926,2021
634,,1.4 - Lending Expenses,,,4,,2021-04,,-669.5870076124411,2021
635,,1.5 - Liquidations Expenses,,,4,,2021-04,,0.0,2021
636,-2030500.0,1.6 - Workforce Expenses,,,4,,2021-04,,-2030500.0,2021
637,,1.9 - Net Income,10286762.971145727,2263621.1559298187,4,10679057.637916073,2021-04,159173.51084052926,10679057.637916073,2021
638,,2 - Assets,,,4,,2021-04,,,2021
639,,2.1 - Crypto Loans,,,4,,2021-04,,3149905874.077538,2021
640,,2.2 - Trading Assets,,,4,,2021-04,,643375622.953136,2021
641,,2.8 - Operating Reserves,,,4,,2021-04,,,2021
642,,2.9 - Total Assets,,,4,,2021-04,,3793281497.030674,2021
643,,3 - Liabilities & Equity,,,4,,2021-04,,,2021
644,,3.1 - Liabilities (DAI),,,4,,2021-04,,3764616558.66487,2021
645,,3.7 - Equity (Surplus Buffer),,,4,,2021-04,,28664938.365800753,2021
646,,3.8 - Equity (Operating Reserves),,,4,,2021-04,,,2021
647,,3.9 - Total Liabilities & Equity,,,4,,2021-04,,3793281497.030671,2021
648,0.0,1 - PnL,8116079.30134495,205622.80538908462,3,8729411.738887737,2021-03,407709.6321537024,,2021
649,,1.1 - Lending Revenues,,,3,,2021-03,,8116235.376538947,2021
650,,1.2 - Liquidations Revenues,,,3,,2021-03,,205622.80538908462,2021
651,,1.3 - Trading Revenues,,,3,,2021-03,,407709.6321537024,2021
652,,1.4 - Lending Expenses,,,3,,2021-03,,-156.07519399780088,2021
653,,1.5 - Liquidations Expenses,,,3,,2021-03,,0.0,2021
654,0.0,1.6 - Workforce Expenses,,,3,,2021-03,,0.0,2021
655,,1.9 - Net Income,8116079.30134495,205622.80538908462,3,8729411.738887737,2021-03,407709.6321537024,8729411.738887737,2021
656,,2 - Assets,,,3,,2021-03,,,2021
657,,2.1 - Crypto Loans,,,3,,2021-03,,2339321983.702444,2021
658,,2.2 - Trading Assets,,,3,,2021-03,,651098354.924227,2021
659,,2.8 - Operating Reserves,,,3,,2021-03,,,2021
660,,2.9 - Total Assets,,,3,,2021-03,,2990420338.626671,2021
661,,3 - Liabilities & Equity,,,3,,2021-03,,,2021
662,,3.1 - Liabilities (DAI),,,3,,2021-03,,2970724422.3538036,2021
663,,3.7 - Equity (Surplus Buffer),,,3,,2021-03,,19695916.272865728,2021
664,,3.8 - Equity (Operating Reserves),,,3,,2021-03,,,2021
665,,3.9 - Total Liabilities & Equity,,,3,,2021-03,,2990420338.62667,2021
666,-100000.00000000001,1 - PnL,4810484.9412360545,1638982.9195700847,2,6547116.466894615,2021-02,197648.60608847725,,2021
667,,1.1 - Lending Revenues,,,2,,2021-02,,4810494.543009097,2021
668,,1.2 - Liquidations Revenues,,,2,,2021-02,,1638982.9195700847,2021
669,,1.3 - Trading Revenues,,,2,,2021-02,,197648.60608847725,2021
670,,1.4 - Lending Expenses,,,2,,2021-02,,-9.60177304229996,2021
671,,1.5 - Liquidations Expenses,,,2,,2021-02,,0.0,2021
672,-100000.00000000001,1.6 - Workforce Expenses,,,2,,2021-02,,-100000.00000000001,2021
673,,1.9 - Net Income,4810484.9412360545,1638982.9195700847,2,6547116.466894615,2021-02,197648.60608847725,6547116.466894615,2021
674,,2 - Assets,,,2,,2021-02,,,2021
675,,2.1 - Crypto Loans,,,2,,2021-02,,2101731965.822307,2021
676,,2.2 - Trading Assets,,,2,,2021-02,,243482595.533642,2021
677,,2.8 - Operating Reserves,,,2,,2021-02,,,2021
678,,2.9 - Total Assets,,,2,,2021-02,,2345214561.355949,2021
679,,3 - Liabilities & Equity,,,2,,2021-02,,,2021
680,,3.1 - Liabilities (DAI),,,2,,2021-02,,2334248056.821968,2021
681,,3.7 - Equity (Surplus Buffer),,,2,,2021-02,,10966504.533977991,2021
682,,3.8 - Equity (Operating Reserves),,,2,,2021-02,,,2021
683,,3.9 - Total Liabilities & Equity,,,2,,2021-02,,2345214561.3559465,2021
684,-12700.0,1 - PnL,2501908.773891887,516581.328288625,1,3054234.7107918817,2021-01,48444.60861136953,,2021
685,,1.1 - Lending Revenues,,,1,,2021-01,,2501908.773891887,2021
686,,1.2 - Liquidations Revenues,,,1,,2021-01,,516581.328288625,2021
687,,1.3 - Trading Revenues,,,1,,2021-01,,48444.60861136953,2021
688,,1.4 - Lending Expenses,,,1,,2021-01,,0.0,2021
689,,1.5 - Liquidations Expenses,,,1,,2021-01,,0.0,2021
690,-12700.0,1.6 - Workforce Expenses,,,1,,2021-01,,-12700.0,2021
691,,1.9 - Net Income,2501908.773891887,516581.328288625,1,3054234.7107918817,2021-01,48444.60861136953,3054234.7107918817,2021
692,,2 - Assets,,,1,,2021-01,,,2021
693,,2.1 - Crypto Loans,,,1,,2021-01,,1593655481.7603905,2021
694,,2.2 - Trading Assets,,,1,,2021-01,,45882992.415848985,2021
695,,2.8 - Operating Reserves,,,1,,2021-01,,,2021
696,,2.9 - Total Assets,,,1,,2021-01,,1639538474.1762397,2021
697,,3 - Liabilities & Equity,,,1,,2021-01,,,2021
698,,3.1 - Liabilities (DAI),,,1,,2021-01,,1634099086.1091542,2021
699,,3.7 - Equity (Surplus Buffer),,,1,,2021-01,,5439388.067083377,2021
700,,3.8 - Equity (Operating Reserves),,,1,,2021-01,,,2021
701,,3.9 - Total Liabilities & Equity,,,1,,2021-01,,1639538474.1762376,2021
702,0.0,1 - PnL,1349301.9972071326,66858.29776479583,12,2132375.4371411875,2020-12,716215.142169259,,2020
703,,1.1 - Lending Revenues,,,12,,2020-12,,1349301.9972071326,2020
704,,1.2 - Liquidations Revenues,,,12,,2020-12,,66858.29776479583,2020
705,,1.3 - Trading Revenues,,,12,,2020-12,,716215.142169259,2020
706,,1.4 - Lending Expenses,,,12,,2020-12,,0.0,2020
707,,1.5 - Liquidations Expenses,,,12,,2020-12,,0.0,2020
708,0.0,1.6 - Workforce Expenses,,,12,,2020-12,,0.0,2020
709,,1.9 - Net Income,1349301.9972071326,66858.29776479583,12,2132375.4371411875,2020-12,716215.142169259,2132375.4371411875,2020
710,,2 - Assets,,,12,,2020-12,,,2020
711,,2.1 - Crypto Loans,,,12,,2020-12,,1169510520.7287178,2020
712,,2.2 - Trading Assets,,,12,,2020-12,,1.0,2020
713,,2.8 - Operating Reserves,,,12,,2020-12,,,2020
714,,2.9 - Total Assets,,,12,,2020-12,,1169510521.7287178,2020
715,,3 - Liabilities & Equity,,,12,,2020-12,,,2020
716,,3.1 - Liabilities (DAI),,,12,,2020-12,,1165505368.3724248,2020
717,,3.7 - Equity (Surplus Buffer),,,12,,2020-12,,4005153.3562914943,2020
718,,3.8 - Equity (Operating Reserves),,,12,,2020-12,,,2020
719,,3.9 - Total Liabilities & Equity,,,12,,2020-12,,1169510521.7287164,2020
720,0.0,1 - PnL,1033795.7175001712,151056.59892878542,11,2741097.10825366,2020-11,1556244.7918247033,,2020
721,,1.1 - Lending Revenues,,,11,,2020-11,,1033795.7175001712,2020
722,,1.2 - Liquidations Revenues,,,11,,2020-11,,151056.59892878542,2020
723,,1.3 - Trading Revenues,,,11,,2020-11,,1556244.7918247033,2020
724,,1.4 - Lending Expenses,,,11,,2020-11,,0.0,2020
725,,1.5 - Liquidations Expenses,,,11,,2020-11,,0.0,2020
726,0.0,1.6 - Workforce Expenses,,,11,,2020-11,,0.0,2020
727,,1.9 - Net Income,1033795.7175001712,151056.59892878542,11,2741097.10825366,2020-11,1556244.7918247033,2741097.10825366,2020
728,,2 - Assets,,,11,,2020-11,,,2020
729,,2.1 - Crypto Loans,,,11,,2020-11,,1043658906.0559939,2020
730,,2.2 - Trading Assets,,,11,,2020-11,,0.0,2020
731,,2.8 - Operating Reserves,,,11,,2020-11,,,2020
732,,2.9 - Total Assets,,,11,,2020-11,,1043658906.0559939,2020
733,,3 - Liabilities & Equity,,,11,,2020-11,,,2020
734,,3.1 - Liabilities (DAI),,,11,,2020-11,,1039656128.1368423,2020
735,,3.7 - Equity (Surplus Buffer),,,11,,2020-11,,4002777.919150307,2020
736,,3.8 - Equity (Operating Reserves),,,11,,2020-11,,,2020
737,,3.9 - Total Liabilities & Equity,,,11,,2020-11,,1043658906.0559926,2020
738,0.0,1 - PnL,896025.2498202156,17480.758575059706,10,2462069.6611937545,2020-10,1548563.652798479,,2020
739,,1.1 - Lending Revenues,,,10,,2020-10,,896025.2498202156,2020
740,,1.2 - Liquidations Revenues,,,10,,2020-10,,17480.758575059706,2020
741,,1.3 - Trading Revenues,,,10,,2020-10,,1548563.652798479,2020
742,,1.4 - Lending Expenses,,,10,,2020-10,,0.0,2020
743,,1.5 - Liquidations Expenses,,,10,,2020-10,,0.0,2020
744,0.0,1.6 - Workforce Expenses,,,10,,2020-10,,0.0,2020
745,,1.9 - Net Income,896025.2498202156,17480.758575059706,10,2462069.6611937545,2020-10,1548563.652798479,2462069.6611937545,2020
746,,2 - Assets,,,10,,2020-10,,,2020
747,,2.1 - Crypto Loans,,,10,,2020-10,,924801168.8511653,2020
748,,2.2 - Trading Assets,,,10,,2020-10,,0.0,2020
749,,2.8 - Operating Reserves,,,10,,2020-10,,,2020
750,,2.9 - Total Assets,,,10,,2020-10,,924801168.8511653,2020
751,,3 - Liabilities & Equity,,,10,,2020-10,,,2020
752,,3.1 - Liabilities (DAI),,,10,,2020-10,,922429488.0402676,2020
753,,3.7 - Equity (Surplus Buffer),,,10,,2020-10,,2371680.8108966486,2020
754,,3.8 - Equity (Operating Reserves),,,10,,2020-10,,,2020
755,,3.9 - Total Liabilities & Equity,,,10,,2020-10,,924801168.8511642,2020
756,0.0,1 - PnL,191086.96331909508,174711.37875142368,9,962745.0399926796,2020-09,596946.6979221608,,2020
757,,1.1 - Lending Revenues,,,9,,2020-09,,191086.96331909508,2020
758,,1.2 - Liquidations Revenues,,,9,,2020-09,,174711.37875142368,2020
759,,1.3 - Trading Revenues,,,9,,2020-09,,596946.6979221608,2020
760,,1.4 - Lending Expenses,,,9,,2020-09,,0.0,2020
761,,1.5 - Liquidations Expenses,,,9,,2020-09,,0.0,2020
762,0.0,1.6 - Workforce Expenses,,,9,,2020-09,,0.0,2020
763,,1.9 - Net Income,191086.96331909508,174711.37875142368,9,962745.0399926796,2020-09,596946.6979221608,962745.0399926796,2020
764,,2 - Assets,,,9,,2020-09,,,2020
765,,2.1 - Crypto Loans,,,9,,2020-09,,893510665.7200165,2020
766,,2.2 - Trading Assets,,,9,,2020-09,,0.0,2020
767,,2.8 - Operating Reserves,,,9,,2020-09,,,2020
768,,2.9 - Total Assets,,,9,,2020-09,,893510665.7200165,2020
769,,3 - Liabilities & Equity,,,9,,2020-09,,,2020
770,,3.1 - Liabilities (DAI),,,9,,2020-09,,892181054.5703126,2020
771,,3.7 - Equity (Surplus Buffer),,,9,,2020-09,,1329611.1497028926,2020
772,,3.8 - Equity (Operating Reserves),,,9,,2020-09,,,2020
773,,3.9 - Total Liabilities & Equity,,,9,,2020-09,,893510665.7200155,2020
774,0.0,1 - PnL,7090.517961985233,20103.94207338526,8,39460.56868972225,2020-08,12266.108654351749,,2020
775,,1.1 - Lending Revenues,,,8,,2020-08,,7090.517961985233,2020
776,,1.2 - Liquidations Revenues,,,8,,2020-08,,20103.94207338526,2020
777,,1.3 - Trading Revenues,,,8,,2020-08,,12266.108654351749,2020
778,,1.4 - Lending Expenses,,,8,,2020-08,,0.0,2020
779,,1.5 - Liquidations Expenses,,,8,,2020-08,,0.0,2020
780,0.0,1.6 - Workforce Expenses,,,8,,2020-08,,0.0,2020
781,,1.9 - Net Income,7090.517961985233,20103.94207338526,8,39460.56868972225,2020-08,12266.108654351749,39460.56868972225,2020
782,,2 - Assets,,,8,,2020-08,,,2020
783,,2.1 - Crypto Loans,,,8,,2020-08,,442396656.5997287,2020
784,,2.2 - Trading Assets,,,8,,2020-08,,0.0,2020
785,,2.8 - Operating Reserves,,,8,,2020-08,,,2020
786,,2.9 - Total Assets,,,8,,2020-08,,442396656.5997287,2020
787,,3 - Liabilities & Equity,,,8,,2020-08,,,2020
788,,3.1 - Liabilities (DAI),,,8,,2020-08,,442029790.4900178,2020
789,,3.7 - Equity (Surplus Buffer),,,8,,2020-08,,366866.1097102143,2020
790,,3.8 - Equity (Operating Reserves),,,8,,2020-08,,,2020
791,,3.9 - Total Liabilities & Equity,,,8,,2020-08,,442396656.599728,2020
792,0.0,1 - PnL,33966.642352621,2163.765027922451,7,128524.38430301117,2020-07,92393.97692246773,,2020
793,,1.1 - Lending Revenues,,,7,,2020-07,,33966.642352621,2020
794,,1.2 - Liquidations Revenues,,,7,,2020-07,,2163.765027922451,2020
795,,1.3 - Trading Revenues,,,7,,2020-07,,92393.97692246773,2020
796,,1.4 - Lending Expenses,,,7,,2020-07,,0.0,2020
797,,1.5 - Liquidations Expenses,,,7,,2020-07,,0.0,2020
798,0.0,1.6 - Workforce Expenses,,,7,,2020-07,,0.0,2020
799,,1.9 - Net Income,33966.642352621,2163.765027922451,7,128524.38430301117,2020-07,92393.97692246773,128524.38430301117,2020
800,,2 - Assets,,,7,,2020-07,,,2020
801,,2.1 - Crypto Loans,,,7,,2020-07,,362999338.47932464,2020
802,,2.2 - Trading Assets,,,7,,2020-07,,0.0,2020
803,,2.8 - Operating Reserves,,,7,,2020-07,,,2020
804,,2.9 - Total Assets,,,7,,2020-07,,362999338.47932464,2020
805,,3 - Liabilities & Equity,,,7,,2020-07,,,2020
806,,3.1 - Liabilities (DAI),,,7,,2020-07,,362671932.9383048,2020
807,,3.7 - Equity (Surplus Buffer),,,7,,2020-07,,327405.54102049174,2020
808,,3.8 - Equity (Operating Reserves),,,7,,2020-07,,,2020
809,,3.9 - Total Liabilities & Equity,,,7,,2020-07,,362999338.47932523,2020
810,0.0,1 - PnL,10501.701311780216,109196.43623416394,6,120628.50810873114,2020-06,930.3705627869927,,2020
811,,1.1 - Lending Revenues,,,6,,2020-06,,10501.701311780216,2020
812,,1.2 - Liquidations Revenues,,,6,,2020-06,,109196.43623416394,2020
813,,1.3 - Trading Revenues,,,6,,2020-06,,930.3705627869927,2020
814,,1.4 - Lending Expenses,,,6,,2020-06,,0.0,2020
815,,1.5 - Liquidations Expenses,,,6,,2020-06,,0.0,2020
816,0.0,1.6 - Workforce Expenses,,,6,,2020-06,,0.0,2020
817,,1.9 - Net Income,10501.701311780216,109196.43623416394,6,120628.50810873114,2020-06,930.3705627869927,120628.50810873114,2020
818,,2 - Assets,,,6,,2020-06,,,2020
819,,2.1 - Crypto Loans,,,6,,2020-06,,127330715.57273561,2020
820,,2.2 - Trading Assets,,,6,,2020-06,,0.0,2020
821,,2.8 - Operating Reserves,,,6,,2020-06,,,2020
822,,2.9 - Total Assets,,,6,,2020-06,,127330715.57273561,2020
823,,3 - Liabilities & Equity,,,6,,2020-06,,,2020
824,,3.1 - Liabilities (DAI),,,6,,2020-06,,127131834.41601792,2020
825,,3.7 - Equity (Surplus Buffer),,,6,,2020-06,,198881.15671748086,2020
826,,3.8 - Equity (Operating Reserves),,,6,,2020-06,,,2020
827,,3.9 - Total Liabilities & Equity,,,6,,2020-06,,127330715.5727354,2020
828,0.0,1 - PnL,2828.772946997252,32573.1667800984,5,36867.281996215046,2020-05,1465.3422691193964,,2020
829,,1.1 - Lending Revenues,,,5,,2020-05,,2828.772946997252,2020
830,,1.2 - Liquidations Revenues,,,5,,2020-05,,32573.1667800984,2020
831,,1.3 - Trading Revenues,,,5,,2020-05,,1465.3422691193964,2020
832,,1.4 - Lending Expenses,,,5,,2020-05,,0.0,2020
833,,1.5 - Liquidations Expenses,,,5,,2020-05,,0.0,2020
834,0.0,1.6 - Workforce Expenses,,,5,,2020-05,,0.0,2020
835,,1.9 - Net Income,2828.772946997252,32573.1667800984,5,36867.281996215046,2020-05,1465.3422691193964,36867.281996215046,2020
836,,2 - Assets,,,5,,2020-05,,,2020
837,,2.1 - Crypto Loans,,,5,,2020-05,,129988074.34639947,2020
838,,2.2 - Trading Assets,,,5,,2020-05,,0.0,2020
839,,2.8 - Operating Reserves,,,5,,2020-05,,,2020
840,,2.9 - Total Assets,,,5,,2020-05,,129988074.34639947,2020
841,,3 - Liabilities & Equity,,,5,,2020-05,,,2020
842,,3.1 - Liabilities (DAI),,,5,,2020-05,,129909821.69779047,2020
843,,3.7 - Equity (Surplus Buffer),,,5,,2020-05,,78252.64860874857,2020
844,,3.8 - Equity (Operating Reserves),,,5,,2020-05,,,2020
845,,3.9 - Total Liabilities & Equity,,,5,,2020-05,,129988074.34639922,2020
846,0.0,1 - PnL,21191.903182150018,11799.083246235517,4,50782.208348887645,2020-04,17791.22192050211,,2020
847,,1.1 - Lending Revenues,,,4,,2020-04,,21191.903182150018,2020
848,,1.2 - Liquidations Revenues,,,4,,2020-04,,11799.083246235517,2020
849,,1.3 - Trading Revenues,,,4,,2020-04,,17791.22192050211,2020
850,,1.4 - Lending Expenses,,,4,,2020-04,,0.0,2020
851,,1.5 - Liquidations Expenses,,,4,,2020-04,,0.0,2020
852,0.0,1.6 - Workforce Expenses,,,4,,2020-04,,0.0,2020
853,,1.9 - Net Income,21191.903182150018,11799.083246235517,4,50782.208348887645,2020-04,17791.22192050211,50782.208348887645,2020
854,,2 - Assets,,,4,,2020-04,,,2020
855,,2.1 - Crypto Loans,,,4,,2020-04,,99737116.85066018,2020
856,,2.2 - Trading Assets,,,4,,2020-04,,0.0,2020
857,,2.8 - Operating Reserves,,,4,,2020-04,,,2020
858,,2.9 - Total Assets,,,4,,2020-04,,99737116.85066018,2020
859,,3 - Liabilities & Equity,,,4,,2020-04,,,2020
860,,3.1 - Liabilities (DAI),,,4,,2020-04,,99695731.48404749,2020
861,,3.7 - Equity (Surplus Buffer),,,4,,2020-04,,41385.366612532875,2020
862,,3.8 - Equity (Operating Reserves),,,4,,2020-04,,,2020
863,,3.9 - Total Liabilities & Equity,,,4,,2020-04,,99737116.85066001,2020
864,0.0,1 - PnL,146380.2753785409,-5787399.492788428,3,-5601718.874319772,2020-03,39300.343090115624,,2020
865,,1.1 - Lending Revenues,,,3,,2020-03,,339793.93944883905,2020
866,,1.2 - Liquidations Revenues,,,3,,2020-03,,0.0,2020
867,,1.3 - Trading Revenues,,,3,,2020-03,,39300.343090115624,2020
868,,1.4 - Lending Expenses,,,3,,2020-03,,-193413.66407029817,2020
869,,1.5 - Liquidations Expenses,,,3,,2020-03,,-5787399.492788428,2020
870,0.0,1.6 - Workforce Expenses,,,3,,2020-03,,0.0,2020
871,,1.9 - Net Income,146380.2753785409,-5787399.492788428,3,-5601718.874319772,2020-03,39300.343090115624,-5601718.874319772,2020
872,,2 - Assets,,,3,,2020-03,,,2020
873,,2.1 - Crypto Loans,,,3,,2020-03,,83316231.70835483,2020
874,,2.2 - Trading Assets,,,3,,2020-03,,0.0,2020
875,,2.8 - Operating Reserves,,,3,,2020-03,,,2020
876,,2.9 - Total Assets,,,3,,2020-03,,83316231.70835483,2020
877,,3 - Liabilities & Equity,,,3,,2020-03,,,2020
878,,3.1 - Liabilities (DAI),,,3,,2020-03,,83325628.55009091,2020
879,,3.7 - Equity (Surplus Buffer),,,3,,2020-03,,-9396.841736353934,2020
880,,3.8 - Equity (Operating Reserves),,,3,,2020-03,,,2020
881,,3.9 - Total Liabilities & Equity,,,3,,2020-03,,83316231.70835456,2020
882,0.0,1 - PnL,334137.3604878803,31227.41919165966,2,365364.77967953996,2020-02,0.0,,2020
883,,1.1 - Lending Revenues,,,2,,2020-02,,719575.3504983034,2020
884,,1.2 - Liquidations Revenues,,,2,,2020-02,,31227.41919165966,2020
885,,1.3 - Trading Revenues,,,2,,2020-02,,0.0,2020
886,,1.4 - Lending Expenses,,,2,,2020-02,,-385437.9900104232,2020
887,,1.5 - Liquidations Expenses,,,2,,2020-02,,0.0,2020
888,0.0,1.6 - Workforce Expenses,,,2,,2020-02,,0.0,2020
889,,1.9 - Net Income,334137.3604878803,31227.41919165966,2,365364.77967953996,2020-02,0.0,365364.77967953996,2020
890,,2 - Assets,,,2,,2020-02,,,2020
891,,2.1 - Crypto Loans,,,2,,2020-02,,119275347.31668504,2020
892,,2.2 - Trading Assets,,,2,,2020-02,,0.0,2020
893,,2.8 - Operating Reserves,,,2,,2020-02,,,2020
894,,2.9 - Total Assets,,,2,,2020-02,,119275347.31668504,2020
895,,3 - Liabilities & Equity,,,2,,2020-02,,,2020
896,,3.1 - Liabilities (DAI),,,2,,2020-02,,118773025.28410143,2020
897,,3.7 - Equity (Surplus Buffer),,,2,,2020-02,,502322.0325834182,2020
898,,3.8 - Equity (Operating Reserves),,,2,,2020-02,,,2020
899,,3.9 - Total Liabilities & Equity,,,2,,2020-02,,119275347.31668486,2020
900,0.0,1 - PnL,252021.3274880242,1410.7195406555766,1,253432.04702867978,2020-01,0.0,,2020
901,,1.1 - Lending Revenues,,,1,,2020-01,,443047.269177262,2020
902,,1.2 - Liquidations Revenues,,,1,,2020-01,,1410.7195406555766,2020
903,,1.3 - Trading Revenues,,,1,,2020-01,,0.0,2020
904,,1.4 - Lending Expenses,,,1,,2020-01,,-191025.94168923775,2020
905,,1.5 - Liquidations Expenses,,,1,,2020-01,,0.0,2020
906,0.0,1.6 - Workforce Expenses,,,1,,2020-01,,0.0,2020
907,,1.9 - Net Income,252021.3274880242,1410.7195406555766,1,253432.04702867978,2020-01,0.0,253432.04702867978,2020
908,,2 - Assets,,,1,,2020-01,,,2020
909,,2.1 - Crypto Loans,,,1,,2020-01,,107709249.00283173,2020
910,,2.2 - Trading Assets,,,1,,2020-01,,0.0,2020
911,,2.8 - Operating Reserves,,,1,,2020-01,,,2020
912,,2.9 - Total Assets,,,1,,2020-01,,107709249.00283173,2020
913,,3 - Liabilities & Equity,,,1,,2020-01,,,2020
914,,3.1 - Liabilities (DAI),,,1,,2020-01,,107212291.74992771,2020
915,,3.7 - Equity (Surplus Buffer),,,1,,2020-01,,496957.2529038781,2020
916,,3.8 - Equity (Operating Reserves),,,1,,2020-01,,,2020
917,,3.9 - Total Liabilities & Equity,,,1,,2020-01,,107709249.0028316,2020
918,0.0,1 - PnL,146382.06061062965,50591.30773180071,12,196973.36834243036,2019-12,0.0,,2019
919,,1.1 - Lending Revenues,,,12,,2019-12,,202476.66419640422,2019
920,,1.2 - Liquidations Revenues,,,12,,2019-12,,50591.30773180071,2019
921,,1.3 - Trading Revenues,,,12,,2019-12,,0.0,2019
922,,1.4 - Lending Expenses,,,12,,2019-12,,-56094.603585774574,2019
923,,1.5 - Liquidations Expenses,,,12,,2019-12,,0.0,2019
924,0.0,1.6 - Workforce Expenses,,,12,,2019-12,,0.0,2019
925,,1.9 - Net Income,146382.06061062965,50591.30773180071,12,196973.36834243036,2019-12,0.0,196973.36834243036,2019
926,,2 - Assets,,,12,,2019-12,,,2019
927,,2.1 - Crypto Loans,,,12,,2019-12,,71962891.76456423,2019
928,,2.2 - Trading Assets,,,12,,2019-12,,0.0,2019
929,,2.8 - Operating Reserves,,,12,,2019-12,,,2019
930,,2.9 - Total Assets,,,12,,2019-12,,71962891.76456423,2019
931,,3 - Liabilities & Equity,,,12,,2019-12,,,2019
932,,3.1 - Liabilities (DAI),,,12,,2019-12,,71719366.55868906,2019
933,,3.7 - Equity (Surplus Buffer),,,12,,2019-12,,243525.20587519836,2019
934,,3.8 - Equity (Operating Reserves),,,12,,2019-12,,,2019
935,,3.9 - Total Liabilities & Equity,,,12,,2019-12,,71962891.76456426,2019
936,0.0,1 - PnL,20198.076938831884,26353.76059393611,11,46551.837532768,2019-11,0.0,,2019
937,,1.1 - Lending Revenues,,,11,,2019-11,,21776.77546071079,2019
938,,1.2 - Liquidations Revenues,,,11,,2019-11,,26353.76059393611,2019
939,,1.3 - Trading Revenues,,,11,,2019-11,,0.0,2019
940,,1.4 - Lending Expenses,,,11,,2019-11,,-1578.6985218789034,2019
941,,1.5 - Liquidations Expenses,,,11,,2019-11,,0.0,2019
942,0.0,1.6 - Workforce Expenses,,,11,,2019-11,,0.0,2019
943,,1.9 - Net Income,20198.076938831884,26353.76059393611,11,46551.837532768,2019-11,0.0,46551.837532768,2019
944,,2 - Assets,,,11,,2019-11,,,2019
945,,2.1 - Crypto Loans,,,11,,2019-11,,23732990.97703335,2019
946,,2.2 - Trading Assets,,,11,,2019-11,,0.0,2019
947,,2.8 - Operating Reserves,,,11,,2019-11,,,2019
948,,2.9 - Total Assets,,,11,,2019-11,,23732990.97703335,2019
949,,3 - Liabilities & Equity,,,11,,2019-11,,,2019
950,,3.1 - Liabilities (DAI),,,11,,2019-11,,23686439.13950062,2019
951,,3.7 - Equity (Surplus Buffer),,,11,,2019-11,,46551.837532768,2019
952,,3.8 - Equity (Operating Reserves),,,11,,2019-11,,,2019
953,,3.9 - Total Liabilities & Equity,,,11,,2019-11,,23732990.977033388,2019
