,Date,mkr_market_Close,mkr_market_Volume
0,2019-10-11 00:00:00+00:00,507.65472412109375,13260531
1,2019-10-12 00:00:00+00:00,507.39453125,16557071
2,2019-10-13 00:00:00+00:00,501.7633361816406,16830548
3,2019-10-14 00:00:00+00:00,511.2397155761719,14246216
4,2019-10-15 00:00:00+00:00,495.8100280761719,11560592
5,2019-10-16 00:00:00+00:00,484.4951171875,15462284
6,2019-10-17 00:00:00+00:00,488.2749328613281,13540683
7,2019-10-18 00:00:00+00:00,487.6471557617188,15885206
8,2019-10-19 00:00:00+00:00,494.07525634765625,12077640
9,2019-10-20 00:00:00+00:00,499.4850769042969,10334479
10,2019-10-21 00:00:00+00:00,497.7222290039063,8057849
11,2019-10-22 00:00:00+00:00,493.164794921875,5015403
12,2019-10-23 00:00:00+00:00,460.3201599121094,5128328
13,2019-10-24 00:00:00+00:00,467.1274108886719,4665362
14,2019-10-25 00:00:00+00:00,515.8509521484375,5322499
15,2019-10-26 00:00:00+00:00,503.3443908691406,7319372
16,2019-10-27 00:00:00+00:00,517.5996704101562,5690092
17,2019-10-28 00:00:00+00:00,516.84521484375,5535182
18,2019-10-29 00:00:00+00:00,527.1544799804688,6353265
19,2019-10-30 00:00:00+00:00,526.2838134765625,6290986
20,2019-10-31 00:00:00+00:00,543.6073608398438,7829984
21,2019-11-01 00:00:00+00:00,530.34130859375,5194608
22,2019-11-02 00:00:00+00:00,524.5154418945312,4102314
23,2019-11-03 00:00:00+00:00,525.5394897460938,4250307
24,2019-11-04 00:00:00+00:00,542.6207885742188,4858824
25,2019-11-05 00:00:00+00:00,555.170166015625,6404055
26,2019-11-06 00:00:00+00:00,585.6099853515625,5218515
27,2019-11-07 00:00:00+00:00,659.8153686523438,6984364
28,2019-11-08 00:00:00+00:00,661.1033935546875,5743195
29,2019-11-09 00:00:00+00:00,646.1867065429688,5315946
30,2019-11-10 00:00:00+00:00,668.4005737304688,6183956
31,2019-11-11 00:00:00+00:00,649.7593994140625,5721818
32,2019-11-12 00:00:00+00:00,657.075439453125,5858480
33,2019-11-13 00:00:00+00:00,654.5151977539062,5171580
34,2019-11-14 00:00:00+00:00,647.945068359375,5571038
35,2019-11-15 00:00:00+00:00,605.6710205078125,7938949
36,2019-11-16 00:00:00+00:00,626.503173828125,5652238
37,2019-11-17 00:00:00+00:00,672.6690673828125,6084081
38,2019-11-18 00:00:00+00:00,654.0335693359375,5201375
39,2019-11-19 00:00:00+00:00,605.8088989257812,5493450
40,2019-11-20 00:00:00+00:00,586.1555786132812,5746626
41,2019-11-21 00:00:00+00:00,528.9568481445312,4572658
42,2019-11-22 00:00:00+00:00,519.709228515625,5702366
43,2019-11-23 00:00:00+00:00,551.9620971679688,5249182
44,2019-11-24 00:00:00+00:00,480.0555114746094,4311479
45,2019-11-25 00:00:00+00:00,528.8790283203125,6497521
46,2019-11-26 00:00:00+00:00,527.0369262695312,5182243
47,2019-11-27 00:00:00+00:00,549.742431640625,4793026
48,2019-11-28 00:00:00+00:00,541.324462890625,4507001
49,2019-11-29 00:00:00+00:00,549.6515502929688,4784047
50,2019-11-30 00:00:00+00:00,544.4522705078125,4662481
51,2019-12-01 00:00:00+00:00,512.5621948242188,4896695
52,2019-12-02 00:00:00+00:00,564.0474243164062,4745961
53,2019-12-03 00:00:00+00:00,545.9254150390625,4876703
54,2019-12-04 00:00:00+00:00,495.4049377441406,5053047
55,2019-12-05 00:00:00+00:00,509.8091735839844,5175476
56,2019-12-06 00:00:00+00:00,505.8174743652344,4642910
57,2019-12-07 00:00:00+00:00,501.16741943359375,4295216
58,2019-12-08 00:00:00+00:00,504.44091796875,4052523
59,2019-12-09 00:00:00+00:00,499.81634521484375,3927002
60,2019-12-10 00:00:00+00:00,506.8036804199219,4280554
61,2019-12-11 00:00:00+00:00,489.7584838867188,4460711
62,2019-12-12 00:00:00+00:00,493.525146484375,3823711
63,2019-12-13 00:00:00+00:00,510.72943115234375,4130286
64,2019-12-14 00:00:00+00:00,508.61181640625,4041034
65,2019-12-15 00:00:00+00:00,493.9568176269531,4356116
66,2019-12-16 00:00:00+00:00,461.6302490234375,4724877
67,2019-12-17 00:00:00+00:00,415.1642456054688,4026492
68,2019-12-18 00:00:00+00:00,467.9537963867188,5050557
69,2019-12-19 00:00:00+00:00,481.3053283691406,4761181
70,2019-12-20 00:00:00+00:00,490.3483581542969,4636633
71,2019-12-21 00:00:00+00:00,490.6708984375,4738670
72,2019-12-22 00:00:00+00:00,505.5082092285156,4638315
73,2019-12-23 00:00:00+00:00,460.9329833984375,4633187
74,2019-12-24 00:00:00+00:00,457.3390808105469,5354515
75,2019-12-25 00:00:00+00:00,434.8366394042969,6026951
76,2019-12-26 00:00:00+00:00,432.47607421875,4563748
77,2019-12-27 00:00:00+00:00,427.5562133789063,4557354
78,2019-12-28 00:00:00+00:00,430.7364501953125,3563307
79,2019-12-29 00:00:00+00:00,448.3142700195313,3785106
80,2019-12-30 00:00:00+00:00,442.88958740234375,3878828
81,2019-12-31 00:00:00+00:00,430.9646301269531,3512760
82,2020-01-01 00:00:00+00:00,437.3314514160156,3531182
83,2020-01-02 00:00:00+00:00,425.4354553222656,3608801
84,2020-01-03 00:00:00+00:00,433.5315551757813,3648148
85,2020-01-04 00:00:00+00:00,440.24700927734375,3709471
86,2020-01-05 00:00:00+00:00,442.0890197753906,3750842
87,2020-01-06 00:00:00+00:00,464.474365234375,3950543
88,2020-01-07 00:00:00+00:00,469.8860168457031,3795790
89,2020-01-08 00:00:00+00:00,484.58209228515625,4211004
90,2020-01-09 00:00:00+00:00,462.1171875,4065236
91,2020-01-10 00:00:00+00:00,476.68011474609375,3941850
92,2020-01-11 00:00:00+00:00,479.0594482421875,4896444
93,2020-01-12 00:00:00+00:00,496.2257690429688,3691033
94,2020-01-13 00:00:00+00:00,482.2159729003906,3543697
95,2020-01-14 00:00:00+00:00,533.8690795898438,5079338
96,2020-01-15 00:00:00+00:00,533.8295288085938,4651343
97,2020-01-16 00:00:00+00:00,529.6824340820312,4168861
98,2020-01-17 00:00:00+00:00,515.9676513671875,5097150
99,2020-01-18 00:00:00+00:00,523.1378784179688,4925581
100,2020-01-19 00:00:00+00:00,507.2068786621094,3871380
101,2020-01-20 00:00:00+00:00,483.5213623046875,4937380
102,2020-01-21 00:00:00+00:00,484.0696716308594,4363397
103,2020-01-22 00:00:00+00:00,474.5282897949219,3522250
104,2020-01-23 00:00:00+00:00,473.7789916992188,3578834
105,2020-01-24 00:00:00+00:00,467.6849365234375,3689358
106,2020-01-25 00:00:00+00:00,465.2869873046875,3312795
107,2020-01-26 00:00:00+00:00,484.915283203125,3519127
108,2020-01-27 00:00:00+00:00,487.3707580566406,3793281
109,2020-01-28 00:00:00+00:00,531.9160766601562,4612793
110,2020-01-29 00:00:00+00:00,522.528076171875,3932224
111,2020-01-30 00:00:00+00:00,551.7734985351562,4232265
112,2020-01-31 00:00:00+00:00,545.33154296875,4093150
113,2020-02-01 00:00:00+00:00,552.01220703125,3991779
114,2020-02-02 00:00:00+00:00,558.6697387695312,4134079
115,2020-02-03 00:00:00+00:00,556.2950439453125,4452208
116,2020-02-04 00:00:00+00:00,553.6170043945312,3979687
117,2020-02-05 00:00:00+00:00,583.0748901367188,4686378
118,2020-02-06 00:00:00+00:00,574.1820068359375,5601577
119,2020-02-07 00:00:00+00:00,583.1622924804688,6690307
120,2020-02-08 00:00:00+00:00,578.3179321289062,6079389
121,2020-02-09 00:00:00+00:00,591.7844848632812,6451746
122,2020-02-10 00:00:00+00:00,574.1574096679688,6259386
123,2020-02-11 00:00:00+00:00,585.5481567382812,6457524
124,2020-02-12 00:00:00+00:00,614.3062133789062,7091879
125,2020-02-13 00:00:00+00:00,625.76318359375,7841977
126,2020-02-14 00:00:00+00:00,638.9937133789062,7666723
127,2020-02-15 00:00:00+00:00,607.2802124023438,7230162
128,2020-02-16 00:00:00+00:00,634.7119750976562,8359385
129,2020-02-17 00:00:00+00:00,614.943603515625,7744867
130,2020-02-18 00:00:00+00:00,637.71337890625,7875867
131,2020-02-19 00:00:00+00:00,644.51171875,9185814
132,2020-02-20 00:00:00+00:00,644.869873046875,8684619
133,2020-02-21 00:00:00+00:00,636.6290283203125,7409306
134,2020-02-22 00:00:00+00:00,642.5159912109375,7627663
135,2020-02-23 00:00:00+00:00,653.8270263671875,8325943
136,2020-02-24 00:00:00+00:00,635.5651245117188,7189870
137,2020-02-25 00:00:00+00:00,591.941650390625,7206515
138,2020-02-26 00:00:00+00:00,543.48583984375,6897584
139,2020-02-27 00:00:00+00:00,565.5994873046875,7009677
140,2020-02-28 00:00:00+00:00,580.7872314453125,7473815
141,2020-02-29 00:00:00+00:00,556.4219970703125,6521916
142,2020-03-01 00:00:00+00:00,544.0289306640625,5571792
143,2020-03-02 00:00:00+00:00,571.8616943359375,6566117
144,2020-03-03 00:00:00+00:00,537.464599609375,8793873
145,2020-03-04 00:00:00+00:00,543.1293334960938,8564315
146,2020-03-05 00:00:00+00:00,546.7747192382812,8434264
147,2020-03-06 00:00:00+00:00,588.4059448242188,8022047
148,2020-03-07 00:00:00+00:00,612.8142700195312,7860808
149,2020-03-08 00:00:00+00:00,516.54345703125,6319110
150,2020-03-09 00:00:00+00:00,514.0545043945312,6845671
151,2020-03-10 00:00:00+00:00,507.5246276855469,4860014
152,2020-03-11 00:00:00+00:00,490.4768371582031,4590144
153,2020-03-12 00:00:00+00:00,216.4140472412109,8421637
154,2020-03-13 00:00:00+00:00,272.74859619140625,6327055
155,2020-03-14 00:00:00+00:00,254.25091552734372,4387391
156,2020-03-15 00:00:00+00:00,241.69268798828125,5421446
157,2020-03-16 00:00:00+00:00,213.98226928710935,4735260
158,2020-03-17 00:00:00+00:00,217.0377349853516,4708483
159,2020-03-18 00:00:00+00:00,206.9111175537109,4470449
160,2020-03-19 00:00:00+00:00,262.1672668457031,7152117
161,2020-03-20 00:00:00+00:00,255.8192443847656,5061472
162,2020-03-21 00:00:00+00:00,271.6294250488281,4365424
163,2020-03-22 00:00:00+00:00,255.66360473632807,4114263
164,2020-03-23 00:00:00+00:00,270.2960205078125,3941502
165,2020-03-24 00:00:00+00:00,278.0429992675781,4379856
166,2020-03-25 00:00:00+00:00,278.7743835449219,4336143
167,2020-03-26 00:00:00+00:00,339.4287414550781,5119437
168,2020-03-27 00:00:00+00:00,312.20758056640625,3856178
169,2020-03-28 00:00:00+00:00,308.95916748046875,4381622
170,2020-03-29 00:00:00+00:00,290.3847351074219,3918533
171,2020-03-30 00:00:00+00:00,295.8673400878906,4027365
172,2020-03-31 00:00:00+00:00,279.5102844238281,3355891
173,2020-04-01 00:00:00+00:00,295.783935546875,2988875
174,2020-04-02 00:00:00+00:00,300.4454040527344,2929752
175,2020-04-03 00:00:00+00:00,301.2742919921875,8026264
176,2020-04-04 00:00:00+00:00,319.2801513671875,3119083
177,2020-04-05 00:00:00+00:00,302.5514831542969,3673867
178,2020-04-06 00:00:00+00:00,330.7333068847656,4423901
179,2020-04-07 00:00:00+00:00,325.2426147460937,3258585
180,2020-04-08 00:00:00+00:00,345.1873474121094,3262995
181,2020-04-09 00:00:00+00:00,341.0087585449219,3020411
182,2020-04-10 00:00:00+00:00,335.2994689941406,3359106
183,2020-04-11 00:00:00+00:00,308.8434143066406,2807321
184,2020-04-12 00:00:00+00:00,301.77899169921875,3157758
185,2020-04-13 00:00:00+00:00,300.90020751953125,3469670
186,2020-04-14 00:00:00+00:00,299.02178955078125,3680941
187,2020-04-15 00:00:00+00:00,290.57867431640625,2766469
188,2020-04-16 00:00:00+00:00,301.8900451660156,5317688
189,2020-04-17 00:00:00+00:00,302.4465637207031,3596155
190,2020-04-18 00:00:00+00:00,326.9742126464844,3552161
191,2020-04-19 00:00:00+00:00,324.2339782714844,4398795
192,2020-04-20 00:00:00+00:00,305.1697082519531,4104666
193,2020-04-21 00:00:00+00:00,311.75616455078125,4043196
194,2020-04-22 00:00:00+00:00,326.72576904296875,4342878
195,2020-04-23 00:00:00+00:00,327.59674072265625,4777462
196,2020-04-24 00:00:00+00:00,338.41925048828125,3648685
197,2020-04-25 00:00:00+00:00,337.42724609375,3120910
198,2020-04-26 00:00:00+00:00,345.8827209472656,3347772
199,2020-04-27 00:00:00+00:00,340.7135314941406,2166127
200,2020-04-28 00:00:00+00:00,342.6328430175781,2817079
201,2020-04-29 00:00:00+00:00,353.18511962890625,3596798
202,2020-04-30 00:00:00+00:00,338.7858581542969,4118791
203,2020-05-01 00:00:00+00:00,356.30242919921875,2689762
204,2020-05-02 00:00:00+00:00,359.15283203125,2514864
205,2020-05-03 00:00:00+00:00,373.3368835449219,2812063
206,2020-05-04 00:00:00+00:00,349.2781066894531,3403699
207,2020-05-05 00:00:00+00:00,336.7005310058594,3290879
208,2020-05-06 00:00:00+00:00,332.0472412109375,2776614
209,2020-05-07 00:00:00+00:00,344.5019226074219,3030619
210,2020-05-08 00:00:00+00:00,339.2186584472656,3251342
211,2020-05-09 00:00:00+00:00,341.72869873046875,2513216
212,2020-05-10 00:00:00+00:00,329.0294494628906,4518012
213,2020-05-11 00:00:00+00:00,317.1665954589844,4469427
214,2020-05-12 00:00:00+00:00,322.41217041015625,3224915
215,2020-05-13 00:00:00+00:00,328.6103515625,3341976
216,2020-05-14 00:00:00+00:00,331.98291015625,4644178
217,2020-05-15 00:00:00+00:00,324.6732177734375,5945808
218,2020-05-16 00:00:00+00:00,335.1179504394531,4705120
219,2020-05-17 00:00:00+00:00,340.5827941894531,5767341
220,2020-05-18 00:00:00+00:00,327.3807983398437,7519269
221,2020-05-19 00:00:00+00:00,332.365234375,6016805
222,2020-05-20 00:00:00+00:00,331.3834533691406,5390385
223,2020-05-21 00:00:00+00:00,319.1595764160156,4577816
224,2020-05-22 00:00:00+00:00,321.9778747558594,5469687
225,2020-05-23 00:00:00+00:00,339.66021728515625,6602919
226,2020-05-24 00:00:00+00:00,326.19921875,5588592
227,2020-05-25 00:00:00+00:00,345.8207702636719,5983441
228,2020-05-26 00:00:00+00:00,338.3839111328125,2901371
229,2020-05-27 00:00:00+00:00,347.2768859863281,2433966
230,2020-05-28 00:00:00+00:00,354.9814147949219,2841838
231,2020-05-29 00:00:00+00:00,486.0205993652344,17186941
232,2020-05-30 00:00:00+00:00,511.9816284179688,11924618
233,2020-05-31 00:00:00+00:00,461.1142883300781,8183029
234,2020-06-01 00:00:00+00:00,460.3807373046875,12408341
235,2020-06-02 00:00:00+00:00,443.3888854980469,13030506
236,2020-06-03 00:00:00+00:00,426.65570068359375,11320673
237,2020-06-04 00:00:00+00:00,426.7580871582031,8681675
238,2020-06-05 00:00:00+00:00,478.5386657714844,9084208
239,2020-06-06 00:00:00+00:00,493.9243469238281,11787119
240,2020-06-07 00:00:00+00:00,543.5745849609375,16781005
241,2020-06-08 00:00:00+00:00,554.9509887695312,15724207
242,2020-06-09 00:00:00+00:00,691.5821533203125,28620365
243,2020-06-10 00:00:00+00:00,668.9459838867188,29417157
244,2020-06-11 00:00:00+00:00,607.8208618164062,39987325
245,2020-06-12 00:00:00+00:00,592.7474365234375,21518872
246,2020-06-13 00:00:00+00:00,551.95849609375,21056355
247,2020-06-14 00:00:00+00:00,513.810546875,14744176
248,2020-06-15 00:00:00+00:00,549.069091796875,31321450
249,2020-06-16 00:00:00+00:00,541.1607666015625,26271318
250,2020-06-17 00:00:00+00:00,539.855712890625,14743009
251,2020-06-18 00:00:00+00:00,527.5125732421875,9229597
252,2020-06-19 00:00:00+00:00,514.0245971679688,9415755
253,2020-06-20 00:00:00+00:00,520.7403564453125,7488955
254,2020-06-21 00:00:00+00:00,513.30810546875,7379970
255,2020-06-22 00:00:00+00:00,523.740478515625,11572662
256,2020-06-23 00:00:00+00:00,505.1367492675781,10369287
257,2020-06-24 00:00:00+00:00,484.5826416015625,8624505
258,2020-06-25 00:00:00+00:00,462.3596801757813,11135424
259,2020-06-26 00:00:00+00:00,454.7908935546875,9125478
260,2020-06-27 00:00:00+00:00,445.9841003417969,11742149
261,2020-06-28 00:00:00+00:00,448.5855102539063,8957347
262,2020-06-29 00:00:00+00:00,454.8803405761719,9382939
263,2020-06-30 00:00:00+00:00,455.8474731445313,10601431
264,2020-07-01 00:00:00+00:00,448.5572204589844,8405942
265,2020-07-02 00:00:00+00:00,443.90325927734375,10723517
266,2020-07-03 00:00:00+00:00,446.4832763671875,10365686
267,2020-07-04 00:00:00+00:00,485.7078247070313,17364314
268,2020-07-05 00:00:00+00:00,470.3255920410156,13631545
269,2020-07-06 00:00:00+00:00,467.53912353515625,11326448
270,2020-07-07 00:00:00+00:00,458.6129150390625,8370606
271,2020-07-08 00:00:00+00:00,459.781005859375,10105583
272,2020-07-09 00:00:00+00:00,455.26898193359375,7102712
273,2020-07-10 00:00:00+00:00,452.1855163574219,5458641
274,2020-07-11 00:00:00+00:00,472.5652465820313,7474741
275,2020-07-12 00:00:00+00:00,460.0558166503906,7245498
276,2020-07-13 00:00:00+00:00,450.0403747558594,9024437
277,2020-07-14 00:00:00+00:00,463.6888427734375,6616640
278,2020-07-15 00:00:00+00:00,457.6038513183594,5635029
279,2020-07-16 00:00:00+00:00,443.33978271484375,5542522
280,2020-07-17 00:00:00+00:00,449.4309387207031,6330122
281,2020-07-18 00:00:00+00:00,454.015869140625,5432042
282,2020-07-19 00:00:00+00:00,465.5817565917969,7357409
283,2020-07-20 00:00:00+00:00,451.7893981933594,6199528
284,2020-07-21 00:00:00+00:00,457.6770935058594,6939261
285,2020-07-22 00:00:00+00:00,491.1647338867188,11364445
286,2020-07-23 00:00:00+00:00,529.0681762695312,47470334
287,2020-07-24 00:00:00+00:00,515.0842895507812,19854814
288,2020-07-25 00:00:00+00:00,525.098388671875,14671103
289,2020-07-26 00:00:00+00:00,520.8722534179688,15596489
290,2020-07-27 00:00:00+00:00,511.2954406738281,15586799
291,2020-07-28 00:00:00+00:00,516.1250610351562,11150041
292,2020-07-29 00:00:00+00:00,545.5633544921875,13796889
293,2020-07-30 00:00:00+00:00,569.1766967773438,27175027
294,2020-07-31 00:00:00+00:00,557.337890625,14766857
295,2020-08-01 00:00:00+00:00,592.0225830078125,18016912
296,2020-08-02 00:00:00+00:00,567.5253295898438,22433606
297,2020-08-03 00:00:00+00:00,592.8655395507812,13229623
298,2020-08-04 00:00:00+00:00,585.5166015625,15267995
299,2020-08-05 00:00:00+00:00,594.8573608398438,10816997
300,2020-08-06 00:00:00+00:00,586.1282958984375,10591743
301,2020-08-07 00:00:00+00:00,580.7246704101562,11823164
302,2020-08-08 00:00:00+00:00,583.6509399414062,9335511
303,2020-08-09 00:00:00+00:00,598.3857421875,12228684
304,2020-08-10 00:00:00+00:00,625.3406982421875,19256045
305,2020-08-11 00:00:00+00:00,597.2332763671875,32332293
306,2020-08-12 00:00:00+00:00,728.75830078125,128697537
307,2020-08-13 00:00:00+00:00,797.32177734375,127892399
308,2020-08-14 00:00:00+00:00,730.1217041015625,53643696
309,2020-08-15 00:00:00+00:00,694.0966796875,37794158
310,2020-08-16 00:00:00+00:00,694.8019409179688,35819862
311,2020-08-17 00:00:00+00:00,688.6710205078125,46762677
312,2020-08-18 00:00:00+00:00,673.3504028320312,30395825
313,2020-08-19 00:00:00+00:00,652.3989868164062,32209163
314,2020-08-20 00:00:00+00:00,665.8782958984375,38573422
315,2020-08-21 00:00:00+00:00,605.3037109375,38887566
316,2020-08-22 00:00:00+00:00,639.6256713867188,29296073
317,2020-08-23 00:00:00+00:00,635.7733764648438,26220734
318,2020-08-24 00:00:00+00:00,681.2451782226562,42951677
319,2020-08-25 00:00:00+00:00,641.204833984375,42507623
320,2020-08-26 00:00:00+00:00,643.0654296875,40273954
321,2020-08-27 00:00:00+00:00,615.474853515625,39955054
322,2020-08-28 00:00:00+00:00,633.8627319335938,38391526
323,2020-08-29 00:00:00+00:00,631.5280151367188,35174746
324,2020-08-30 00:00:00+00:00,677.7535400390625,57151864
325,2020-08-31 00:00:00+00:00,680.4004516601562,44892554
326,2020-09-01 00:00:00+00:00,718.891357421875,69490410
327,2020-09-02 00:00:00+00:00,659.4888305664062,55167262
328,2020-09-03 00:00:00+00:00,575.1542358398438,46066980
329,2020-09-04 00:00:00+00:00,588.6865844726562,41524144
330,2020-09-05 00:00:00+00:00,512.0890502929688,39377802
331,2020-09-06 00:00:00+00:00,547.1866455078125,61646456
332,2020-09-07 00:00:00+00:00,528.4116821289062,59807407
333,2020-09-08 00:00:00+00:00,508.8636779785156,45534207
334,2020-09-09 00:00:00+00:00,523.8261108398438,41005439
335,2020-09-10 00:00:00+00:00,532.4835205078125,50408025
336,2020-09-11 00:00:00+00:00,523.7322998046875,41211391
337,2020-09-12 00:00:00+00:00,514.98876953125,55163898
338,2020-09-13 00:00:00+00:00,499.2439575195313,65197223
339,2020-09-14 00:00:00+00:00,485.0133666992188,61771926
340,2020-09-15 00:00:00+00:00,456.0447998046875,56754208
341,2020-09-16 00:00:00+00:00,476.2182312011719,59732228
342,2020-09-17 00:00:00+00:00,503.8352966308594,80186438
343,2020-09-18 00:00:00+00:00,499.9363098144531,53845809
344,2020-09-19 00:00:00+00:00,515.0554809570312,50037925
345,2020-09-20 00:00:00+00:00,475.4955749511719,48894363
346,2020-09-21 00:00:00+00:00,455.231689453125,68466570
347,2020-09-22 00:00:00+00:00,461.1018981933594,32675088
348,2020-09-23 00:00:00+00:00,427.0321350097656,28027685
349,2020-09-24 00:00:00+00:00,471.285400390625,30922381
350,2020-09-25 00:00:00+00:00,487.7764892578125,30005922
351,2020-09-26 00:00:00+00:00,507.0036010742188,28615836
352,2020-09-27 00:00:00+00:00,487.73480224609375,31808733
353,2020-09-28 00:00:00+00:00,516.3792724609375,38939080
354,2020-09-29 00:00:00+00:00,526.7080078125,43789520
355,2020-09-30 00:00:00+00:00,569.2676391601562,48844226
356,2020-10-01 00:00:00+00:00,574.5665893554688,45948930
357,2020-10-02 00:00:00+00:00,553.8048095703125,54853215
358,2020-10-03 00:00:00+00:00,557.5348510742188,37318092
359,2020-10-04 00:00:00+00:00,570.9181518554688,28139239
360,2020-10-05 00:00:00+00:00,558.2078247070312,31838611
361,2020-10-06 00:00:00+00:00,511.76904296875,44243788
362,2020-10-07 00:00:00+00:00,516.04443359375,44886804
363,2020-10-08 00:00:00+00:00,523.333251953125,32794875
364,2020-10-09 00:00:00+00:00,552.078857421875,37065574
365,2020-10-10 00:00:00+00:00,570.7787475585938,40055731
366,2020-10-11 00:00:00+00:00,576.6742553710938,28144788
367,2020-10-12 00:00:00+00:00,561.8984375,28072726
368,2020-10-13 00:00:00+00:00,553.0530395507812,28134989
369,2020-10-14 00:00:00+00:00,556.9426879882812,33660258
370,2020-10-15 00:00:00+00:00,552.156982421875,28191414
371,2020-10-16 00:00:00+00:00,540.9631958007812,40498766
372,2020-10-17 00:00:00+00:00,551.9949951171875,19410129
373,2020-10-18 00:00:00+00:00,568.396484375,20092898
374,2020-10-19 00:00:00+00:00,566.7761840820312,22280928
375,2020-10-20 00:00:00+00:00,545.194580078125,27030275
376,2020-10-21 00:00:00+00:00,563.4918823242188,36712522
377,2020-10-22 00:00:00+00:00,586.8108520507812,41560486
378,2020-10-23 00:00:00+00:00,587.5471801757812,39125157
379,2020-10-24 00:00:00+00:00,594.3045654296875,24748153
380,2020-10-25 00:00:00+00:00,579.5134887695312,30653616
381,2020-10-26 00:00:00+00:00,568.6460571289062,37571781
382,2020-10-27 00:00:00+00:00,587.2125854492188,39781499
383,2020-10-28 00:00:00+00:00,545.8884887695312,50497411
384,2020-10-29 00:00:00+00:00,531.4854736328125,38661594
385,2020-10-30 00:00:00+00:00,520.5328369140625,47047917
386,2020-10-31 00:00:00+00:00,523.309326171875,34219037
387,2020-11-01 00:00:00+00:00,543.0650024414062,30060840
388,2020-11-02 00:00:00+00:00,520.3970947265625,39178992
389,2020-11-03 00:00:00+00:00,520.843017578125,30487770
390,2020-11-04 00:00:00+00:00,521.5675659179688,42813913
391,2020-11-05 00:00:00+00:00,529.9544067382812,43318149
392,2020-11-06 00:00:00+00:00,539.625,51976183
393,2020-11-07 00:00:00+00:00,519.5364379882812,58255733
394,2020-11-08 00:00:00+00:00,534.3836669921875,35842986
395,2020-11-09 00:00:00+00:00,523.2808227539062,34787658
396,2020-11-10 00:00:00+00:00,550.3475341796875,32484750
397,2020-11-11 00:00:00+00:00,543.8814086914062,39307341
398,2020-11-12 00:00:00+00:00,533.3798828125,35080919
399,2020-11-13 00:00:00+00:00,553.87939453125,31111923
400,2020-11-14 00:00:00+00:00,528.8198852539062,36118096
401,2020-11-15 00:00:00+00:00,515.9780883789062,39669923
402,2020-11-16 00:00:00+00:00,514.7717895507812,36966616
403,2020-11-17 00:00:00+00:00,525.2698364257812,41768830
404,2020-11-18 00:00:00+00:00,510.4954833984375,55280692
405,2020-11-19 00:00:00+00:00,509.1402282714844,45252420
406,2020-11-20 00:00:00+00:00,516.6173095703125,45141944
407,2020-11-21 00:00:00+00:00,536.6685180664062,46679787
408,2020-11-22 00:00:00+00:00,555.578369140625,63726856
409,2020-11-23 00:00:00+00:00,592.8107299804688,54559924
410,2020-11-24 00:00:00+00:00,594.9954223632812,57956019
411,2020-11-25 00:00:00+00:00,562.999267578125,46992989
412,2020-11-26 00:00:00+00:00,528.2352905273438,76713287
413,2020-11-27 00:00:00+00:00,515.0697021484375,48690443
414,2020-11-28 00:00:00+00:00,522.8704833984375,32920566
415,2020-11-29 00:00:00+00:00,536.2962036132812,29312924
416,2020-11-30 00:00:00+00:00,559.0894165039062,36189274
417,2020-12-01 00:00:00+00:00,524.6822509765625,48005558
418,2020-12-02 00:00:00+00:00,549.9351806640625,33926711
419,2020-12-03 00:00:00+00:00,591.0565185546875,31770692
420,2020-12-04 00:00:00+00:00,525.8265380859375,51993868
421,2020-12-05 00:00:00+00:00,533.641845703125,47747632
422,2020-12-06 00:00:00+00:00,529.0879516601562,44146377
423,2020-12-07 00:00:00+00:00,519.9884643554688,33155103
424,2020-12-08 00:00:00+00:00,502.058349609375,42205018
425,2020-12-09 00:00:00+00:00,506.4963073730469,61381756
426,2020-12-10 00:00:00+00:00,523.8392333984375,52245466
427,2020-12-11 00:00:00+00:00,503.9488525390625,50167166
428,2020-12-12 00:00:00+00:00,513.74462890625,36442870
429,2020-12-13 00:00:00+00:00,526.5618896484375,26515667
430,2020-12-14 00:00:00+00:00,540.2881469726562,31742957
431,2020-12-15 00:00:00+00:00,530.9169921875,30665188
432,2020-12-16 00:00:00+00:00,539.0729370117188,44247872
433,2020-12-17 00:00:00+00:00,537.9442138671875,55979582
434,2020-12-18 00:00:00+00:00,569.106689453125,48930971
435,2020-12-19 00:00:00+00:00,566.7373657226562,37482306
436,2020-12-20 00:00:00+00:00,546.531982421875,29823557
437,2020-12-21 00:00:00+00:00,526.6170043945312,35402897
438,2020-12-22 00:00:00+00:00,548.767822265625,49822698
439,2020-12-23 00:00:00+00:00,517.857666015625,62478635
440,2020-12-24 00:00:00+00:00,527.5399169921875,34418070
441,2020-12-25 00:00:00+00:00,530.7482299804688,53222427
442,2020-12-26 00:00:00+00:00,536.6659545898438,39492240
443,2020-12-27 00:00:00+00:00,564.3840942382812,57020248
444,2020-12-28 00:00:00+00:00,584.0433959960938,48913091
445,2020-12-29 00:00:00+00:00,564.5518798828125,47626379
446,2020-12-30 00:00:00+00:00,576.0157470703125,39292775
447,2020-12-31 00:00:00+00:00,586.9552612304688,33039320
448,2021-01-01 00:00:00+00:00,582.22216796875,43374809
449,2021-01-02 00:00:00+00:00,609.3076782226562,61864848
450,2021-01-03 00:00:00+00:00,678.71826171875,110201825
451,2021-01-04 00:00:00+00:00,682.6277465820312,94378307
452,2021-01-05 00:00:00+00:00,762.6395263671875,99610477
453,2021-01-06 00:00:00+00:00,1023.9638671875,386363335
454,2021-01-07 00:00:00+00:00,1064.7318115234375,276749094
455,2021-01-08 00:00:00+00:00,1045.0743408203125,165155882
456,2021-01-09 00:00:00+00:00,1578.580322265625,457956212
457,2021-01-10 00:00:00+00:00,1514.9564208984375,702693481
458,2021-01-11 00:00:00+00:00,1408.3878173828125,487919099
459,2021-01-12 00:00:00+00:00,1483.1375732421875,402434064
460,2021-01-13 00:00:00+00:00,1545.02978515625,271612090
461,2021-01-14 00:00:00+00:00,1591.1669921875,272019061
462,2021-01-15 00:00:00+00:00,1476.5977783203125,260200597
463,2021-01-16 00:00:00+00:00,1489.268798828125,221918760
464,2021-01-17 00:00:00+00:00,1440.7364501953125,185683432
465,2021-01-18 00:00:00+00:00,1424.2215576171875,151907477
466,2021-01-19 00:00:00+00:00,1404.4385986328125,182823454
467,2021-01-20 00:00:00+00:00,1398.6978759765625,202137957
468,2021-01-21 00:00:00+00:00,1156.5899658203125,178054824
469,2021-01-22 00:00:00+00:00,1405.6055908203125,214687142
470,2021-01-23 00:00:00+00:00,1379.586181640625,166917189
471,2021-01-24 00:00:00+00:00,1454.2525634765625,155512183
472,2021-01-25 00:00:00+00:00,1371.631103515625,161037767
473,2021-01-26 00:00:00+00:00,1475.1009521484375,154830779
474,2021-01-27 00:00:00+00:00,1329.1690673828125,146817177
475,2021-01-28 00:00:00+00:00,1409.9727783203125,145484757
476,2021-01-29 00:00:00+00:00,1406.7288818359375,182178803
477,2021-01-30 00:00:00+00:00,1578.1651611328125,257987873
478,2021-01-31 00:00:00+00:00,1480.80908203125,184929760
479,2021-02-01 00:00:00+00:00,1474.6900634765625,150223774
480,2021-02-02 00:00:00+00:00,1698.539306640625,300032859
481,2021-02-03 00:00:00+00:00,1763.6617431640625,196466637
482,2021-02-04 00:00:00+00:00,2088.431396484375,390954239
483,2021-02-05 00:00:00+00:00,2692.80322265625,891027028
484,2021-02-06 00:00:00+00:00,2511.33349609375,507063044
485,2021-02-07 00:00:00+00:00,2470.946044921875,328655853
486,2021-02-08 00:00:00+00:00,2499.429443359375,350045618
487,2021-02-09 00:00:00+00:00,2565.34814453125,249827214
488,2021-02-10 00:00:00+00:00,2530.20068359375,296987002
489,2021-02-11 00:00:00+00:00,2546.455810546875,228026287
490,2021-02-12 00:00:00+00:00,2743.637451171875,318018130
491,2021-02-13 00:00:00+00:00,2596.906982421875,222854450
492,2021-02-14 00:00:00+00:00,2526.086669921875,175933475
493,2021-02-15 00:00:00+00:00,2466.890869140625,198332644
494,2021-02-16 00:00:00+00:00,2488.55908203125,152530221
495,2021-02-17 00:00:00+00:00,2607.96484375,151408087
496,2021-02-18 00:00:00+00:00,2625.19482421875,122682833
497,2021-02-19 00:00:00+00:00,2567.4267578125,113248750
498,2021-02-20 00:00:00+00:00,2606.13134765625,272668190
499,2021-02-21 00:00:00+00:00,2616.081298828125,120978843
500,2021-02-22 00:00:00+00:00,2377.041748046875,165341917
501,2021-02-23 00:00:00+00:00,2219.50634765625,256093857
502,2021-02-24 00:00:00+00:00,2233.76806640625,119265499
503,2021-02-25 00:00:00+00:00,2033.2406005859373,95137215
504,2021-02-26 00:00:00+00:00,1953.7005615234373,90653631
505,2021-02-27 00:00:00+00:00,1979.727783203125,73081045
506,2021-02-28 00:00:00+00:00,2029.310791015625,101657179
507,2021-03-01 00:00:00+00:00,2172.821044921875,107348787
508,2021-03-02 00:00:00+00:00,2173.16064453125,80878871
509,2021-03-03 00:00:00+00:00,2198.9755859375,80078311
510,2021-03-04 00:00:00+00:00,2199.038818359375,98564483
511,2021-03-05 00:00:00+00:00,2063.32568359375,65955784
512,2021-03-06 00:00:00+00:00,2237.460205078125,112235172
513,2021-03-07 00:00:00+00:00,2231.460205078125,68740697
514,2021-03-08 00:00:00+00:00,2188.540771484375,115338460
515,2021-03-09 00:00:00+00:00,2258.470458984375,103779139
516,2021-03-10 00:00:00+00:00,2256.741943359375,112379851
517,2021-03-11 00:00:00+00:00,2227.0185546875,100396570
518,2021-03-12 00:00:00+00:00,2139.247314453125,99556903
519,2021-03-13 00:00:00+00:00,2175.568115234375,90461070
520,2021-03-14 00:00:00+00:00,2057.49658203125,89257574
521,2021-03-15 00:00:00+00:00,1995.9267578125,99094945
522,2021-03-16 00:00:00+00:00,2067.2080078125,89134514
523,2021-03-17 00:00:00+00:00,2107.908447265625,74491833
524,2021-03-18 00:00:00+00:00,2112.7119140625,82763434
525,2021-03-19 00:00:00+00:00,2105.640625,73080081
526,2021-03-20 00:00:00+00:00,2140.337646484375,113820252
527,2021-03-21 00:00:00+00:00,2103.983642578125,74760853
528,2021-03-22 00:00:00+00:00,1976.5155029296875,82684664
529,2021-03-23 00:00:00+00:00,2017.2847900390625,86107475
530,2021-03-24 00:00:00+00:00,1826.3359375,85175904
531,2021-03-25 00:00:00+00:00,1890.323486328125,109058791
532,2021-03-26 00:00:00+00:00,1982.30810546875,73439409
533,2021-03-27 00:00:00+00:00,2146.1708984375,180843951
534,2021-03-28 00:00:00+00:00,2063.12646484375,85592692
535,2021-03-29 00:00:00+00:00,2090.216796875,66986853
536,2021-03-30 00:00:00+00:00,2082.053466796875,64516025
537,2021-03-31 00:00:00+00:00,2103.505859375,70481600
538,2021-04-01 00:00:00+00:00,2302.5419921875,159875731
539,2021-04-02 00:00:00+00:00,2483.643310546875,194064040
540,2021-04-03 00:00:00+00:00,2237.2138671875,144097469
541,2021-04-04 00:00:00+00:00,2308.0205078125,104507609
542,2021-04-05 00:00:00+00:00,2328.5859375,93222670
543,2021-04-06 00:00:00+00:00,2295.118408203125,117312912
544,2021-04-07 00:00:00+00:00,2103.1826171875,147498156
545,2021-04-08 00:00:00+00:00,2201.718505859375,96354239
546,2021-04-09 00:00:00+00:00,2224.545654296875,92404316
547,2021-04-10 00:00:00+00:00,2231.514404296875,127851842
548,2021-04-11 00:00:00+00:00,2277.48974609375,88365945
549,2021-04-12 00:00:00+00:00,2657.88330078125,267640808
550,2021-04-13 00:00:00+00:00,2574.43505859375,218403491
551,2021-04-14 00:00:00+00:00,2682.36962890625,202588564
552,2021-04-15 00:00:00+00:00,3770.799560546875,1307858190
553,2021-04-16 00:00:00+00:00,3381.328857421875,534994168
554,2021-04-17 00:00:00+00:00,3341.222900390625,256231019
555,2021-04-18 00:00:00+00:00,3233.73486328125,303739895
556,2021-04-19 00:00:00+00:00,3520.074951171875,501944213
557,2021-04-20 00:00:00+00:00,3452.38330078125,322106362
558,2021-04-21 00:00:00+00:00,4020.18603515625,645363198
559,2021-04-22 00:00:00+00:00,4034.2578125,1511675210
560,2021-04-23 00:00:00+00:00,4079.53857421875,1299749438
561,2021-04-24 00:00:00+00:00,4009.413330078125,441585628
562,2021-04-25 00:00:00+00:00,3825.857177734375,321972422
563,2021-04-26 00:00:00+00:00,4020.16796875,297750656
564,2021-04-27 00:00:00+00:00,4520.294921875,401553050
565,2021-04-28 00:00:00+00:00,4406.943359375,301285545
566,2021-04-29 00:00:00+00:00,4259.75390625,295690848
567,2021-04-30 00:00:00+00:00,4355.27294921875,248627513
568,2021-05-01 00:00:00+00:00,4777.0908203125,505633521
569,2021-05-02 00:00:00+00:00,4902.87109375,449717726
570,2021-05-03 00:00:00+00:00,6012.45849609375,1144731425
571,2021-05-04 00:00:00+00:00,5251.63916015625,952493327
572,2021-05-05 00:00:00+00:00,5411.546875,572520782
573,2021-05-06 00:00:00+00:00,5049.03125,463186404
574,2021-05-07 00:00:00+00:00,5081.0654296875,362735396
575,2021-05-08 00:00:00+00:00,5607.19091796875,662873969
576,2021-05-09 00:00:00+00:00,5282.580078125,366649358
577,2021-05-10 00:00:00+00:00,4993.96728515625,381972837
578,2021-05-11 00:00:00+00:00,5378.6982421875,390896422
579,2021-05-12 00:00:00+00:00,4870.02294921875,836031974
580,2021-05-13 00:00:00+00:00,4764.6513671875,695769388
581,2021-05-14 00:00:00+00:00,5009.06396484375,387449597
582,2021-05-15 00:00:00+00:00,4601.494140625,378885412
583,2021-05-16 00:00:00+00:00,4548.45654296875,364410792
584,2021-05-17 00:00:00+00:00,4249.34375,420356936
585,2021-05-18 00:00:00+00:00,4657.8173828125,411613893
586,2021-05-19 00:00:00+00:00,3510.677001953125,668547468
587,2021-05-20 00:00:00+00:00,3956.2451171875,475673640
588,2021-05-21 00:00:00+00:00,3116.382568359375,365983887
589,2021-05-22 00:00:00+00:00,2767.62353515625,395228772
590,2021-05-23 00:00:00+00:00,2736.424072265625,628742188
591,2021-05-24 00:00:00+00:00,4176.24072265625,1215574613
592,2021-05-25 00:00:00+00:00,3865.091552734375,624392843
593,2021-05-26 00:00:00+00:00,3973.236328125,360408547
594,2021-05-27 00:00:00+00:00,3704.652587890625,237614099
595,2021-05-28 00:00:00+00:00,3250.114501953125,231798096
596,2021-05-29 00:00:00+00:00,3059.16552734375,195692290
597,2021-05-30 00:00:00+00:00,3309.948974609375,214585881
598,2021-05-31 00:00:00+00:00,3592.2978515625,200461494
599,2021-06-01 00:00:00+00:00,3597.720947265625,193150118
600,2021-06-02 00:00:00+00:00,3560.779296875,145147486
601,2021-06-03 00:00:00+00:00,3656.25341796875,155580374
602,2021-06-04 00:00:00+00:00,3729.447509765625,359861389
603,2021-06-05 00:00:00+00:00,3560.80517578125,198422741
604,2021-06-06 00:00:00+00:00,3617.613037109375,104783667
605,2021-06-07 00:00:00+00:00,3301.095947265625,168996344
606,2021-06-08 00:00:00+00:00,3251.08056640625,217626261
607,2021-06-09 00:00:00+00:00,3324.823974609375,149857133
608,2021-06-10 00:00:00+00:00,3116.0908203125,113360079
609,2021-06-11 00:00:00+00:00,2920.704833984375,96310078
610,2021-06-12 00:00:00+00:00,2937.64697265625,107907614
611,2021-06-13 00:00:00+00:00,3147.626708984375,95168806
612,2021-06-14 00:00:00+00:00,3190.796875,96978904
613,2021-06-15 00:00:00+00:00,3223.141845703125,103577384
614,2021-06-16 00:00:00+00:00,2944.6396484375,91447229
615,2021-06-17 00:00:00+00:00,2912.525634765625,78776933
616,2021-06-18 00:00:00+00:00,2686.795654296875,103226214
617,2021-06-19 00:00:00+00:00,2596.7666015625,80165256
618,2021-06-20 00:00:00+00:00,2707.933837890625,91854031
619,2021-06-21 00:00:00+00:00,2102.0078125,143748987
620,2021-06-22 00:00:00+00:00,2261.6474609375,194542453
621,2021-06-23 00:00:00+00:00,2361.182373046875,140161347
622,2021-06-24 00:00:00+00:00,2235.18505859375,143390200
623,2021-06-25 00:00:00+00:00,1974.7271728515625,114095751
624,2021-06-26 00:00:00+00:00,2005.6070556640625,101503567
625,2021-06-27 00:00:00+00:00,2130.047607421875,83702989
626,2021-06-28 00:00:00+00:00,2213.489501953125,105849880
627,2021-06-29 00:00:00+00:00,2410.916259765625,133042374
628,2021-06-30 00:00:00+00:00,2668.58203125,131722291
629,2021-07-01 00:00:00+00:00,2508.45361328125,246774826
630,2021-07-02 00:00:00+00:00,2580.662109375,112281725
631,2021-07-03 00:00:00+00:00,2635.033935546875,93185154
632,2021-07-04 00:00:00+00:00,2798.5205078125,129735246
633,2021-07-05 00:00:00+00:00,2750.072998046875,132180516
634,2021-07-06 00:00:00+00:00,2747.303955078125,258169569
635,2021-07-07 00:00:00+00:00,2856.120361328125,178716001
636,2021-07-08 00:00:00+00:00,2661.630126953125,153687153
637,2021-07-09 00:00:00+00:00,2701.3984375,133029525
638,2021-07-10 00:00:00+00:00,2667.518310546875,95109224
639,2021-07-11 00:00:00+00:00,2667.410888671875,92776914
640,2021-07-12 00:00:00+00:00,2608.41796875,106970762
641,2021-07-13 00:00:00+00:00,2523.901123046875,85942349
642,2021-07-14 00:00:00+00:00,2515.1025390625,89141386
643,2021-07-15 00:00:00+00:00,2560.896484375,125645590
644,2021-07-16 00:00:00+00:00,2424.093505859375,102207469
645,2021-07-17 00:00:00+00:00,2424.4453125,83169577
646,2021-07-18 00:00:00+00:00,2471.35302734375,90947936
647,2021-07-19 00:00:00+00:00,2283.056884765625,96913831
648,2021-07-20 00:00:00+00:00,2190.3642578125,101651959
649,2021-07-21 00:00:00+00:00,2434.08349609375,121525410
650,2021-07-22 00:00:00+00:00,2438.97265625,92064264
651,2021-07-23 00:00:00+00:00,2514.395263671875,104617521
652,2021-07-24 00:00:00+00:00,2577.713134765625,94700099
653,2021-07-25 00:00:00+00:00,2568.885986328125,95870576
654,2021-07-26 00:00:00+00:00,2603.85302734375,151296490
655,2021-07-27 00:00:00+00:00,2685.879150390625,105878747
656,2021-07-28 00:00:00+00:00,2653.447998046875,98708098
657,2021-07-29 00:00:00+00:00,2895.585693359375,133604317
658,2021-07-30 00:00:00+00:00,2917.430419921875,120660147
659,2021-07-31 00:00:00+00:00,2987.255126953125,106436361
660,2021-08-01 00:00:00+00:00,2921.900634765625,114257156
661,2021-08-02 00:00:00+00:00,2922.262451171875,116525614
662,2021-08-03 00:00:00+00:00,2779.849365234375,108398279
663,2021-08-04 00:00:00+00:00,2970.523681640625,142286143
664,2021-08-05 00:00:00+00:00,3278.27294921875,232713367
665,2021-08-06 00:00:00+00:00,3250.062744140625,209152836
666,2021-08-07 00:00:00+00:00,3400.421875,202263652
667,2021-08-08 00:00:00+00:00,3232.094482421875,156222578
668,2021-08-09 00:00:00+00:00,3366.39697265625,162710286
669,2021-08-10 00:00:00+00:00,3396.092529296875,209281217
670,2021-08-11 00:00:00+00:00,3370.387451171875,191189491
671,2021-08-12 00:00:00+00:00,3247.580322265625,179884689
672,2021-08-13 00:00:00+00:00,3708.35107421875,207787464
673,2021-08-14 00:00:00+00:00,3868.41943359375,233364345
674,2021-08-15 00:00:00+00:00,3805.484130859375,190930645
675,2021-08-16 00:00:00+00:00,3587.9921875,174879656
676,2021-08-17 00:00:00+00:00,3453.954833984375,163385512
677,2021-08-18 00:00:00+00:00,3524.509033203125,156882135
678,2021-08-19 00:00:00+00:00,3740.33837890625,150588867
679,2021-08-20 00:00:00+00:00,3813.081787109375,145465521
680,2021-08-21 00:00:00+00:00,3870.402099609375,183580427
681,2021-08-22 00:00:00+00:00,3813.729248046875,126954395
682,2021-08-23 00:00:00+00:00,3876.7763671875,140101308
683,2021-08-24 00:00:00+00:00,3632.998046875,143525374
684,2021-08-25 00:00:00+00:00,3695.25146484375,133764312
685,2021-08-26 00:00:00+00:00,3591.638427734375,146425413
686,2021-08-27 00:00:00+00:00,3746.96435546875,133931335
687,2021-08-28 00:00:00+00:00,3608.772216796875,124937113
688,2021-08-29 00:00:00+00:00,3456.216796875,165393604
689,2021-08-30 00:00:00+00:00,3355.0048828125,157327219
690,2021-08-31 00:00:00+00:00,3525.934326171875,189265194
691,2021-09-01 00:00:00+00:00,3694.877685546875,180538009
692,2021-09-02 00:00:00+00:00,3553.300537109375,137791540
693,2021-09-03 00:00:00+00:00,3646.6845703125,186040132
694,2021-09-04 00:00:00+00:00,3550.28662109375,142855363
695,2021-09-05 00:00:00+00:00,3720.981201171875,150344826
696,2021-09-06 00:00:00+00:00,3622.3271484375,170720494
697,2021-09-07 00:00:00+00:00,3048.936279296875,275244085
698,2021-09-08 00:00:00+00:00,3016.728759765625,174976944
699,2021-09-09 00:00:00+00:00,2938.113525390625,167265231
700,2021-09-10 00:00:00+00:00,2780.362060546875,150701135
701,2021-09-11 00:00:00+00:00,2843.3759765625,113364476
702,2021-09-12 00:00:00+00:00,2876.456787109375,112180035
703,2021-09-13 00:00:00+00:00,2809.29296875,119721607
704,2021-09-14 00:00:00+00:00,2923.85546875,114225923
705,2021-09-15 00:00:00+00:00,3069.0322265625,149068499
706,2021-09-16 00:00:00+00:00,2970.84423828125,159842693
707,2021-09-17 00:00:00+00:00,2787.787841796875,158976025
708,2021-09-18 00:00:00+00:00,2841.408203125,84225316
709,2021-09-19 00:00:00+00:00,2768.08642578125,83204838
710,2021-09-20 00:00:00+00:00,2418.969970703125,148408953
711,2021-09-21 00:00:00+00:00,2287.366943359375,127753503
712,2021-09-22 00:00:00+00:00,2530.32861328125,104653521
713,2021-09-23 00:00:00+00:00,2489.771240234375,115396379
714,2021-09-24 00:00:00+00:00,2295.25927734375,139004657
715,2021-09-25 00:00:00+00:00,2265.17919921875,88519411
716,2021-09-26 00:00:00+00:00,2346.10498046875,364533363
717,2021-09-27 00:00:00+00:00,2248.054443359375,150493990
718,2021-09-28 00:00:00+00:00,2225.20068359375,168222103
719,2021-09-29 00:00:00+00:00,2227.24072265625,143786357
720,2021-09-30 00:00:00+00:00,2282.429443359375,146172439
721,2021-10-01 00:00:00+00:00,2441.05029296875,148912859
722,2021-10-02 00:00:00+00:00,2485.144287109375,121501164
723,2021-10-03 00:00:00+00:00,2542.16748046875,109299845
724,2021-10-04 00:00:00+00:00,2535.299072265625,122745705
725,2021-10-05 00:00:00+00:00,2544.3359375,113047900
726,2021-10-06 00:00:00+00:00,2491.7890625,113928359
727,2021-10-07 00:00:00+00:00,2500.002685546875,104059555
728,2021-10-08 00:00:00+00:00,2497.7060546875,104183785
729,2021-10-09 00:00:00+00:00,2571.64990234375,105868743
730,2021-10-10 00:00:00+00:00,2464.97900390625,156837523
731,2021-10-11 00:00:00+00:00,2449.781494140625,100299677
732,2021-10-12 00:00:00+00:00,2442.03271484375,129513681
733,2021-10-13 00:00:00+00:00,2492.3779296875,99436938
734,2021-10-14 00:00:00+00:00,2539.500244140625,114749601
735,2021-10-15 00:00:00+00:00,2564.85546875,113081741
736,2021-10-16 00:00:00+00:00,2594.496337890625,107620468
737,2021-10-17 00:00:00+00:00,2550.843017578125,88966792
738,2021-10-18 00:00:00+00:00,2507.4892578125,103475640
739,2021-10-19 00:00:00+00:00,2494.5693359375,102712611
740,2021-10-20 00:00:00+00:00,2593.22998046875,115238022
741,2021-10-21 00:00:00+00:00,2570.6318359375,145832428
742,2021-10-22 00:00:00+00:00,2519.6923828125,101137408
743,2021-10-23 00:00:00+00:00,2527.552978515625,85183922
744,2021-10-24 00:00:00+00:00,2440.212890625,99796302
745,2021-10-25 00:00:00+00:00,2474.09765625,101997441
746,2021-10-26 00:00:00+00:00,2461.948486328125,158945762
747,2021-10-27 00:00:00+00:00,2227.9423828125,158137132
748,2021-10-28 00:00:00+00:00,2382.419677734375,110393579
749,2021-10-29 00:00:00+00:00,2450.8681640625,119084386
750,2021-10-30 00:00:00+00:00,2377.42333984375,100013715
751,2021-10-31 00:00:00+00:00,2419.9208984375,121358025
752,2021-11-01 00:00:00+00:00,2450.0107421875,143765857
753,2021-11-02 00:00:00+00:00,2806.872802734375,280944931
754,2021-11-03 00:00:00+00:00,3213.08203125,814057912
755,2021-11-04 00:00:00+00:00,3019.371826171875,241390535
756,2021-11-05 00:00:00+00:00,2952.9296875,149470283
757,2021-11-06 00:00:00+00:00,3026.669677734375,170471032
758,2021-11-07 00:00:00+00:00,2975.658203125,116045443
759,2021-11-08 00:00:00+00:00,3302.68798828125,282251616
760,2021-11-09 00:00:00+00:00,3135.693359375,146843047
761,2021-11-10 00:00:00+00:00,2963.569091796875,148863384
762,2021-11-11 00:00:00+00:00,3000.590576171875,114473615
763,2021-11-12 00:00:00+00:00,2879.796630859375,101610677
764,2021-11-13 00:00:00+00:00,3131.00048828125,179053304
765,2021-11-14 00:00:00+00:00,3046.9443359375,113721409
766,2021-11-15 00:00:00+00:00,3018.278564453125,171143622
767,2021-11-16 00:00:00+00:00,2807.057861328125,185615288
768,2021-11-17 00:00:00+00:00,2801.798828125,167253664
769,2021-11-18 00:00:00+00:00,2805.330810546875,333505960
770,2021-11-19 00:00:00+00:00,2953.79052734375,158813016
771,2021-11-20 00:00:00+00:00,3123.223876953125,153929724
772,2021-11-21 00:00:00+00:00,2959.9013671875,137693475
773,2021-11-22 00:00:00+00:00,2856.410888671875,135070155
774,2021-11-23 00:00:00+00:00,3041.420654296875,158427582
775,2021-11-24 00:00:00+00:00,2997.991943359375,150820513
776,2021-11-25 00:00:00+00:00,3236.19189453125,197930044
777,2021-11-26 00:00:00+00:00,3085.103271484375,234162322
778,2021-11-27 00:00:00+00:00,3089.046630859375,168145067
779,2021-11-28 00:00:00+00:00,3079.4765625,185258480
780,2021-11-29 00:00:00+00:00,3088.291259765625,141453915
781,2021-11-30 00:00:00+00:00,3057.101318359375,221045364
782,2021-12-01 00:00:00+00:00,2976.182373046875,172169593
783,2021-12-02 00:00:00+00:00,2970.618896484375,160418160
784,2021-12-03 00:00:00+00:00,2749.952392578125,141235295
785,2021-12-04 00:00:00+00:00,2609.158203125,236051794
786,2021-12-05 00:00:00+00:00,2579.47998046875,141836609
787,2021-12-06 00:00:00+00:00,2609.63818359375,144985091
788,2021-12-07 00:00:00+00:00,2618.40380859375,87330762
789,2021-12-08 00:00:00+00:00,2734.37890625,130112974
790,2021-12-09 00:00:00+00:00,2521.722900390625,115654432
791,2021-12-10 00:00:00+00:00,2341.461181640625,111679850
792,2021-12-11 00:00:00+00:00,2452.934814453125,83758632
793,2021-12-12 00:00:00+00:00,2470.7607421875,66948439
794,2021-12-13 00:00:00+00:00,2233.88134765625,107286016
795,2021-12-14 00:00:00+00:00,2234.176025390625,101162941
796,2021-12-15 00:00:00+00:00,2379.869384765625,69803828
797,2021-12-16 00:00:00+00:00,2324.792724609375,57379349
798,2021-12-17 00:00:00+00:00,2369.81591796875,67112610
799,2021-12-18 00:00:00+00:00,2471.319580078125,81149552
800,2021-12-19 00:00:00+00:00,2371.295166015625,56972910
801,2021-12-20 00:00:00+00:00,2343.046630859375,76392497
802,2021-12-21 00:00:00+00:00,2424.117919921875,58437172
803,2021-12-22 00:00:00+00:00,2446.4921875,74176382
804,2021-12-23 00:00:00+00:00,2670.681640625,89239003
805,2021-12-24 00:00:00+00:00,2570.397216796875,93767576
806,2021-12-25 00:00:00+00:00,2690.700927734375,63800666
807,2021-12-26 00:00:00+00:00,2684.279541015625,93103900
808,2021-12-27 00:00:00+00:00,2682.08447265625,91448917
809,2021-12-28 00:00:00+00:00,2497.82177734375,80456307
810,2021-12-29 00:00:00+00:00,2355.25830078125,87663210
811,2021-12-30 00:00:00+00:00,2399.51611328125,98639815
812,2021-12-31 00:00:00+00:00,2337.19287109375,6931774475
813,2022-01-01 00:00:00+00:00,2426.9033203125,2517921858
814,2022-01-02 00:00:00+00:00,2472.1845703125,6643830502
815,2022-01-03 00:00:00+00:00,2399.009033203125,7665025552
816,2022-01-04 00:00:00+00:00,2451.339599609375,13754958457
817,2022-01-05 00:00:00+00:00,2252.203125,126115113
818,2022-01-06 00:00:00+00:00,2248.867919921875,129809868
819,2022-01-07 00:00:00+00:00,2126.74853515625,125366020
820,2022-01-08 00:00:00+00:00,2054.711181640625,77465965
821,2022-01-09 00:00:00+00:00,2124.36328125,52755958
822,2022-01-10 00:00:00+00:00,1989.0133056640625,73178018
823,2022-01-11 00:00:00+00:00,2073.9462890625,60613593
824,2022-01-12 00:00:00+00:00,2167.906982421875,67986526
825,2022-01-13 00:00:00+00:00,2096.69970703125,66811361
826,2022-01-14 00:00:00+00:00,2189.187255859375,62166674
827,2022-01-15 00:00:00+00:00,2217.2099609375,45609585
828,2022-01-16 00:00:00+00:00,2254.3759765625,44332170
829,2022-01-17 00:00:00+00:00,2099.566650390625,57179656
830,2022-01-18 00:00:00+00:00,2065.1484375,68211997
831,2022-01-19 00:00:00+00:00,2000.27001953125,68711509
832,2022-01-20 00:00:00+00:00,1901.51513671875,43576825
833,2022-01-21 00:00:00+00:00,1791.9576416015625,130189528
834,2022-01-22 00:00:00+00:00,1796.7061767578125,274686061
835,2022-01-23 00:00:00+00:00,1832.5528564453125,111575303
836,2022-01-24 00:00:00+00:00,1923.366455078125,142241111
837,2022-01-25 00:00:00+00:00,1814.19921875,262868664
838,2022-01-26 00:00:00+00:00,1706.681884765625,260720682
839,2022-01-27 00:00:00+00:00,1769.279296875,187232810
840,2022-01-28 00:00:00+00:00,1872.4718017578125,219022529
841,2022-01-29 00:00:00+00:00,1948.4427490234373,93560252
842,2022-01-30 00:00:00+00:00,1998.1715087890625,110277606
843,2022-01-31 00:00:00+00:00,2140.37744140625,305645660
844,2022-02-01 00:00:00+00:00,2198.818115234375,373011598
845,2022-02-02 00:00:00+00:00,2143.220458984375,235174014
846,2022-02-03 00:00:00+00:00,2284.122802734375,109563052
847,2022-02-04 00:00:00+00:00,2280.101318359375,113892785
848,2022-02-05 00:00:00+00:00,2257.123779296875,95954872
849,2022-02-06 00:00:00+00:00,2246.919189453125,73471095
850,2022-02-07 00:00:00+00:00,2252.696044921875,90902574
851,2022-02-08 00:00:00+00:00,2211.449951171875,91804809
852,2022-02-09 00:00:00+00:00,2247.639892578125,56896129
853,2022-02-10 00:00:00+00:00,2110.023681640625,88406136
854,2022-02-11 00:00:00+00:00,2022.1190185546875,73037580
855,2022-02-12 00:00:00+00:00,1989.5706787109373,51538000
856,2022-02-13 00:00:00+00:00,1935.409423828125,43585410
857,2022-02-14 00:00:00+00:00,1938.7498779296875,46599354
858,2022-02-15 00:00:00+00:00,2093.730224609375,51171004
859,2022-02-16 00:00:00+00:00,2129.84033203125,60219401
860,2022-02-17 00:00:00+00:00,1969.912353515625,48864599
861,2022-02-18 00:00:00+00:00,1899.5677490234373,39556313
862,2022-02-19 00:00:00+00:00,1913.3699951171875,33211691
863,2022-02-20 00:00:00+00:00,1779.9561767578125,42177165
864,2022-02-21 00:00:00+00:00,1671.371826171875,54940212
865,2022-02-22 00:00:00+00:00,1812.16748046875,70895070
866,2022-02-23 00:00:00+00:00,1747.8592529296875,47464348
867,2022-02-24 00:00:00+00:00,1890.979248046875,118908610
868,2022-02-25 00:00:00+00:00,1991.401123046875,79076414
869,2022-02-26 00:00:00+00:00,1939.4776611328125,69974760
870,2022-02-27 00:00:00+00:00,1811.99365234375,66227513
871,2022-02-28 00:00:00+00:00,1959.460205078125,83697050
872,2022-03-01 00:00:00+00:00,1976.0350341796875,59218091
873,2022-03-02 00:00:00+00:00,1994.6488037109373,64317454
874,2022-03-03 00:00:00+00:00,2042.16357421875,100404512
875,2022-03-04 00:00:00+00:00,1795.5635986328125,70586586
876,2022-03-05 00:00:00+00:00,1841.1636962890625,46168382
877,2022-03-06 00:00:00+00:00,1730.01513671875,41776358
878,2022-03-07 00:00:00+00:00,1746.433837890625,57278954
879,2022-03-08 00:00:00+00:00,1754.6126708984375,60833262
880,2022-03-09 00:00:00+00:00,1913.793212890625,65771052
881,2022-03-10 00:00:00+00:00,1773.7459716796875,62791406
882,2022-03-11 00:00:00+00:00,1750.4676513671875,56816724
883,2022-03-12 00:00:00+00:00,1744.6109619140625,36075999
884,2022-03-13 00:00:00+00:00,1687.369873046875,38346199
885,2022-03-14 00:00:00+00:00,1796.0142822265625,60689700
886,2022-03-15 00:00:00+00:00,1786.1629638671875,61597014
887,2022-03-16 00:00:00+00:00,1925.614501953125,130401578
888,2022-03-17 00:00:00+00:00,2060.7373046875,98688581
889,2022-03-18 00:00:00+00:00,2039.977783203125,93138031
890,2022-03-19 00:00:00+00:00,2056.5380859375,80841986
891,2022-03-20 00:00:00+00:00,1990.5599365234373,66667487
892,2022-03-21 00:00:00+00:00,2001.660888671875,67648637
893,2022-03-22 00:00:00+00:00,2039.2296142578125,63296260
894,2022-03-23 00:00:00+00:00,1990.0780029296875,82004352
895,2022-03-24 00:00:00+00:00,2010.882080078125,103634109
896,2022-03-25 00:00:00+00:00,2010.5306396484373,51461557
897,2022-03-26 00:00:00+00:00,2014.4620361328125,34277297
898,2022-03-27 00:00:00+00:00,2056.25439453125,49618271
899,2022-03-28 00:00:00+00:00,2044.1810302734373,77628901
900,2022-03-29 00:00:00+00:00,2122.097900390625,78902015
901,2022-03-30 00:00:00+00:00,2173.828857421875,98936995
902,2022-03-31 00:00:00+00:00,2085.49072265625,86271773
903,2022-04-01 00:00:00+00:00,2283.82275390625,111197798
904,2022-04-02 00:00:00+00:00,2226.87158203125,105933702
905,2022-04-03 00:00:00+00:00,2276.63916015625,81414618
906,2022-04-04 00:00:00+00:00,2428.811767578125,154859197
907,2022-04-05 00:00:00+00:00,2302.001708984375,127780043
908,2022-04-06 00:00:00+00:00,2052.5498046875,102594426
909,2022-04-07 00:00:00+00:00,2059.0654296875,59831638
910,2022-04-08 00:00:00+00:00,2034.677734375,67706017
911,2022-04-09 00:00:00+00:00,2090.35107421875,38937825
912,2022-04-10 00:00:00+00:00,2023.639892578125,42675664
913,2022-04-11 00:00:00+00:00,1815.3492431640625,62914312
914,2022-04-12 00:00:00+00:00,1859.248046875,48342730
915,2022-04-13 00:00:00+00:00,1936.3966064453125,71782889
916,2022-04-14 00:00:00+00:00,1902.0078125,86504439
917,2022-04-15 00:00:00+00:00,1948.8839111328125,63242662
918,2022-04-16 00:00:00+00:00,1891.2047119140625,43167696
919,2022-04-17 00:00:00+00:00,1799.0623779296875,60030996
920,2022-04-18 00:00:00+00:00,1818.7607421875,56144618
921,2022-04-19 00:00:00+00:00,1857.3851318359373,66985826
922,2022-04-20 00:00:00+00:00,1808.75341796875,91720108
923,2022-04-21 00:00:00+00:00,1731.52001953125,101728488
924,2022-04-22 00:00:00+00:00,1731.8992919921875,77601571
925,2022-04-23 00:00:00+00:00,1722.009033203125,55632143
926,2022-04-24 00:00:00+00:00,1734.99169921875,59119005
927,2022-04-25 00:00:00+00:00,1755.010009765625,74686548
928,2022-04-26 00:00:00+00:00,1625.787109375,76694834
929,2022-04-27 00:00:00+00:00,1668.033935546875,76678947
930,2022-04-28 00:00:00+00:00,1642.01904296875,70758897
931,2022-04-29 00:00:00+00:00,1553.7369384765625,76541036
932,2022-04-30 00:00:00+00:00,1452.4234619140625,72733115
933,2022-05-01 00:00:00+00:00,1452.974365234375,71693968
934,2022-05-02 00:00:00+00:00,1482.8095703125,61012785
935,2022-05-03 00:00:00+00:00,1402.08203125,61804051
936,2022-05-04 00:00:00+00:00,1496.007568359375,73184426
937,2022-05-05 00:00:00+00:00,1378.0296630859375,75932749
938,2022-05-06 00:00:00+00:00,1338.7034912109375,67297252
939,2022-05-07 00:00:00+00:00,1266.2586669921875,58599390
940,2022-05-08 00:00:00+00:00,1193.740478515625,73709318
941,2022-05-09 00:00:00+00:00,1067.3759765625,137106310
942,2022-05-10 00:00:00+00:00,1219.6605224609375,196367289
943,2022-05-11 00:00:00+00:00,1123.97412109375,751035519
944,2022-05-12 00:00:00+00:00,1336.68603515625,325742650
945,2022-05-13 00:00:00+00:00,1382.9888916015625,332856722
946,2022-05-14 00:00:00+00:00,1574.050537109375,283027773
947,2022-05-15 00:00:00+00:00,1567.353515625,215156994
948,2022-05-16 00:00:00+00:00,1526.908935546875,173272639
949,2022-05-17 00:00:00+00:00,1577.35205078125,191727368
950,2022-05-18 00:00:00+00:00,1430.7532958984375,144725118
951,2022-05-19 00:00:00+00:00,1435.833740234375,165766862
952,2022-05-20 00:00:00+00:00,1397.171630859375,136325102
953,2022-05-21 00:00:00+00:00,1398.737060546875,113732328
954,2022-05-22 00:00:00+00:00,1435.86328125,103221853
955,2022-05-23 00:00:00+00:00,1304.598876953125,108872283
956,2022-05-24 00:00:00+00:00,1291.515625,114901440
957,2022-05-25 00:00:00+00:00,1261.0738525390625,118718410
958,2022-05-26 00:00:00+00:00,1160.1378173828125,112597455
959,2022-05-27 00:00:00+00:00,1118.401611328125,124383336
960,2022-05-28 00:00:00+00:00,1215.9798583984375,117978463
961,2022-05-29 00:00:00+00:00,1193.1534423828125,100277389
962,2022-05-30 00:00:00+00:00,1368.5037841796875,158247235
963,2022-05-31 00:00:00+00:00,1318.66357421875,143164764
964,2022-06-01 00:00:00+00:00,1208.9742431640625,104423383
965,2022-06-02 00:00:00+00:00,1204.6881103515625,102850391
966,2022-06-03 00:00:00+00:00,1144.5302734375,76034515
967,2022-06-04 00:00:00+00:00,1170.9034423828125,75766836
968,2022-06-05 00:00:00+00:00,1179.96728515625,83772293
969,2022-06-06 00:00:00+00:00,1210.5238037109375,84647624
970,2022-06-07 00:00:00+00:00,1159.10693359375,69202462
971,2022-06-08 00:00:00+00:00,1155.78466796875,58618877
972,2022-06-09 00:00:00+00:00,1133.9747314453125,52914672
973,2022-06-10 00:00:00+00:00,1046.5374755859375,80917431
974,2022-06-11 00:00:00+00:00,987.620849609375,83289719
975,2022-06-12 00:00:00+00:00,918.861328125,78929691
976,2022-06-13 00:00:00+00:00,758.6686401367188,156354561
977,2022-06-14 00:00:00+00:00,790.97802734375,98924783
978,2022-06-15 00:00:00+00:00,826.92041015625,120736237
979,2022-06-16 00:00:00+00:00,732.7958374023438,66183597
980,2022-06-17 00:00:00+00:00,770.6353759765625,51150501
981,2022-06-18 00:00:00+00:00,733.8008422851562,66137995
982,2022-06-19 00:00:00+00:00,900.87255859375,105115069
983,2022-06-20 00:00:00+00:00,901.7953491210938,110625847
984,2022-06-21 00:00:00+00:00,918.3259887695312,103216300
985,2022-06-22 00:00:00+00:00,886.5166015625,102966089
986,2022-06-23 00:00:00+00:00,976.9396362304688,122186464
987,2022-06-24 00:00:00+00:00,1059.0494384765625,179357707
988,2022-06-25 00:00:00+00:00,1039.20263671875,148905516
989,2022-06-26 00:00:00+00:00,1001.1954345703124,157322322
990,2022-06-27 00:00:00+00:00,1003.3782958984376,120076665
991,2022-06-28 00:00:00+00:00,946.5885620117188,146009208
992,2022-06-29 00:00:00+00:00,911.2354736328124,185364770
993,2022-06-30 00:00:00+00:00,901.7069702148438,132721630
994,2022-07-01 00:00:00+00:00,890.2380981445312,151712525
995,2022-07-02 00:00:00+00:00,908.2650146484376,99808282
996,2022-07-03 00:00:00+00:00,902.4378051757812,82854820
997,2022-07-04 00:00:00+00:00,942.952392578125,105365125
998,2022-07-05 00:00:00+00:00,933.1263427734376,125224904
999,2022-07-06 00:00:00+00:00,995.7774047851562,154640644
1000,2022-07-07 00:00:00+00:00,988.0123901367188,134621156
1001,2022-07-08 00:00:00+00:00,966.4332885742188,134642602
1002,2022-07-09 00:00:00+00:00,998.0193481445312,95447457
1003,2022-07-10 00:00:00+00:00,942.1610107421876,129597197
1004,2022-07-11 00:00:00+00:00,869.3991088867188,117948042
1005,2022-07-12 00:00:00+00:00,831.3040161132812,109648612
1006,2022-07-13 00:00:00+00:00,853.197509765625,158332221
1007,2022-07-14 00:00:00+00:00,891.1217041015625,133367290
1008,2022-07-15 00:00:00+00:00,912.6087036132812,122190091
1009,2022-07-16 00:00:00+00:00,960.0089721679688,117321959
1010,2022-07-17 00:00:00+00:00,933.0899047851562,140093338
1011,2022-07-18 00:00:00+00:00,1043.6904296875,180539926
1012,2022-07-19 00:00:00+00:00,1033.218017578125,220731306
1013,2022-07-20 00:00:00+00:00,973.6436157226562,202577608
1014,2022-07-21 00:00:00+00:00,979.788818359375,168233967
1015,2022-07-22 00:00:00+00:00,949.8026733398438,136489983
1016,2022-07-23 00:00:00+00:00,956.0708618164062,155468370
1017,2022-07-24 00:00:00+00:00,988.3443603515624,146849484
1018,2022-07-25 00:00:00+00:00,899.4453125,175151128
1019,2022-07-26 00:00:00+00:00,907.3267822265624,133837387
1020,2022-07-27 00:00:00+00:00,1009.41357421875,137985504
1021,2022-07-28 00:00:00+00:00,1113.3369140625,206330120
1022,2022-07-29 00:00:00+00:00,1153.6539306640625,414015697
1023,2022-07-30 00:00:00+00:00,1120.2113037109375,426400016
1024,2022-07-31 00:00:00+00:00,1102.2962646484375,417783670
1025,2022-08-01 00:00:00+00:00,1065.7515869140625,225746458
1026,2022-08-02 00:00:00+00:00,1047.1787109375,181179219
1027,2022-08-03 00:00:00+00:00,1043.54833984375,191343565
1028,2022-08-04 00:00:00+00:00,1051.281494140625,120608525
1029,2022-08-05 00:00:00+00:00,1118.920166015625,134073019
1030,2022-08-06 00:00:00+00:00,1087.31005859375,94032081
1031,2022-08-07 00:00:00+00:00,1125.927490234375,87526957
1032,2022-08-08 00:00:00+00:00,1141.6512451171875,116459917
1033,2022-08-09 00:00:00+00:00,1069.153076171875,193107375
1034,2022-08-10 00:00:00+00:00,1114.4962158203125,278303874
1035,2022-08-11 00:00:00+00:00,1080.1812744140625,861700280
1036,2022-08-12 00:00:00+00:00,1083.255859375,408030375
1037,2022-08-13 00:00:00+00:00,1068.31640625,246073831
1038,2022-08-14 00:00:00+00:00,1024.97216796875,199025669
1039,2022-08-15 00:00:00+00:00,998.8894653320312,322271374
1040,2022-08-16 00:00:00+00:00,981.6455078125,217379997
1041,2022-08-17 00:00:00+00:00,931.4694213867188,226796076
1042,2022-08-18 00:00:00+00:00,894.6688842773438,175970818
1043,2022-08-19 00:00:00+00:00,837.2315063476562,206878507
1044,2022-08-20 00:00:00+00:00,825.0478515625,150662660
1045,2022-08-21 00:00:00+00:00,839.669921875,141856279
1046,2022-08-22 00:00:00+00:00,840.0048828125,204501035
1047,2022-08-23 00:00:00+00:00,855.5218505859375,204678849
1048,2022-08-24 00:00:00+00:00,854.5479125976562,157802464
1049,2022-08-25 00:00:00+00:00,846.9444580078125,143997363
1050,2022-08-26 00:00:00+00:00,760.4815673828125,227480396
1051,2022-08-27 00:00:00+00:00,765.6681518554688,144775322
1052,2022-08-28 00:00:00+00:00,736.68896484375,126884602
1053,2022-08-29 00:00:00+00:00,811.1356811523438,160184925
1054,2022-08-30 00:00:00+00:00,783.49365234375,172076788
1055,2022-08-31 00:00:00+00:00,764.153564453125,150823882
1056,2022-09-01 00:00:00+00:00,757.9658203125,158398781
1057,2022-09-02 00:00:00+00:00,750.5491333007812,73323031
1058,2022-09-03 00:00:00+00:00,742.3463134765625,46442576
1059,2022-09-04 00:00:00+00:00,750.9695434570312,46413746
1060,2022-09-05 00:00:00+00:00,740.5582275390625,52332541
1061,2022-09-06 00:00:00+00:00,727.099853515625,89314552
1062,2022-09-07 00:00:00+00:00,738.0403442382812,41828932
1063,2022-09-08 00:00:00+00:00,726.1749877929688,28769619
1064,2022-09-09 00:00:00+00:00,779.224609375,49767630
1065,2022-09-10 00:00:00+00:00,765.8518676757812,30811755
1066,2022-09-11 00:00:00+00:00,754.2140502929688,29475937
1067,2022-09-12 00:00:00+00:00,737.4003295898438,29724217
1068,2022-09-13 00:00:00+00:00,700.8543701171875,33250494
1069,2022-09-14 00:00:00+00:00,702.6322021484375,24881623
1070,2022-09-15 00:00:00+00:00,659.8746948242188,36966607
1071,2022-09-16 00:00:00+00:00,668.466552734375,25363943
1072,2022-09-17 00:00:00+00:00,686.8165893554688,16327236
1073,2022-09-18 00:00:00+00:00,631.488037109375,25915792
1074,2022-09-19 00:00:00+00:00,630.8297729492188,30816745
1075,2022-09-20 00:00:00+00:00,608.0029296875,32128221
1076,2022-09-21 00:00:00+00:00,594.6334838867188,33724541
1077,2022-09-22 00:00:00+00:00,647.4386596679688,25065869
1078,2022-09-23 00:00:00+00:00,671.5877075195312,37112759
1079,2022-09-24 00:00:00+00:00,679.5833740234375,21331772
1080,2022-09-25 00:00:00+00:00,709.4700317382812,33949739
1081,2022-09-26 00:00:00+00:00,718.8665771484375,40270426
1082,2022-09-27 00:00:00+00:00,746.11572265625,46198748
1083,2022-09-28 00:00:00+00:00,730.35302734375,39672415
1084,2022-09-29 00:00:00+00:00,738.155029296875,32338530
1085,2022-09-30 00:00:00+00:00,739.498779296875,44313977
1086,2022-10-01 00:00:00+00:00,731.4378662109375,31806167
1087,2022-10-02 00:00:00+00:00,755.55810546875,35251211
1088,2022-10-03 00:00:00+00:00,812.230224609375,48792679
1089,2022-10-04 00:00:00+00:00,845.5618896484375,74878819
1090,2022-10-05 00:00:00+00:00,841.2680053710938,40012604
1091,2022-10-06 00:00:00+00:00,844.2992553710938,39884787
1092,2022-10-07 00:00:00+00:00,859.6993408203125,42202799
1093,2022-10-08 00:00:00+00:00,877.0706787109375,32950360
1094,2022-10-09 00:00:00+00:00,987.3062744140624,61924846
1095,2022-10-10 00:00:00+00:00,972.9992065429688,151236707
1096,2022-10-11 00:00:00+00:00,975.5447998046876,102862939
1097,2022-10-12 00:00:00+00:00,917.8129272460938,54380172
1098,2022-10-13 00:00:00+00:00,916.7904663085938,73332335
1099,2022-10-14 00:00:00+00:00,916.5814208984376,46349626
1100,2022-10-15 00:00:00+00:00,968.6842041015624,54873471
1101,2022-10-16 00:00:00+00:00,999.5003051757812,54046735
1102,2022-10-17 00:00:00+00:00,1090.247314453125,95860778
1103,2022-10-18 00:00:00+00:00,1104.0032958984375,73921273
1104,2022-10-19 00:00:00+00:00,1091.3162841796875,85894564
1105,2022-10-20 00:00:00+00:00,1051.226318359375,65965566
1106,2022-10-21 00:00:00+00:00,1015.6993408203124,46795154
1107,2022-10-22 00:00:00+00:00,996.7363891601562,35174897
1108,2022-10-23 00:00:00+00:00,978.6962890625,41951078
1109,2022-10-24 00:00:00+00:00,926.7763671875,47355017
1110,2022-10-25 00:00:00+00:00,945.8887939453124,44127707
1111,2022-10-26 00:00:00+00:00,937.1165161132812,49356176
1112,2022-10-27 00:00:00+00:00,905.6624755859376,52040151
1113,2022-10-28 00:00:00+00:00,900.0808715820312,42593690
1114,2022-10-29 00:00:00+00:00,916.0848388671876,37549750
1115,2022-10-30 00:00:00+00:00,909.8133544921876,27151559
1116,2022-10-31 00:00:00+00:00,899.2866821289062,29067269
1117,2022-11-01 00:00:00+00:00,881.1026000976562,25174734
1118,2022-11-02 00:00:00+00:00,835.5037231445312,38768719
1119,2022-11-03 00:00:00+00:00,847.4033203125,32737074
1120,2022-11-04 00:00:00+00:00,914.4552001953124,34469304
1121,2022-11-05 00:00:00+00:00,897.9317626953125,27614891
1122,2022-11-06 00:00:00+00:00,840.1747436523438,34703191
1123,2022-11-07 00:00:00+00:00,831.2213745117188,33384907
1124,2022-11-08 00:00:00+00:00,711.1828002929688,75826521
1125,2022-11-09 00:00:00+00:00,671.5282592773438,69805944
1126,2022-11-10 00:00:00+00:00,882.3718872070312,93226856
1127,2022-11-11 00:00:00+00:00,780.2360229492188,60811955
1128,2022-11-12 00:00:00+00:00,698.56884765625,35814148
1129,2022-11-13 00:00:00+00:00,676.7605590820312,27647580
1130,2022-11-14 00:00:00+00:00,696.3040771484375,32491341
1131,2022-11-15 00:00:00+00:00,707.4132690429688,19932447
1132,2022-11-16 00:00:00+00:00,660.9922485351562,24381454
1133,2022-11-17 00:00:00+00:00,651.8402709960938,25205366
1134,2022-11-18 00:00:00+00:00,656.7251586914062,24317682
1135,2022-11-19 00:00:00+00:00,682.3170166015625,19394591
1136,2022-11-20 00:00:00+00:00,658.7745971679688,20813268
1137,2022-11-21 00:00:00+00:00,635.4002685546875,27149369
1138,2022-11-22 00:00:00+00:00,649.0612182617188,24811948
1139,2022-11-23 00:00:00+00:00,663.594970703125,26899118
1140,2022-11-24 00:00:00+00:00,661.2638549804688,19931739
1141,2022-11-25 00:00:00+00:00,644.920166015625,22094664
1142,2022-11-26 00:00:00+00:00,640.2545166015625,23768227
1143,2022-11-27 00:00:00+00:00,640.1231079101562,27976842
1144,2022-11-28 00:00:00+00:00,645.8034057617188,23890933
1145,2022-11-29 00:00:00+00:00,646.9882202148438,20727162
1146,2022-11-30 00:00:00+00:00,661.37353515625,23740631
1147,2022-12-01 00:00:00+00:00,646.390625,18177927
1148,2022-12-02 00:00:00+00:00,646.6643676757812,27346978
1149,2022-12-03 00:00:00+00:00,640.8148193359375,14746330
1150,2022-12-04 00:00:00+00:00,649.694091796875,14232683
1151,2022-12-05 00:00:00+00:00,638.1619873046875,20621289
1152,2022-12-06 00:00:00+00:00,631.7424926757812,19203406
1153,2022-12-07 00:00:00+00:00,606.3676147460938,18940407
1154,2022-12-08 00:00:00+00:00,621.9346923828125,22569886
1155,2022-12-09 00:00:00+00:00,611.0866088867188,15457703
1156,2022-12-10 00:00:00+00:00,613.6802978515625,13127295
1157,2022-12-11 00:00:00+00:00,602.1458740234375,15385696
1158,2022-12-12 00:00:00+00:00,588.908935546875,25400083
1159,2022-12-13 00:00:00+00:00,603.2882690429688,23077752
1160,2022-12-14 00:00:00+00:00,606.1576538085938,18896477
1161,2022-12-15 00:00:00+00:00,590.2776489257812,16631449
1162,2022-12-16 00:00:00+00:00,540.0326538085938,19843162
1163,2022-12-17 00:00:00+00:00,553.341796875,15710336
1164,2022-12-18 00:00:00+00:00,554.1646118164062,11082467
1165,2022-12-19 00:00:00+00:00,527.2643432617188,14355080
1166,2022-12-20 00:00:00+00:00,558.33984375,14126075
1167,2022-12-21 00:00:00+00:00,551.1961669921875,13180369
1168,2022-12-22 00:00:00+00:00,551.4708862304688,13849572
1169,2022-12-23 00:00:00+00:00,553.7487182617188,13498781
1170,2022-12-24 00:00:00+00:00,551.2184448242188,11919077
1171,2022-12-25 00:00:00+00:00,540.2932739257812,13606804
1172,2022-12-26 00:00:00+00:00,548.9324951171875,13079676
1173,2022-12-27 00:00:00+00:00,541.7460327148438,14515297
1174,2022-12-28 00:00:00+00:00,518.1635131835938,14924093
1175,2022-12-29 00:00:00+00:00,520.0272827148438,14501940
1176,2022-12-30 00:00:00+00:00,522.248046875,16463056
1177,2022-12-31 00:00:00+00:00,510.5272216796875,23700703
1178,2023-01-01 00:00:00+00:00,513.0187377929688,16845169
1179,2023-01-02 00:00:00+00:00,511.6665649414063,17552136
1180,2023-01-03 00:00:00+00:00,505.0352478027344,19088773
1181,2023-01-04 00:00:00+00:00,518.8180541992188,33049795
1182,2023-01-05 00:00:00+00:00,527.2825927734375,25958865
1183,2023-01-06 00:00:00+00:00,539.4475708007812,21649093
1184,2023-01-07 00:00:00+00:00,552.639892578125,26307303
1185,2023-01-08 00:00:00+00:00,592.6702270507812,38920445
1186,2023-01-09 00:00:00+00:00,617.2991943359375,59901332
1187,2023-01-10 00:00:00+00:00,631.6663208007812,26712489
1188,2023-01-11 00:00:00+00:00,636.578125,22710675
1189,2023-01-12 00:00:00+00:00,652.57568359375,27371749
1190,2023-01-13 00:00:00+00:00,688.4780883789062,26137928
1191,2023-01-14 00:00:00+00:00,709.341796875,49339137
1192,2023-01-15 00:00:00+00:00,700.1795043945312,34089947
1193,2023-01-16 00:00:00+00:00,688.28125,37467167
1194,2023-01-17 00:00:00+00:00,696.421630859375,29364394
1195,2023-01-18 00:00:00+00:00,639.9946899414062,33142034
1196,2023-01-19 00:00:00+00:00,665.7739868164062,25660238
1197,2023-01-20 00:00:00+00:00,716.1292114257812,22457951
1198,2023-01-21 00:00:00+00:00,699.5333862304688,29469999
1199,2023-01-22 00:00:00+00:00,709.6555786132812,23826271
1200,2023-01-23 00:00:00+00:00,705.3880615234375,24565163
1201,2023-01-24 00:00:00+00:00,665.3157958984375,25586245
1202,2023-01-25 00:00:00+00:00,668.8453369140625,28212528
1203,2023-01-26 00:00:00+00:00,658.4266967773438,25213499
1204,2023-01-27 00:00:00+00:00,670.915283203125,24640583
1205,2023-01-28 00:00:00+00:00,655.5947875976562,20285031
1206,2023-01-29 00:00:00+00:00,675.1841430664062,21479087
1207,2023-01-30 00:00:00+00:00,634.8710327148438,26633817
1208,2023-01-31 00:00:00+00:00,655.2039184570312,20022622
1209,2023-02-01 00:00:00+00:00,668.7462768554688,25030626
1210,2023-02-02 00:00:00+00:00,670.57421875,34837766
1211,2023-02-03 00:00:00+00:00,696.2058715820312,26630822
1212,2023-02-04 00:00:00+00:00,701.3508911132812,28329493
1213,2023-02-05 00:00:00+00:00,695.0135498046875,33674186
1214,2023-02-06 00:00:00+00:00,693.7000122070312,31627217
1215,2023-02-07 00:00:00+00:00,789.4988403320312,50083655
1216,2023-02-08 00:00:00+00:00,781.3359375,51896038
1217,2023-02-09 00:00:00+00:00,709.9113159179688,53668793
1218,2023-02-10 00:00:00+00:00,712.9164428710938,31878097
1219,2023-02-11 00:00:00+00:00,723.5496215820312,23975754
1220,2023-02-12 00:00:00+00:00,684.7098388671875,25921892
1221,2023-02-13 00:00:00+00:00,770.1089477539062,92102614
1222,2023-02-14 00:00:00+00:00,740.756591796875,57427961
1223,2023-02-15 00:00:00+00:00,760.2007446289062,47560869
1224,2023-02-16 00:00:00+00:00,706.2236328125,53972684
1225,2023-02-17 00:00:00+00:00,726.03759765625,40039703
1226,2023-02-18 00:00:00+00:00,728.9971313476562,26458441
1227,2023-02-19 00:00:00+00:00,737.3815307617188,38873628
1228,2023-02-20 00:00:00+00:00,770.1691284179688,36219723
1229,2023-02-21 00:00:00+00:00,786.9889526367188,40186852
1230,2023-02-22 00:00:00+00:00,760.2623901367188,37563771
1231,2023-02-23 00:00:00+00:00,740.7547607421875,28798198
1232,2023-02-24 00:00:00+00:00,713.2276000976562,27600405
1233,2023-02-25 00:00:00+00:00,706.3668823242188,25496636
1234,2023-02-26 00:00:00+00:00,775.5320434570312,52887692
1235,2023-02-27 00:00:00+00:00,788.4426879882812,57195325
1236,2023-02-28 00:00:00+00:00,791.4266357421875,44572661
1237,2023-03-01 00:00:00+00:00,927.9334106445312,163217672
1238,2023-03-02 00:00:00+00:00,883.2493286132812,74303183
1239,2023-03-03 00:00:00+00:00,893.4088745117188,111387747
1240,2023-03-04 00:00:00+00:00,858.0084838867188,55189668
1241,2023-03-05 00:00:00+00:00,948.1517944335938,102588030
1242,2023-03-06 00:00:00+00:00,910.7695922851562,70496369
1243,2023-03-07 00:00:00+00:00,922.3786010742188,64903147
1244,2023-03-08 00:00:00+00:00,874.7227783203125,71555525
1245,2023-03-09 00:00:00+00:00,810.1728515625,60765744
1246,2023-03-10 00:00:00+00:00,781.2390747070312,63545842
1247,2023-03-11 00:00:00+00:00,728.6910400390625,253784672
1248,2023-03-12 00:00:00+00:00,903.781982421875,157286130
1249,2023-03-13 00:00:00+00:00,911.468505859375,246085014
1250,2023-03-14 00:00:00+00:00,862.153564453125,128974547
1251,2023-03-15 00:00:00+00:00,747.7926635742188,126343325
1252,2023-03-16 00:00:00+00:00,707.7316284179688,96653856
1253,2023-03-17 00:00:00+00:00,729.7171630859375,171506041
1254,2023-03-18 00:00:00+00:00,686.1724853515625,119808723
1255,2023-03-19 00:00:00+00:00,688.5506591796875,79605211
1256,2023-03-20 00:00:00+00:00,668.9738159179688,84590818
1257,2023-03-21 00:00:00+00:00,692.9022216796875,64478549
1258,2023-03-22 00:00:00+00:00,670.4651489257812,60547510
1259,2023-03-23 00:00:00+00:00,680.482666015625,52349912
1260,2023-03-24 00:00:00+00:00,672.402587890625,66136765
1261,2023-03-25 00:00:00+00:00,666.7848510742188,39123806
1262,2023-03-26 00:00:00+00:00,671.6508178710938,35664996
1263,2023-03-27 00:00:00+00:00,675.912109375,52392699
1264,2023-03-28 00:00:00+00:00,675.6837158203125,53090728
1265,2023-03-29 00:00:00+00:00,691.730712890625,60473166
1266,2023-03-30 00:00:00+00:00,675.6600341796875,52697410
1267,2023-03-31 00:00:00+00:00,686.9022827148438,41515986
1268,2023-04-01 00:00:00+00:00,686.9337158203125,35034932
1269,2023-04-02 00:00:00+00:00,673.4818115234375,30392710
1270,2023-04-03 00:00:00+00:00,673.5184326171875,47137039
1271,2023-04-04 00:00:00+00:00,680.5634765625,32190184
1272,2023-04-05 00:00:00+00:00,692.920166015625,43259563
1273,2023-04-06 00:00:00+00:00,719.4263916015625,96268687
1274,2023-04-07 00:00:00+00:00,696.15576171875,42480712
1275,2023-04-08 00:00:00+00:00,688.7444458007812,41962062
1276,2023-04-09 00:00:00+00:00,706.52294921875,32404440
1277,2023-04-10 00:00:00+00:00,725.8758544921875,46280293
1278,2023-04-11 00:00:00+00:00,726.480224609375,48237131
1279,2023-04-12 00:00:00+00:00,726.69921875,41113374
1280,2023-04-13 00:00:00+00:00,753.8428344726562,45034984
1281,2023-04-14 00:00:00+00:00,773.7247924804688,65416242
1282,2023-04-15 00:00:00+00:00,778.4561767578125,46751937
1283,2023-04-16 00:00:00+00:00,801.0784912109375,46222072
1284,2023-04-17 00:00:00+00:00,780.4559326171875,46373714
1285,2023-04-18 00:00:00+00:00,789.7437744140625,35213845
1286,2023-04-19 00:00:00+00:00,724.1227416992188,51339251
1287,2023-04-20 00:00:00+00:00,715.7362670898438,51309817
1288,2023-04-21 00:00:00+00:00,676.9913940429688,33473839
1289,2023-04-22 00:00:00+00:00,698.8196411132812,24782666
1290,2023-04-23 00:00:00+00:00,688.8113403320312,21653294
1291,2023-04-24 00:00:00+00:00,682.2557373046875,20848099
1292,2023-04-25 00:00:00+00:00,692.4833984375,22168549
1293,2023-04-26 00:00:00+00:00,689.272705078125,34101454
1294,2023-04-27 00:00:00+00:00,702.824462890625,25703181
1295,2023-04-28 00:00:00+00:00,698.9267578125,19929561
1296,2023-04-29 00:00:00+00:00,709.2792358398438,15885675
1297,2023-04-30 00:00:00+00:00,695.3102416992188,16913131
1298,2023-05-01 00:00:00+00:00,702.2415161132812,22678213
1299,2023-05-02 00:00:00+00:00,699.9617919921875,21721568
1300,2023-05-03 00:00:00+00:00,699.17041015625,17209621
1301,2023-05-04 00:00:00+00:00,689.455078125,13975393
1302,2023-05-05 00:00:00+00:00,725.88818359375,27345459
1303,2023-05-06 00:00:00+00:00,691.8599853515625,23982853
1304,2023-05-07 00:00:00+00:00,696.7864990234375,18367091
1305,2023-05-08 00:00:00+00:00,669.2378540039062,27098810
1306,2023-05-09 00:00:00+00:00,671.84521484375,19100501
1307,2023-05-10 00:00:00+00:00,660.5401611328125,20865497
1308,2023-05-11 00:00:00+00:00,622.2581787109375,20612997
1309,2023-05-12 00:00:00+00:00,638.0523071289062,29845292
1310,2023-05-13 00:00:00+00:00,632.569580078125,24767535
1311,2023-05-14 00:00:00+00:00,626.3826904296875,21713167
1312,2023-05-15 00:00:00+00:00,637.2470703125,15172332
1313,2023-05-16 00:00:00+00:00,633.170654296875,20543796
1314,2023-05-17 00:00:00+00:00,639.53662109375,13436548
1315,2023-05-18 00:00:00+00:00,626.032958984375,12454815
1316,2023-05-19 00:00:00+00:00,627.9513549804688,10427856
1317,2023-05-20 00:00:00+00:00,625.5751342773438,12260558
1318,2023-05-21 00:00:00+00:00,623.653564453125,10290023
1319,2023-05-22 00:00:00+00:00,629.5314331054688,11316972
1320,2023-05-23 00:00:00+00:00,633.90234375,11940466
1321,2023-05-24 00:00:00+00:00,618.8056640625,13323228
1322,2023-05-25 00:00:00+00:00,624.5523071289062,13515233
1323,2023-05-26 00:00:00+00:00,624.622802734375,11891642
1324,2023-05-27 00:00:00+00:00,633.9202270507812,14079191
1325,2023-05-28 00:00:00+00:00,648.1211547851562,14472342
1326,2023-05-29 00:00:00+00:00,637.0950927734375,14351137
1327,2023-05-30 00:00:00+00:00,643.5025024414062,14129821
1328,2023-05-31 00:00:00+00:00,635.565673828125,15479513
1329,2023-06-01 00:00:00+00:00,641.6883544921875,13442901
1330,2023-06-02 00:00:00+00:00,663.088134765625,15854640
1331,2023-06-03 00:00:00+00:00,674.0145263671875,13943694
1332,2023-06-04 00:00:00+00:00,682.7871704101562,20953152
1333,2023-06-05 00:00:00+00:00,649.071044921875,23769877
1334,2023-06-06 00:00:00+00:00,650.2938232421875,15696079
1335,2023-06-07 00:00:00+00:00,623.1043090820312,15528673
1336,2023-06-08 00:00:00+00:00,625.4022827148438,12449781
1337,2023-06-09 00:00:00+00:00,627.4674682617188,14166988
1338,2023-06-10 00:00:00+00:00,631.64208984375,47141219
1339,2023-06-11 00:00:00+00:00,616.9539794921875,20778268
1340,2023-06-12 00:00:00+00:00,627.5817260742188,16616802
1341,2023-06-13 00:00:00+00:00,634.490478515625,22158651
1342,2023-06-14 00:00:00+00:00,628.2760009765625,23451346
1343,2023-06-15 00:00:00+00:00,645.2766723632812,17591013
1344,2023-06-16 00:00:00+00:00,678.2948608398438,20027455
1345,2023-06-17 00:00:00+00:00,668.6674194335938,17497513
1346,2023-06-18 00:00:00+00:00,671.3446044921875,18780978
1347,2023-06-19 00:00:00+00:00,706.2672119140625,29467955
1348,2023-06-20 00:00:00+00:00,728.2251586914062,22582757
1349,2023-06-21 00:00:00+00:00,753.89306640625,42664275
1350,2023-06-22 00:00:00+00:00,738.4319458007812,24046086
1351,2023-06-23 00:00:00+00:00,727.2885131835938,26827254
1352,2023-06-24 00:00:00+00:00,681.850341796875,30251736
1353,2023-06-25 00:00:00+00:00,705.4319458007812,37041880
1354,2023-06-26 00:00:00+00:00,688.5379028320312,26541298
1355,2023-06-27 00:00:00+00:00,689.4496459960938,23584202
1356,2023-06-28 00:00:00+00:00,677.08935546875,24481383
1357,2023-06-29 00:00:00+00:00,687.5684814453125,28076078
1358,2023-06-30 00:00:00+00:00,830.7417602539062,118314201
1359,2023-07-01 00:00:00+00:00,842.6096801757812,55112173
1360,2023-07-02 00:00:00+00:00,858.810546875,64165541
1361,2023-07-03 00:00:00+00:00,978.30419921875,117887744
1362,2023-07-04 00:00:00+00:00,981.9761352539062,86403040
1363,2023-07-05 00:00:00+00:00,917.3611450195312,138892217
1364,2023-07-06 00:00:00+00:00,968.521484375,103690381
1365,2023-07-07 00:00:00+00:00,939.7816162109376,89800487
1366,2023-07-08 00:00:00+00:00,932.4661254882812,48195990
1367,2023-07-09 00:00:00+00:00,962.68505859375,58570656
1368,2023-07-10 00:00:00+00:00,914.9892578125,49743245
1369,2023-07-11 00:00:00+00:00,913.3176879882812,48149744
1370,2023-07-12 00:00:00+00:00,907.8101196289062,43920964
1371,2023-07-13 00:00:00+00:00,924.531005859375,57448062
1372,2023-07-14 00:00:00+00:00,868.15869140625,64513039
1373,2023-07-15 00:00:00+00:00,889.8560180664062,43080346
1374,2023-07-16 00:00:00+00:00,970.0057373046876,113632351
1375,2023-07-17 00:00:00+00:00,936.622802734375,64600066
1376,2023-07-18 00:00:00+00:00,924.593017578125,59436606
1377,2023-07-19 00:00:00+00:00,990.1499633789062,82073753
1378,2023-07-20 00:00:00+00:00,1032.79443359375,99769592
1379,2023-07-21 00:00:00+00:00,1094.58984375,180443131
1380,2023-07-22 00:00:00+00:00,1110.1207275390625,82341313
1381,2023-07-23 00:00:00+00:00,1089.7442626953125,74715728
1382,2023-07-24 00:00:00+00:00,1067.6744384765625,86419437
1383,2023-07-25 00:00:00+00:00,1139.34765625,112364305
1384,2023-07-26 00:00:00+00:00,1180.986328125,107528334
1385,2023-07-27 00:00:00+00:00,1164.3546142578125,140985492
1386,2023-07-28 00:00:00+00:00,1179.8817138671875,92611010
1387,2023-07-29 00:00:00+00:00,1284.544921875,146842351
1388,2023-07-30 00:00:00+00:00,1249.77734375,105187173
1389,2023-07-31 00:00:00+00:00,1225.9825439453125,101103407
1390,2023-08-01 00:00:00+00:00,1338.3922119140625,153382169
1391,2023-08-02 00:00:00+00:00,1293.515380859375,122689612
1392,2023-08-03 00:00:00+00:00,1291.0111083984375,96899585
1393,2023-08-04 00:00:00+00:00,1302.618408203125,102606839
1394,2023-08-05 00:00:00+00:00,1244.3883056640625,84660400
1395,2023-08-06 00:00:00+00:00,1221.453125,77351057
1396,2023-08-07 00:00:00+00:00,1217.708740234375,80816697
1397,2023-08-08 00:00:00+00:00,1212.442626953125,66589864
1398,2023-08-09 00:00:00+00:00,1212.2203369140625,72896798
1399,2023-08-10 00:00:00+00:00,1255.257080078125,86850407
1400,2023-08-11 00:00:00+00:00,1248.885986328125,70385581
1401,2023-08-12 00:00:00+00:00,1224.061279296875,62376513
1402,2023-08-13 00:00:00+00:00,1244.5108642578125,61528721
1403,2023-08-14 00:00:00+00:00,1249.0130615234375,78843676
1404,2023-08-15 00:00:00+00:00,1231.8565673828125,59131468
1405,2023-08-16 00:00:00+00:00,1129.638427734375,82794476
1406,2023-08-17 00:00:00+00:00,1083.2806396484375,84514655
1407,2023-08-18 00:00:00+00:00,1071.205322265625,81814884
1408,2023-08-19 00:00:00+00:00,1102.1806640625,48739464
1409,2023-08-20 00:00:00+00:00,1110.066650390625,50298771
1410,2023-08-21 00:00:00+00:00,1093.564453125,73026411
1411,2023-08-22 00:00:00+00:00,1039.565185546875,85160886
1412,2023-08-23 00:00:00+00:00,1073.591552734375,75191057
1413,2023-08-24 00:00:00+00:00,1031.26513671875,76594678
1414,2023-08-25 00:00:00+00:00,1013.16796875,64448513
1415,2023-08-26 00:00:00+00:00,1038.81982421875,57022096
1416,2023-08-27 00:00:00+00:00,1073.243408203125,52163074
1417,2023-08-28 00:00:00+00:00,1027.197265625,66689681
1418,2023-08-29 00:00:00+00:00,1047.0699462890625,62331794
1419,2023-08-30 00:00:00+00:00,1043.8531494140625,57055557
1420,2023-08-31 00:00:00+00:00,1156.1719970703125,142676436
1421,2023-09-01 00:00:00+00:00,1140.6971435546875,97193854
1422,2023-09-02 00:00:00+00:00,1139.1229248046875,84164649
1423,2023-09-03 00:00:00+00:00,1127.81689453125,61687236
1424,2023-09-04 00:00:00+00:00,1117.2811279296875,128880530
1425,2023-09-05 00:00:00+00:00,1133.2359619140625,55756298
1426,2023-09-06 00:00:00+00:00,1136.42724609375,56176341
1427,2023-09-07 00:00:00+00:00,1144.74462890625,49122510
1428,2023-09-08 00:00:00+00:00,1137.008056640625,45065652
1429,2023-09-09 00:00:00+00:00,1127.254638671875,31310378
1430,2023-09-10 00:00:00+00:00,1116.3094482421875,50596232
1431,2023-09-11 00:00:00+00:00,1081.4931640625,63318055
1432,2023-09-12 00:00:00+00:00,1119.68359375,76517669
1433,2023-09-13 00:00:00+00:00,1154.9940185546875,65845917
1434,2023-09-14 00:00:00+00:00,1161.2161865234375,63280074
1435,2023-09-15 00:00:00+00:00,1278.8741455078125,88812990
1436,2023-09-16 00:00:00+00:00,1269.780029296875,72873885
1437,2023-09-17 00:00:00+00:00,1252.8275146484375,65425810
1438,2023-09-18 00:00:00+00:00,1238.59521484375,70694033
1439,2023-09-19 00:00:00+00:00,1288.4940185546875,76252002
1440,2023-09-20 00:00:00+00:00,1347.3638916015625,110991097
1441,2023-09-21 00:00:00+00:00,1305.7974853515625,91186487
1442,2023-09-22 00:00:00+00:00,1273.4705810546875,72821114
1443,2023-09-23 00:00:00+00:00,1288.57470703125,51293456
1444,2023-09-24 00:00:00+00:00,1272.0072021484375,46098850
1445,2023-09-25 00:00:00+00:00,1316.3692626953125,52481523
1446,2023-09-26 00:00:00+00:00,1426.138671875,118931537
1447,2023-09-27 00:00:00+00:00,1496.2706298828125,117047235
1448,2023-09-28 00:00:00+00:00,1513.300537109375,103440341
1449,2023-09-29 00:00:00+00:00,1451.419921875,127101706
1450,2023-09-30 00:00:00+00:00,1533.16748046875,71367281
1451,2023-10-01 00:00:00+00:00,1481.0548095703125,112162020
1452,2023-10-02 00:00:00+00:00,1452.8056640625,144619200
1453,2023-10-03 00:00:00+00:00,1424.1239013671875,59524074
1454,2023-10-04 00:00:00+00:00,1442.0634765625,81190071
1455,2023-10-05 00:00:00+00:00,1469.6683349609375,77697708
1456,2023-10-06 00:00:00+00:00,1442.3487548828125,43796498
1457,2023-10-07 00:00:00+00:00,1408.0185546875,51617110
1458,2023-10-08 00:00:00+00:00,1403.517333984375,36288627
1459,2023-10-09 00:00:00+00:00,1375.8250732421875,53107810
1460,2023-10-10 00:00:00+00:00,1377.7445068359375,39392916
1461,2023-10-11 00:00:00+00:00,1399.3125,43060849
1462,2023-10-12 00:00:00+00:00,1362.76318359375,41846302
1463,2023-10-13 00:00:00+00:00,1428.9434814453125,58933525
1464,2023-10-14 00:00:00+00:00,1417.005615234375,41515696
1465,2023-10-15 00:00:00+00:00,1432.1561279296875,42463754
1466,2023-10-16 00:00:00+00:00,1417.774658203125,94003990
1467,2023-10-17 00:00:00+00:00,1392.5687255859375,70546647
1468,2023-10-18 00:00:00+00:00,1379.921142578125,45058442
1469,2023-10-19 00:00:00+00:00,1405.8963623046875,45788983
1470,2023-10-20 00:00:00+00:00,1429.020751953125,62555442
1471,2023-10-21 00:00:00+00:00,1425.6588134765625,51813729
1472,2023-10-22 00:00:00+00:00,1448.02099609375,36370797
1473,2023-10-23 00:00:00+00:00,1564.7906494140625,113520422
1474,2023-10-24 00:00:00+00:00,1500.7918701171875,129687056
1475,2023-10-25 00:00:00+00:00,1431.439453125,111938760
1476,2023-10-26 00:00:00+00:00,1417.578369140625,97723729
1477,2023-10-27 00:00:00+00:00,1390.0460205078125,67334158
1478,2023-10-28 00:00:00+00:00,1441.7015380859375,83615936
1479,2023-10-29 00:00:00+00:00,1425.5767822265625,54506500
1480,2023-10-30 00:00:00+00:00,1394.4534912109375,72118742
1481,2023-10-31 00:00:00+00:00,1367.899658203125,37652374
1482,2023-11-01 00:00:00+00:00,1338.4632568359375,83019270
1483,2023-11-02 00:00:00+00:00,1307.8626708984375,92965668
1484,2023-11-03 00:00:00+00:00,1339.3514404296875,51895667
1485,2023-11-04 00:00:00+00:00,1338.5408935546875,30424807
1486,2023-11-05 00:00:00+00:00,1328.947265625,36509792
1487,2023-11-06 00:00:00+00:00,1333.743896484375,37394506
1488,2023-11-07 00:00:00+00:00,1295.2490234375,68604333
1489,2023-11-08 00:00:00+00:00,1316.557373046875,68655683
1490,2023-11-09 00:00:00+00:00,1371.9031982421875,118967667
1491,2023-11-10 00:00:00+00:00,1325.5950927734375,94692235
1492,2023-11-11 00:00:00+00:00,1287.1011962890625,83615377
1493,2023-11-12 00:00:00+00:00,1286.724365234375,78768511
1494,2023-11-13 00:00:00+00:00,1383.8885498046875,115165011
1495,2023-11-14 00:00:00+00:00,1375.61767578125,116270069
1496,2023-11-15 00:00:00+00:00,1418.576416015625,122054139
1497,2023-11-16 00:00:00+00:00,1338.859619140625,117076246
1498,2023-11-17 00:00:00+00:00,1358.9879150390625,103105842
1499,2023-11-18 00:00:00+00:00,1366.193603515625,85458461
1500,2023-11-19 00:00:00+00:00,1386.848388671875,65670957
1501,2023-11-20 00:00:00+00:00,1406.33056640625,77773744
1502,2023-11-21 00:00:00+00:00,1380.8280029296875,134020243
1503,2023-11-22 00:00:00+00:00,1467.264404296875,105533531
1504,2023-11-23 00:00:00+00:00,1472.3968505859375,84766941
1505,2023-11-24 00:00:00+00:00,1457.4033203125,74154601
1506,2023-11-25 00:00:00+00:00,1457.854736328125,63473996
1507,2023-11-26 00:00:00+00:00,1488.2572021484375,73455162
1508,2023-11-27 00:00:00+00:00,1477.5098876953125,104643816
1509,2023-11-28 00:00:00+00:00,1486.18994140625,73693350
1510,2023-11-29 00:00:00+00:00,1522.1475830078125,86369575
1511,2023-11-30 00:00:00+00:00,1527.369384765625,80838900
1512,2023-12-01 00:00:00+00:00,1547.3262939453125,58535911
1513,2023-12-02 00:00:00+00:00,1541.4896240234375,57300534
1514,2023-12-03 00:00:00+00:00,1515.95849609375,66583729
1515,2023-12-04 00:00:00+00:00,1485.4849853515625,92135631
1516,2023-12-05 00:00:00+00:00,1485.5909423828125,61356420
1517,2023-12-06 00:00:00+00:00,1426.55322265625,58535508
1518,2023-12-07 00:00:00+00:00,1449.7916259765625,66153656
1519,2023-12-08 00:00:00+00:00,1445.1390380859375,67239584
1520,2023-12-09 00:00:00+00:00,1430.7161865234375,73292693
1521,2023-12-10 00:00:00+00:00,1417.314208984375,61221329
1522,2023-12-11 00:00:00+00:00,1390.9637451171875,100539444
1523,2023-12-12 00:00:00+00:00,1361.7293701171875,57388356
1524,2023-12-13 00:00:00+00:00,1365.0126953125,56127340
1525,2023-12-14 00:00:00+00:00,1362.589599609375,59826144
1526,2023-12-15 00:00:00+00:00,1312.170166015625,58235052
1527,2023-12-16 00:00:00+00:00,1327.4139404296875,57016782
1528,2023-12-17 00:00:00+00:00,1317.6571044921875,61543470
1529,2023-12-18 00:00:00+00:00,1289.3212890625,59360504
1530,2023-12-19 00:00:00+00:00,1289.804931640625,66221728
1531,2023-12-20 00:00:00+00:00,1286.2481689453125,52298050
1532,2023-12-21 00:00:00+00:00,1323.2076416015625,47183160
1533,2023-12-22 00:00:00+00:00,1391.582275390625,61347603
1534,2023-12-23 00:00:00+00:00,1383.7200927734375,52808993
1535,2023-12-24 00:00:00+00:00,1398.3397216796875,67494042
1536,2023-12-25 00:00:00+00:00,1407.5068359375,49675002
1537,2023-12-26 00:00:00+00:00,1413.9002685546875,62482100
1538,2023-12-27 00:00:00+00:00,1527.1658935546875,79447280
1539,2023-12-28 00:00:00+00:00,1561.3564453125,119435970
1540,2023-12-29 00:00:00+00:00,1542.3294677734375,56906108
1541,2023-12-30 00:00:00+00:00,1599.51953125,54250682
1542,2023-12-31 00:00:00+00:00,1698.017578125,75704102
1543,2024-01-01 00:00:00+00:00,1654.6424560546875,73466789
1544,2024-01-02 00:00:00+00:00,1834.3165283203125,161113363
1545,2024-01-03 00:00:00+00:00,1808.9049072265625,193162125
1546,2024-01-04 00:00:00+00:00,1778.5853271484375,115527320
1547,2024-01-05 00:00:00+00:00,1739.07177734375,89436128
1548,2024-01-06 00:00:00+00:00,1700.136962890625,72185991
1549,2024-01-07 00:00:00+00:00,1747.7952880859375,77194244
1550,2024-01-08 00:00:00+00:00,1819.1207275390625,149996958
1551,2024-01-09 00:00:00+00:00,1844.3160400390625,117382090
1552,2024-01-10 00:00:00+00:00,2037.2310791015625,167696240
1553,2024-01-11 00:00:00+00:00,2142.585205078125,167848546
1554,2024-01-12 00:00:00+00:00,2024.192138671875,120885812
1555,2024-01-13 00:00:00+00:00,2069.8994140625,73782120
1556,2024-01-14 00:00:00+00:00,2033.96240234375,72764306
1557,2024-01-15 00:00:00+00:00,2017.7286376953125,69126471
1558,2024-01-16 00:00:00+00:00,2010.7979736328125,60970125
1559,2024-01-17 00:00:00+00:00,1993.091552734375,58838442
1560,2024-01-18 00:00:00+00:00,1986.4534912109373,79117402
1561,2024-01-19 00:00:00+00:00,1963.3314208984373,73060518
1562,2024-01-20 00:00:00+00:00,1970.2037353515625,50326946
1563,2024-01-21 00:00:00+00:00,1990.29931640625,45038056
1564,2024-01-22 00:00:00+00:00,1928.390380859375,53969881
1565,2024-01-23 00:00:00+00:00,1930.1973876953125,62140204
1566,2024-01-24 00:00:00+00:00,2122.90771484375,80306985
1567,2024-01-25 00:00:00+00:00,2091.87353515625,67234143
1568,2024-01-26 00:00:00+00:00,2075.127685546875,56883887
1569,2024-01-27 00:00:00+00:00,2002.8035888671875,46131104
1570,2024-01-28 00:00:00+00:00,1959.0283203125,42454715
1571,2024-01-29 00:00:00+00:00,1974.5030517578125,47577104
1572,2024-01-30 00:00:00+00:00,2025.3939208984373,53745881
1573,2024-01-31 00:00:00+00:00,1960.46435546875,51408217
1574,2024-02-01 00:00:00+00:00,1995.052001953125,50010344
1575,2024-02-02 00:00:00+00:00,1980.579345703125,40902052
1576,2024-02-03 00:00:00+00:00,2004.931640625,30698274
1577,2024-02-04 00:00:00+00:00,1993.4453125,35521916
1578,2024-02-05 00:00:00+00:00,1948.566162109375,33645504
1579,2024-02-06 00:00:00+00:00,1951.7496337890625,38393503
1580,2024-02-07 00:00:00+00:00,1947.826904296875,36544847
1581,2024-02-08 00:00:00+00:00,1939.61865234375,43465313
1582,2024-02-09 00:00:00+00:00,1969.1046142578125,47933218
1583,2024-02-10 00:00:00+00:00,2006.3892822265625,40849833
1584,2024-02-11 00:00:00+00:00,2026.72216796875,44414977
1585,2024-02-12 00:00:00+00:00,2075.489501953125,49526040
1586,2024-02-13 00:00:00+00:00,2055.587890625,62766384
1587,2024-02-14 00:00:00+00:00,2090.31689453125,53012410
1588,2024-02-15 00:00:00+00:00,2096.682861328125,62634006
1589,2024-02-16 00:00:00+00:00,2082.177001953125,58605064
1590,2024-02-17 00:00:00+00:00,2130.831298828125,56639828
1591,2024-02-18 00:00:00+00:00,2172.986328125,63030348
1592,2024-02-19 00:00:00+00:00,2157.75830078125,64998295
1593,2024-02-20 00:00:00+00:00,2129.99462890625,63899844
1594,2024-02-21 00:00:00+00:00,2051.76806640625,60445840
1595,2024-02-22 00:00:00+00:00,2023.6612548828125,51274413
1596,2024-02-23 00:00:00+00:00,1986.624267578125,61629029
1597,2024-02-24 00:00:00+00:00,2042.15283203125,61228620
1598,2024-02-25 00:00:00+00:00,2050.569580078125,48473926
1599,2024-02-26 00:00:00+00:00,2104.26953125,49757630
1600,2024-02-27 00:00:00+00:00,2154.8369140625,80147859
1601,2024-02-28 00:00:00+00:00,2176.26953125,91695050
1602,2024-02-29 00:00:00+00:00,2093.419677734375,87520138
1603,2024-03-01 00:00:00+00:00,2107.82568359375,57827057
1604,2024-03-02 00:00:00+00:00,2140.00146484375,60765445
1605,2024-03-03 00:00:00+00:00,2094.095458984375,65926633
1606,2024-03-04 00:00:00+00:00,2097.055908203125,76303575
1607,2024-03-05 00:00:00+00:00,1998.6162109375,120771899
1608,2024-03-06 00:00:00+00:00,2082.189453125,87814783
1609,2024-03-07 00:00:00+00:00,2103.202880859375,67763864
1610,2024-03-08 00:00:00+00:00,2092.292724609375,67821357
1611,2024-03-09 00:00:00+00:00,2422.080322265625,157066283
1612,2024-03-10 00:00:00+00:00,2823.918212890625,190427222
1613,2024-03-11 00:00:00+00:00,2605.048583984375,145122010
1614,2024-03-12 00:00:00+00:00,2632.231201171875,183887146
1615,2024-03-13 00:00:00+00:00,2896.251708984375,207605748
1616,2024-03-14 00:00:00+00:00,2902.377197265625,180825719
1617,2024-03-15 00:00:00+00:00,2821.58935546875,188100813
1618,2024-03-16 00:00:00+00:00,2845.1748046875,168430582
1619,2024-03-17 00:00:00+00:00,3280.3056640625,288645149
1620,2024-03-18 00:00:00+00:00,3049.97216796875,163493960
1621,2024-03-19 00:00:00+00:00,2780.041259765625,210803213
1622,2024-03-20 00:00:00+00:00,3042.097900390625,150909753
1623,2024-03-21 00:00:00+00:00,3379.858642578125,185471203
1624,2024-03-22 00:00:00+00:00,3123.893310546875,129269302
1625,2024-03-23 00:00:00+00:00,3052.82470703125,71463647
1626,2024-03-24 00:00:00+00:00,3154.928955078125,69730743
1627,2024-03-25 00:00:00+00:00,3296.4052734375,99791955
1628,2024-03-26 00:00:00+00:00,3216.686279296875,92599250
1629,2024-03-27 00:00:00+00:00,3291.867431640625,123680973
1630,2024-03-28 00:00:00+00:00,3632.307373046875,170555704
1631,2024-03-29 00:00:00+00:00,3668.589111328125,216053322
1632,2024-03-30 00:00:00+00:00,3750.667724609375,108282274
1633,2024-03-31 00:00:00+00:00,3934.06396484375,142524737
1634,2024-04-01 00:00:00+00:00,3749.494873046875,140975805
1635,2024-04-02 00:00:00+00:00,3751.9931640625,229650966
1636,2024-04-03 00:00:00+00:00,3801.458740234375,137684038
1637,2024-04-04 00:00:00+00:00,3958.494140625,139286035
1638,2024-04-05 00:00:00+00:00,3682.49951171875,113082706
1639,2024-04-06 00:00:00+00:00,3707.854736328125,66133662
1640,2024-04-07 00:00:00+00:00,3637.387939453125,69982639
1641,2024-04-08 00:00:00+00:00,3737.759033203125,104148315
1642,2024-04-09 00:00:00+00:00,3394.293212890625,100862751
1643,2024-04-10 00:00:00+00:00,3338.572998046875,100824129
1644,2024-04-11 00:00:00+00:00,3360.5576171875,90538768
