,ETH Vault_collateral_usd,stETH Vault_collateral_usd,BTC Vault_collateral_usd,Altcoin Vault_collateral_usd,Stablecoin Vault_collateral_usd,LP Vault_collateral_usd,PSM Vault_collateral_usd
2022-05-20,4466597621.440401,353696886.91976607,1195887467.2086706,242727395.0847851,201864957.857023,78834862.35107855,2609930414.6759405
2022-05-21,3242805222.6111774,651090255.1112808,1511725709.3983295,472246988.4478977,469944359.7984891,717886576.6340789,2035115356.4744203
2022-05-22,3142473005.961778,603908851.7251899,1383675282.8504584,442723307.6172844,533821714.5695863,876816741.6618183,2121539423.311609
2022-05-23,3134090627.0183573,587060139.1821125,1407386354.2669687,486858748.7946075,524097983.5908391,843445419.6126243,2111142151.3430817
2022-05-24,3151046849.764237,650735997.5430892,1374546609.6347125,463613734.67202497,533040130.9126509,830095121.8876452,2110621384.2231688
2022-05-25,3135668718.68389,578152495.6752565,1395286092.9722311,477439760.11941975,537253431.6550056,869188493.884313,2111649194.329766
2022-05-26,3160321744.3655167,627403593.6315026,1406538643.2541902,503790530.37628186,534067679.0156968,806654178.7791014,2095411012.7972164
2022-05-27,3170371596.432836,613540430.2818301,1416596056.7560203,483123490.99819714,538576896.8609709,830481188.9358146,2095704880.584262
2022-05-28,3170070436.337182,590612741.4454441,1408034536.6691103,488556715.2576068,538536270.839671,840269284.7716483,2111777000.706333
2022-05-29,3192528421.7150555,606528836.7826145,1382597511.3100097,487885232.4105969,532956673.752911,841927395.7444538,2089048571.5087767
2022-05-30,3176403712.9432783,567890106.3506389,1397523596.724606,492740865.26572335,537071711.5748322,868719709.4434197,2082109151.6865032
2022-05-31,3205832587.6825137,584282006.291211,1409918116.6656168,480767210.1746987,541114556.5674148,847394368.9283414,2079640474.9993477
2022-06-01,3194939384.5437574,522735749.9144547,1420385601.3458736,482234660.0195578,528965667.44150376,825358728.2715071,2063421828.7062905
2022-06-02,3153049973.155415,536607204.3751837,1395017569.073905,472252216.6482086,539575140.8622086,834297593.6007575,2042717276.41765
2022-06-03,3165956051.001359,549381245.1027905,1374378482.8229992,462688437.3404901,536748551.53176546,860237478.3317288,1998168277.2604725
2022-06-04,3135911165.4247994,590733037.3755344,1386469063.348421,474433438.73834544,543409005.5953646,857002621.135829,1988167008.5818524
2022-06-05,3186276132.3616467,583897458.3317041,1375349231.4348853,491838872.04519945,538454946.9972497,827404790.3789192,2008759702.8296227
2022-06-06,3193595074.0128036,505687011.0112928,1386183806.799219,507102162.4533224,532366236.66402996,839963039.438415,2015371016.1519496
2022-06-07,3192202487.2891793,522185592.08383924,1363033314.10397,477229959.7050044,542443272.7075539,846339494.2439975,1992221011.7540843
2022-06-08,3208879668.762715,560077702.4435811,1378145777.9568646,489540940.0226754,540853070.5246514,802387191.0269243,1961679233.5272427
2022-06-09,3193009521.240034,566943497.0497694,1403635079.371395,469297710.08526874,544786532.2076036,856522634.4694804,1966768529.8775246
2022-06-10,3218010942.9516478,493401226.8810872,1395293354.0140302,512249465.357154,538049152.6554064,854386204.1434801,1968717557.032195
2022-06-11,3235996309.0896177,574514351.3218316,1398070762.6706433,482922161.34138256,541009927.036386,875443434.0411309,1962546493.8307264
2022-06-12,3256758976.0791,558372272.9690925,1371083903.6039376,513372451.17033905,539902130.7575814,874406872.2121431,1970207856.7709944
2022-06-13,3286814883.7401743,563503109.6702136,1414635371.35204,493370271.0844683,538879360.192841,892612199.9730611,1990242722.4430757
2022-06-14,3300372752.4582825,544219898.0949436,1429494617.9354873,483569644.1368385,547688978.9314082,879772621.2387701,2000187947.2458417
2022-06-15,3323254093.6131277,573639571.2214,1415864764.6487179,468948319.3611646,539905300.6456556,806875424.1907438,1994370180.4961536
2022-06-16,3294311961.2003484,570374891.0864979,1397878504.7471662,458756990.06492764,529442530.87750036,840704339.1694878,1980431404.6656945
2022-06-17,3283043962.473206,535294071.5882033,1414374628.7461529,476991927.23699397,546992273.4274505,844537529.1045375,1962996316.1225255
2022-06-18,3254128577.5397644,583877393.3836837,1414712813.343452,444090407.05793196,529232245.8971417,846037714.1905694,1979781913.3311045
2022-06-19,3214162770.7815742,535441354.88019884,1406796848.5820117,484155265.01461715,539154700.4458158,821471129.0397009,1979694634.582798
2022-06-20,3200714657.917946,537242002.5789504,1384436225.2608612,455570226.07013977,534016066.0222985,820619323.4653177,1949065091.0068557
2022-06-21,3166460312.149469,648818804.0424948,1377121018.1439571,484014982.36507607,534301805.7499654,823312656.3437322,1938791446.4265833
2022-06-22,3177616945.806184,555708539.4826062,1373536584.1509132,494386095.34624517,536664142.85676134,816212143.2182404,1954800969.1023524
2022-06-23,3174315921.29347,587997812.0790334,1381481868.2849247,472231167.98853534,531612891.33679444,869896162.800532,1943188962.5018287
2022-06-24,3177070938.534666,613699171.2938193,1377416662.9343936,501837471.7800367,531276122.65325797,834458726.5861162,1975944455.048796
2022-06-25,3172127198.701121,624317857.3383657,1409456983.1134424,464956403.1911576,523698691.1867926,822897837.1291486,1976016902.4664464
2022-06-26,3177755127.5353813,648058629.231335,1370843131.2264826,455917310.2072244,518798331.28295374,894913762.7802445,1982053879.9963489
2022-06-27,3177063443.2720695,605842569.2846452,1420267798.7803197,452966546.05191964,539027702.4673586,839517199.233853,1997307183.7409956
2022-06-28,3170290873.5767097,583174946.6845478,1393261291.9757679,459813577.19036955,527625638.28932333,880795606.9644055,1996701452.8934443
2022-06-29,3148902373.6421337,600061394.6015235,1395046876.8830833,453148893.3164498,521410178.6727007,818089164.4541006,1997644629.1025639
2022-06-30,3117009857.3021975,634638449.2714257,1365302897.6134584,448526928.960218,531323816.68001604,818526169.4858979,1985657649.1648424
2022-07-01,3130618145.471392,682115638.3803585,1374704235.6546416,487187809.6561849,529051880.1048853,869930192.9437642,1976073531.8965354
2022-07-02,3143715493.817045,571640965.6180569,1414653463.2652438,486498603.18846506,532028185.28572166,910911724.6439168,2009903821.8865895
2022-07-03,3161577913.143965,622528841.4110181,1403332914.4232194,466538543.9393526,529212696.5341253,918492017.3361857,2021071908.3553562
2022-07-04,3181144967.236539,644776498.8432671,1431455101.0394135,467635234.2268784,525869792.05234575,890885283.9302343,2048586695.4762852
2022-07-05,3183417833.357048,653458584.4699737,1404431521.4460602,458552320.08280987,509918497.151897,815925930.8349788,2067157672.4593356
2022-07-06,3133244421.1039925,653227095.6132896,1395669215.2044082,468358307.6708953,519238632.9874379,797941517.8112726,2052937238.152932
2022-07-07,3144105011.220123,660673809.0910512,1391286646.604985,490306225.6007973,506642070.7055602,835816844.7815535,2030490350.4012938
2022-07-08,3136133595.8648267,677420029.8800614,1399159077.0404236,454546955.3246102,504503561.264668,819924780.8153448,2029753788.8674002
2022-07-09,3111558222.6611996,603857863.7409898,1411098742.5866213,491577156.85981303,503710631.70335495,798396384.9140453,2017173680.4689298
2022-07-10,3092488773.760179,647465562.1124815,1364357097.8761654,490015386.8044198,517030863.0408326,900522864.3531178,2014210167.108542
2022-07-11,3108152865.033709,622356828.6802176,1379293247.7589896,484400614.6887193,503834262.8366458,800644031.8008465,2019261592.4657502
2022-07-12,3069499068.1296263,641971406.7936596,1391736195.9215817,445665860.8594912,519127107.3347281,846833054.8878332,2006795385.9371758
2022-07-13,3079897083.853824,660959557.6039037,1378040198.005073,466725317.92937416,509495691.18271327,811449995.673401,1990828598.0843892
2022-07-14,3095136496.244424,630785280.1442168,1357374155.9327447,461807091.6110099,507299438.9315166,870958967.2866836,1972582635.02659
2022-07-15,3068848051.497177,703331923.31077,1385359581.9459715,482758025.0867641,510318941.06059283,924709862.2849693,1963903536.4084988
2022-07-16,3118167514.8843436,606471886.7616413,1400836728.2979386,484780526.0928525,497455048.1689168,796286913.9371921,2008819634.5244923
2022-07-17,3060591382.841382,661665081.5935864,1371209560.5900745,449437562.8775967,507228528.99250543,867645114.9709544,1962470514.4178326
2022-07-18,3071391714.0479546,623184738.2811078,1404109602.6146472,442960724.571177,503412004.9169909,860675129.2974362,1952100369.6416051
2022-07-19,3079013869.985424,669561893.1406999,1365827843.8948748,460331324.41031706,492268710.159987,869332788.0035664,1932752784.9239554
2022-07-20,3097162518.5420094,661274378.2526015,1368649224.8806398,467821086.30871654,509332369.5451065,856833848.0278277,1934915848.121448
2022-07-21,3072820699.6340933,625022537.1863035,1389997888.9697073,451050562.3160838,505270363.6824326,966042038.664257,1939932201.544988
2022-07-22,3099650628.505061,663762029.4105781,1413860617.42693,448073549.78514546,497568180.8249394,889114404.2575833,1949129160.299096
2022-07-23,3105716906.6890874,631014269.9347912,1387568926.638751,453387560.9937781,505841801.2375642,811047911.2949336,1946194447.4514446
2022-07-24,3081694078.950318,642099222.1502806,1381384347.866766,430860112.95088017,517055393.4412711,902270727.5934886,1915670495.4281085
2022-07-25,3096677727.2863603,640503924.4470102,1395222972.2213218,432112413.2995815,502354989.99834067,834391735.8611349,1922000242.9184852
2022-07-26,3096107013.12828,637710483.4507506,1368605173.8013687,435760058.1772132,508038268.5903563,820962768.1297523,1883198962.6781178
2022-07-27,3050439703.846897,694988084.8925937,1369387311.1211927,468958847.87488,499939195.7594868,928271771.5900573,1863915433.9341056
2022-07-28,3104913634.063172,604666336.2260342,1405779288.8078768,470774215.5681478,502482603.64512,935139457.0782641,1899508519.9627967
2022-07-29,3101264085.1334543,616498315.8749151,1385570470.0037303,475703451.4468217,498732186.3408511,939555975.7884657,1904924531.339428
2022-07-30,3132739480.5701003,653528583.023372,1396580368.9651155,452801583.9640849,501848358.93598276,811057767.881082,1904758688.3418565
2022-07-31,3112135154.997156,630330973.5164481,1395281117.369563,461213982.5768748,504337936.99539804,915933114.3038433,1874352106.5837376
2022-08-01,3121169075.469195,646283646.298067,1397803621.4236438,458143617.8125897,491558656.5393076,905907532.6981586,1872450165.9153318
2022-08-02,3133620782.826731,637372565.5120163,1404299071.6535962,449436406.9607883,490399880.2312289,956464668.9357142,1871397453.5534468
2022-08-03,3159978921.5320473,712324641.409441,1397108181.1530373,415094613.08932346,504840565.6807707,862712192.2166532,1874903193.4923956
2022-08-04,3132419287.1880436,630102307.1267792,1435320338.1604283,451668030.9465364,504032309.4461855,745841421.2273093,1862192852.83388
2022-08-05,3086557126.153469,669291015.9650325,1386739134.3122256,463999950.7729775,485957661.24533147,888433886.6763003,1834044915.4365869
2022-08-06,3082216906.396951,655122074.5511813,1377448851.2469845,460320344.63635164,499000962.93340075,880566537.3496747,1850649148.9477167
2022-08-07,3087923300.7692533,646959714.5035195,1391794652.2706404,429318397.49490434,506027387.3102151,879120444.8129123,1838648084.8993566
2022-08-08,3050907397.7302437,699864473.3255535,1375612360.5914052,448158691.478001,521656649.35712767,925081600.6771169,1845276156.4404485
2022-08-09,3099699390.242739,688824474.1017748,1398349308.517028,433344683.89134693,499945672.8118692,859218249.3410621,1868893012.1082883
2022-08-10,3087687186.0690594,685690491.662297,1415707589.2943752,434096645.8072097,499227493.7108711,903631666.3449823,1867436538.0918083
2022-08-11,3125012512.3537464,622904819.1173197,1403008629.7655177,431660146.8409618,516888355.2989029,934081061.9378692,1882781304.6582139
2022-08-12,3091463602.2017374,686558131.755957,1437837504.2539487,434591584.7529524,492647304.66148406,801475411.7054248,1889148768.0458345
2022-08-13,3077585830.5984745,633593304.0877489,1389066468.1202755,439342977.1476862,503126068.6875427,810737727.7652682,1868935003.5335865
2022-08-14,3007784907.279797,639252060.6052934,1407899897.552278,448697500.4408292,504578867.991085,944746667.3672634,1824513425.4988194
2022-08-15,3039044734.243033,688008599.0733976,1428051391.0509894,463142415.59836763,488979151.7593241,788078389.537188,1857125470.9687812
2022-08-16,3028204579.1378055,699762986.8309739,1400310493.1741421,432913828.0156085,500757570.4930596,861352835.6773635,1846911639.3885422
2022-08-17,3008795120.8752146,711041922.8707261,1376612107.403689,428285057.1050491,487380538.7817579,742874847.6757276,1855025291.7452784
2022-08-18,2964640071.9029436,696096601.1494061,1393110463.1237705,463730983.84007406,489347955.52986103,874761974.7557255,1821138352.237854
2022-08-19,2983278128.1754827,623006206.9980618,1382451710.5551362,466084794.17504823,497961742.7844362,848931338.0354552,1858744785.5766165
2022-08-20,2968221549.452005,673418340.7843013,1363751894.6593149,421271495.8428043,500976320.0233415,779973235.341605,1832609997.1586914
2022-08-21,2931134517.064819,616135475.4695083,1327873213.5747693,413563587.6980312,499495280.5845164,851954784.8044022,1796743112.098155
2022-08-22,2897537516.3235598,698253743.4590061,1338382109.1605136,438294746.83087796,491798031.2632239,726729857.7773541,1780698758.22007
2022-08-23,2861460625.6340556,650625363.3769429,1318859861.0411615,445685067.5076836,498837225.29240704,873874525.5632077,1765477617.2585704
2022-08-24,2870647429.525993,648847777.967995,1321513660.2313175,404507914.3272916,488164261.32386315,825175278.7053201,1782119039.8357892
2022-08-25,2849641881.8801947,620820720.9140213,1332571032.367692,475634036.0024441,481050838.4774551,841046183.5059971,1749242727.8221405
2022-08-26,2862334386.691635,616240852.044727,1337580544.7853198,410782417.93753713,487700632.39701957,877576292.3904986,1763840489.549899
2022-08-27,2851645255.3218927,709241020.7944986,1317483990.1866624,476079442.7545653,486120672.3041977,763253561.455733,1771542692.9809563
2022-08-28,2840863472.4176116,648471485.415225,1346409959.0523095,433949896.5933257,500424954.5748865,900777547.1637734,1771110377.4562733
2022-08-29,2874986068.8996034,668202933.4051511,1358070449.9102128,433726220.25383604,488218443.2753048,816272895.8464551,1792307963.5064273
2022-08-30,2838017169.8869534,663238256.1517648,1348025003.2387648,444485359.3387545,483185581.33029807,851131105.4430572,1785516764.4422755
2022-08-31,2842739300.992161,666168725.1680734,1354597993.18123,437329326.36992884,489212794.14902383,737823243.4094117,1808487622.7812617
2022-09-01,2803957959.9521832,623122665.6353966,1325571977.6453233,459196578.5741517,497830608.42343485,863084132.6410748,1761272143.5518284
2022-09-02,2826114277.2394853,660810459.4632549,1370973388.7900372,437028595.1474128,481767788.5541234,863903341.057288,1754742330.9327276
2022-09-03,2838770767.0223017,621134902.927177,1371457156.7304265,470603979.7367604,468951526.32167166,793448148.2073854,1771255418.0956864
2022-09-04,2793582875.4311857,600788838.7743633,1341570232.712789,428918207.3829935,488720315.75556666,891237280.4403104,1770953716.544693
2022-09-05,2785731755.1216564,603867808.9299561,1351092716.2160904,455215197.51654047,493219320.11326534,841679679.026672,1753361324.9674149
2022-09-06,2782553815.483481,622420898.2947692,1344492523.5349846,431054482.69804263,490971279.33871067,865327401.3366799,1750945086.8030815
2022-09-07,2803392910.3907366,677208564.045965,1326049401.1526542,447904213.4850574,493458543.6798905,857458601.9098129,1758698725.304562
2022-09-08,2783279610.182276,655654235.6348474,1353137408.0067708,448540189.20653933,481613433.8742497,716915034.7640986,1775299337.2245772
2022-09-09,2733660767.4805064,619569335.2994069,1342216717.3863266,457359221.8820352,481341996.6305441,837062563.3480392,1737004126.4838052
2022-09-10,2763656163.521866,596673884.4295572,1353692887.7854164,445234220.82445234,476884323.8242509,860768563.803346,1725405463.140169
2022-09-11,2752207616.329026,668488357.3058437,1326336311.1485255,446198231.324043,490807349.6353919,759503650.7304863,1729182737.7914858
2022-09-12,2727717891.9534955,639407734.3763968,1338955709.9226735,426854006.44544387,470418208.34114665,829240184.741514,1711226992.8998365
2022-09-13,2703317538.0113664,635843548.918266,1309138095.1553316,428117403.19795865,495435099.4642561,977049664.2294948,1709809640.583948
2022-09-14,2764456131.101375,650384243.6545525,1365061899.5389295,419583568.28793555,486185488.7221153,864684278.9203215,1755913018.1045868
2022-09-15,2734467906.936192,644953782.4191859,1391363325.5447197,439104759.216751,482603631.39774454,829295880.9423816,1766562486.477272
2022-09-16,2756568301.285312,684413063.9818516,1379058417.323305,417796635.5226416,504545652.1832809,770090961.7695881,1753900403.2289858
2022-09-17,2722874689.099918,656009662.2327545,1376282539.5511332,463263192.13379043,490731441.7674344,1020968315.8838861,1744402017.7075164
2022-09-18,2779208527.8401184,697125259.9772716,1424552945.8968077,460301186.7351891,477390302.10486555,914038961.0193048,1806594677.101701
2022-09-19,2832285029.8953075,708147648.9141159,1421512163.519565,438852559.32382196,504617308.0991108,843517210.8206019,1833116554.7467706
2022-09-20,2820699789.5925236,636039843.3242886,1414445881.6521075,431993276.97157663,494360733.46841925,853562886.2505584,1842417826.4769304
2022-09-21,2787605301.6679435,674422158.2707012,1436964869.7277062,450918184.60634726,488716781.76808935,877697049.012663,1809404187.8011022
2022-09-22,2802501496.699764,671708913.687019,1420019443.0749884,437339042.2827133,482686414.88290364,866023885.4218185,1810341313.3504102
2022-09-23,2786232959.454281,657065686.6765149,1450723966.7455914,447886183.435134,482621325.8908324,888053907.5815283,1806723344.9224374
2022-09-24,2798326144.031793,673638334.6098969,1449254848.0483825,409038277.15661013,465304424.89088833,837650120.6953119,1827846845.3684652
2022-09-25,2790661585.8846517,688337383.547325,1433851915.0346038,450077716.09437793,466518065.200194,791989044.87838,1815736201.6544707
2022-09-26,2787367042.618439,669872588.5113577,1423721121.4043183,438532987.41114855,490341194.82141936,783891923.3864429,1820002883.6751037
2022-09-27,2749004885.704304,657108832.1222624,1422117909.7884448,447525340.8554014,465754824.50168246,825463933.2164595,1800508267.8425333
2022-09-28,2734419726.2760754,680133776.167906,1412805937.544417,408690477.20156646,476675429.615986,964477173.555342,1805799872.2960231
2022-09-29,2752803081.0855823,737895070.800208,1413529968.032932,415842802.09784913,495925549.7857249,861118242.8674996,1832997211.7588806
2022-09-30,2743418620.3822956,753903607.9860392,1432358499.4753308,405572129.8733288,466924741.532626,916306963.4299687,1855348896.110167
2022-10-01,2777616989.797735,727840733.0716157,1428999895.7482917,397593002.9475195,447466458.5502248,972941686.6410353,1867500706.8792953
2022-10-02,2794377528.395478,756629581.3206034,1440918870.9137816,451091963.6219582,488541200.32170665,915957008.1791067,1863545264.9294171
2022-10-03,2813981407.9828134,763608799.949271,1470117399.56462,464655650.9114884,465837092.446325,919371773.6788613,1911290117.5419617
2022-10-04,2861949934.4976516,705222248.6079974,1455828856.8219123,434744161.2757934,493636993.8659882,898646758.8303069,1939713820.750901
2022-10-05,2821181496.975399,758527424.3372085,1490712536.3867967,452437477.1255594,494497917.96530336,807133791.9424175,1940273866.8193667
2022-10-06,2800203324.1463814,762154368.6484412,1479422660.1242356,416523565.5815667,483488577.4892511,791829918.3703707,1938177011.1477952
2022-10-07,2772639850.9633574,758729621.789083,1457518131.7719183,414176784.9392838,471564881.28278655,889109210.940867,1922296231.6065657
2022-10-08,2782773494.3618436,742204340.2793953,1466428156.1044867,403131245.9722189,464950425.44440365,1001751098.8493621,1928026652.0525055
2022-10-09,2811732580.352553,753651897.7660238,1478742146.9930162,419645903.533123,466844440.3518509,891876771.601825,1951621695.3038137
2022-10-10,2797347035.578491,739474298.4082543,1459795611.2784324,435092550.09349114,480951235.4350157,833186005.7388002,1955536622.5811925
2022-10-11,2763164773.201015,788025450.856915,1435653376.5802248,423519447.56805664,462292457.598988,793391571.4835677,1927935557.653246
2022-10-12,2717329181.686677,794209386.2388492,1428743204.5637867,422095724.0964834,447026145.8679614,813391286.7611072,1920591668.0043519
2022-10-13,2691236368.0860558,733648888.352318,1413187605.654062,434826839.02030873,485658413.3035339,996211961.6500819,1899806816.4970067
2022-10-14,2748596568.4489365,785693314.6425575,1439776477.9704096,454833600.2805036,459217789.71573913,894094592.7660578,1943794538.873669
2022-10-15,2734698341.302347,787490130.1173221,1473039198.9461195,434477278.018024,473885026.86027706,797812874.0667815,1965424382.8971875
2022-10-16,2737849126.525295,747778091.9101719,1404432691.971005,439542395.5405737,452255699.7467879,861069152.1960337,1949705445.388681
2022-10-17,2709454952.7016206,709969566.0268537,1433048637.9387321,448163545.2432557,445124264.0736739,973144310.9627026,1921411535.7417052
2022-10-18,2712874745.760233,771214872.4275814,1406149273.5346975,415688004.8037485,477502220.5642953,764321847.3213143,1943538370.520665
2022-10-19,2654468779.7891536,717265409.0453993,1412324609.726484,414011120.0539237,457959081.53791606,833448148.6380773,1902740408.4426348
2022-10-20,2623652520.842388,767989028.6346414,1379773402.5099502,448690847.4595977,455659990.720134,777618249.1354691,1881858487.2629323
2022-10-21,2571271224.545662,803216774.8425908,1356954548.6130204,393998051.1426475,441568919.1890087,868246396.2136415,1866358105.1042643
2022-10-22,2576157637.0019817,793859837.3846827,1324809006.1506,429958462.19261605,455934332.8673818,821594606.6448305,1868777316.6779509
2022-10-23,2543784180.4867606,742750340.4055986,1365002286.5774457,415689503.89723057,446255785.90017974,1014268009.3620721,1849439097.8908958
2022-10-24,2570850418.4061,750303247.6544063,1392834976.3917356,438735646.83356494,450790890.2376591,844085273.1884279,1886885293.3316567
2022-10-25,2593079718.4847927,776328835.408428,1351133931.5687528,420869252.47672474,477492754.8313401,973326330.1714746,1888664744.4516623
2022-10-26,2619761309.073265,779208211.810278,1395914992.0585217,429498546.7804277,470935049.3872513,747984565.0458071,1919827956.8785715
2022-10-27,2565826140.947175,853818323.2705017,1386032489.3423576,390018445.1721732,432960849.6219532,982783520.496834,1889418702.124233
2022-10-28,2609835119.035709,806588827.3556432,1424282727.2447717,414778407.8895968,460322109.12794065,882152771.2857361,1936053963.413063
2022-10-29,2624127017.1098404,785440962.5398796,1431380798.050998,394702926.70914227,454616953.06853414,925383390.5713935,1943666724.9538848
2022-10-30,2659783206.2601414,843944521.359574,1418828071.2438996,455551584.14285016,450935660.01186377,881680476.5787545,1948651453.1799443
2022-10-31,2667334600.660936,805236325.815333,1456163864.574605,401027060.28837633,437318086.68016684,1059382975.1403725,1999734286.7085764
2022-11-01,2716256490.442857,827518685.8521308,1463523871.4027047,424034853.1140517,426387619.4878265,975455117.3099831,2032742080.775783
2022-11-02,2719211258.111324,882670632.7467567,1453909038.5151496,415332645.75975704,442447508.25848967,754404090.7067702,2048223335.4232888
2022-11-03,2667790644.7350483,847013691.6446775,1432128255.2632444,431144194.48808676,473357057.1456715,955597604.2451128,2012733413.7190757
2022-11-04,2693999569.3098164,811076428.9463792,1442918775.7626843,374283503.89499414,446697542.44699305,839582808.9559807,2048437101.5317683
2022-11-05,2641578897.415272,858354447.0790801,1414354578.832983,434652141.8407364,455664896.99749106,857294088.4529234,2011643359.7548566
2022-11-06,2641977943.558973,874685910.8013047,1414080184.0877323,433788957.362089,429659515.4994097,928585930.2632384,2006690447.6892884
2022-11-07,2664045506.661222,871841373.8052213,1415001979.8510005,438465578.2764834,431174884.83701015,1033554940.1746715,2023484214.001173
2022-11-08,2693308103.2006288,838403907.4519835,1432851863.5320249,442526176.24961406,418888213.1372838,882813749.99918,2067141356.5355635
2022-11-09,2647052210.5317326,767949989.5221199,1448874992.1127653,407414593.55687594,443291266.804774,867053346.4458601,2056237875.525248
2022-11-10,2591432880.946845,851282407.6957493,1412581590.672952,413126288.7966957,461458926.95970637,903830947.9576157,2012572680.420257
2022-11-11,2617705542.8166256,823839639.549877,1406349818.7556038,439242673.90881264,426699150.27724,1028156259.6450852,2001788574.9005325
2022-11-12,2640171831.9962063,907707651.4711053,1428881369.2624211,461570798.1858127,411616506.2137171,799555287.4722412,2048787164.1675575
2022-11-13,2598695354.993943,845058322.70649,1416232534.2666183,426335364.28165513,437615602.2072374,826452320.4206549,2042184657.4843137
2022-11-14,2571810438.773083,888725005.6674204,1410219423.2933385,434962607.93355244,424018551.58278525,840668952.4222028,2004707146.1594124
2022-11-15,2569075875.1186237,916602014.49408,1397081258.5059059,378970459.4579264,406831294.4268451,930917588.223223,2003881412.237073
2022-11-16,2559658655.7844024,824016187.7005618,1404041905.0267384,449088505.38069844,425177907.21986216,979138641.2163359,2025038059.9324105
2022-11-17,2582261097.786801,890296246.0164604,1410372227.2728431,397702155.5727056,430720746.7711274,953761056.9913064,2052122225.3253906
2022-11-18,2589834699.718238,872392693.9761251,1404431783.0655832,412871504.3200814,446374219.70739657,936895156.1206214,2060704820.7905781
2022-11-19,2591981636.411853,859075771.5318469,1426147735.9812937,427411376.4711818,398165161.68157166,1039552589.1455969,2048715767.1885588
2022-11-20,2626334388.0682874,892098852.3265972,1406111071.4294915,416159402.2422226,421523708.3886583,870147144.4993014,2079823060.7455294
2022-11-21,2591792867.0415654,873349607.137805,1393110594.4552295,394880076.00652295,419858169.8099924,807481384.9232583,2068573625.1309621
2022-11-22,2528775966.2887526,921197087.5387878,1390074556.6878839,398616550.66025674,425799393.0502846,853307673.6472292,2023619560.3878195
2022-11-23,2527789014.9190373,846120525.2812934,1388983755.5663533,416897660.7300495,436739187.891941,1008604282.2167372,2017710490.5975487
2022-11-24,2548714085.4950724,894434739.5666695,1380759964.4823985,438937187.0093977,428455384.7447172,1165167752.748711,2038542055.688058
2022-11-25,2628970737.632411,874791005.723651,1438302025.5459087,403569336.46090555,408742870.6358643,909062599.4459013,2129012313.930419
2022-11-26,2573800255.906395,884725619.7429792,1412703130.9866827,420941331.435326,417047312.28068423,937998026.973357,2099290124.9171197
2022-11-27,2559329288.5908065,893655461.7103904,1421014588.2029262,372504037.8662533,426861313.9411752,984543296.212291,2087546021.343996
2022-11-28,2566174772.879932,905592275.9503257,1406569388.235568,421361550.3458643,452946704.1954147,855483922.9366918,2086054349.846562
2022-11-29,2544508262.58035,910535167.0712762,1411115242.9758973,395680846.5364523,439053525.4461229,994181466.5405734,2081060913.8394804
2022-11-30,2561863608.0438156,923627028.6183023,1444724074.1617165,420427859.2918293,415528843.0217283,901497389.0687588,2099745349.6198366
2022-12-01,2578453977.89481,942748024.6116139,1425019962.6536586,414418131.5696179,421279856.4895804,999086184.8632904,2103684769.8208845
2022-12-02,2613521435.633584,915442019.4743514,1439396658.945262,403530698.8306679,421163425.2614938,897746013.5747371,2136548676.7270339
2022-12-03,2571085994.478008,957102451.3376694,1428806149.571247,403979642.56097734,416830177.60145074,789405510.1591455,2132364470.4374228
2022-12-04,2512197021.6045895,926354473.3175263,1416442253.2713428,409694074.2930644,433009113.2999405,1067100193.4416834,2089957672.032104
2022-12-05,2567112544.685329,962281699.3753921,1419016544.024258,417845063.9208883,425547652.2417651,808260627.9882859,2138698930.9513295
2022-12-06,2539673816.2817435,945046475.7128599,1392838455.9589138,409681316.53947717,419800956.64110386,790548904.9443289,2117878735.4683385
2022-12-07,2504806637.3522577,935118210.7671504,1378675183.4691246,409305054.58973396,424948523.8777489,962076385.0766883,2065476456.172064
2022-12-08,2518239281.2461057,872811015.4186275,1377203117.2126708,404594153.3448717,440060919.51924276,986078938.0062667,2094013912.25561
2022-12-09,2535915904.414888,904907888.3858821,1398444549.7163866,393902927.2806657,389868113.97847915,924249931.7525426,2067801175.8986487
2022-12-10,2500718899.7357187,895379348.8933237,1407144715.9322495,412845873.71836805,424020994.0496774,990207537.7148033,2058727500.914085
2022-12-11,2525425728.6109877,880877997.4152944,1416716357.1115239,422914632.6740138,410926250.1370912,1001511113.2170768,2061186484.9400342
2022-12-12,2562667799.3052855,910130741.0891106,1398849217.4919817,387131147.89078337,422078061.19031024,899740118.137632,2072445463.470901
2022-12-13,2521603509.509544,967459641.1862743,1379958802.8736453,414870215.89178085,409185014.16162044,934872976.2410223,2043350957.3970714
2022-12-14,2544490994.413332,952549370.5811833,1408984049.902595,411579022.92718893,449902192.87627155,834089443.9856336,2062684598.6121774
2022-12-15,2521852009.9091535,912734263.8655427,1378565274.3372416,408867952.8264867,407322551.47409207,1032804896.3845271,2047751077.285525
2022-12-16,2544048432.471841,946871507.8190988,1411403633.0554092,402569586.5377547,385821384.34488666,941938029.9566967,2064727100.6684158
2022-12-17,2541477319.537673,922456313.8553276,1368331504.004399,399169213.425065,435560258.4733085,946612300.9540714,2062546667.5103307
2022-12-18,2532485076.544946,923993132.067382,1395441882.9676595,459529931.3805181,429053096.31299114,1010468143.6494393,2053977309.9539976
2022-12-19,2601494848.370333,891878638.262281,1410450911.2483857,417709517.106325,427331850.0325792,1000172444.4791737,2085682990.8901715
2022-12-20,2593599400.3221726,946934425.7272309,1436031655.9231887,429659294.3600599,400864998.7438211,980667530.1770759,2083118651.7667403
2022-12-21,2628602330.100559,971382512.9877956,1457254447.2672389,435378761.1369492,426921243.71989954,1018972861.7058963,2090884503.8661306
2022-12-22,2682422644.845174,995956822.2961771,1469391433.4208465,442502862.32472277,390141097.79236203,858999656.6951307,2130458849.764993
2022-12-23,2685280477.8221197,957918798.5015588,1457343770.0389776,407175621.3155541,428570110.12920374,880086900.6347915,2121270224.0125277
2022-12-24,2656229461.254662,985171045.2964689,1476765057.1292553,417032187.9519671,435823856.5040181,858371878.1744916,2103647058.322483
2022-12-25,2663441520.4741635,972434229.9682345,1452836798.4367502,428524578.14700603,423966601.04989856,1138522465.298459,2092781124.3900664
2022-12-26,2743300901.0629015,928984796.9278384,1497109895.7212055,425744680.52920085,421728921.8662268,1014790946.0190562,2161861537.48227
2022-12-27,2762118783.2646766,994212079.6268759,1505468063.4437683,417231402.86397624,411449343.5162127,873976939.2973809,2149757791.438081
2022-12-28,2731741733.1950717,941591710.274782,1527598919.1693614,461477273.5074791,401803333.0441538,996097573.0585376,2132783199.255948
2022-12-29,2761855464.450445,974311991.3290837,1525117837.1222048,403161516.2477761,439127264.37631184,920051419.017587,2149086012.691559
2022-12-30,2742369668.327168,938284820.0721246,1483412894.7599576,409074071.6752015,408992953.7396638,876242862.707279,2134505169.58437
2022-12-31,2710792998.0454745,1004577926.1625875,1480349365.89219,415998051.610832,390981071.0473435,1038237416.020657,2084181156.1588209
2023-01-01,2707047557.5508738,1006937109.7684647,1485038380.5912526,410097863.11592597,433904556.57385576,1104596149.3293488,2125219272.567557
2023-01-02,2804446683.5957127,926125466.0893834,1533176041.6856544,434418940.19471216,406974135.0418907,1009431563.9954696,2162361558.5485463
2023-01-03,2782567753.899801,1010894990.1332197,1520341787.15157,415979172.27778196,420031472.6697164,1027959315.0089607,2150335342.9748325
2023-01-04,2804959276.5298057,981733059.382972,1553037450.657075,373470066.9092102,454071296.02455574,1189512941.8713346,2190598873.436148
2023-01-05,2876969461.9033046,983951253.4534978,1587884770.6716056,453836580.6697132,425215726.7921782,954474042.8518198,2237909667.3843527
2023-01-06,2894339161.1543536,973016612.4108907,1544819677.3417544,408844786.80635124,432518876.3196673,1172822721.7795966,2218862664.7404017
2023-01-07,2924586881.3548274,1031818747.3199574,1595299447.0939672,441887436.8841102,426891419.7086925,972393859.9674094,2253605835.8230696
2023-01-08,2945868296.342585,988152888.8313419,1582184444.8019927,408774129.4503447,417948097.5670861,1011416194.0740306,2250013831.178439
2023-01-09,2930965488.6676536,1011474199.60281,1600427387.2778842,415915734.5403699,439269859.186291,924185281.3296192,2256837596.321816
2023-01-10,2927032216.784586,985204206.2316027,1601674429.2195373,442323634.4031977,428000637.42804015,1040404076.1514198,2228259002.631428
2023-01-11,2943800137.5318375,964817311.4997144,1567980197.4698277,425443524.54405224,406454977.0144183,1136898787.5898287,2251658738.6951714
2023-01-12,2959781309.512807,1008864068.4472898,1575167316.9648077,443080470.01918364,411825141.6253936,984702158.8678046,2253774179.0576634
2023-01-13,2941479491.612577,1003422224.8100785,1583747782.984533,411310621.5318703,418652697.1320064,902959237.3784956,2253870205.6450367
2023-01-14,2899770332.455891,1008609330.5725486,1564151086.0051444,467996267.2923956,396394316.7311569,902767057.7920045,2212402691.5713816
2023-01-15,2887113731.414016,958581289.2505586,1562400880.6993554,449664080.7595467,471930561.24851334,835030703.7877018,2193794976.4441094
2023-01-16,2839531076.8160405,904437368.8716952,1535751477.5537782,436224712.32138354,429870365.5070353,1077657721.9575155,2171653670.8345513
2023-01-17,2869820097.063878,935360316.2955358,1538307938.0989656,445450253.11519825,414142331.4837072,872710643.6283727,2173304590.8090754
2023-01-18,2839233651.3010674,932768524.6537263,1502340742.1864803,423178806.7253399,398002999.2123415,919161260.684541,2128142090.2028449
2023-01-19,2782890063.0021706,941391571.0575105,1496748810.0273402,436460008.1063419,435772586.7231088,1097877345.959321,2103397364.3025959
2023-01-20,2848210471.0589237,1004770111.5652485,1528630488.6405988,432547722.06567776,435710692.77796215,847347529.2634891,2137826595.8047395
2023-01-21,2833458340.076137,898072426.1345987,1525119768.5680285,423540344.8391719,438263300.63538814,958253241.1650563,2121768097.2263832
2023-01-22,2823893716.3558574,938277566.3785186,1523927335.785617,424868190.00251323,473135139.0940736,1123233748.829669,2105012146.4340127
2023-01-23,2889597418.0756655,933941937.8807305,1571021111.0667918,452483490.4066384,442095737.7832089,854295458.425919,2168266162.458034
2023-01-24,2889172341.4509206,970828133.1336954,1546085243.8105788,439506401.98729444,421728353.6875129,947116744.6523815,2142382901.8419387
2023-01-25,2887718869.059393,989279773.4797956,1529889442.368852,489088887.9576395,412437956.0965143,932601398.6770172,2153184552.668817
2023-01-26,2887395238.790137,981308941.4388188,1535570875.032402,406602445.00778383,409451382.52018654,949024908.256935,2163430825.3983393
2023-01-27,2869785328.226856,956642816.2595282,1536710439.1883388,444288905.8944293,423048498.41487336,1296355402.3066506,2146280252.1738472
2023-01-28,2995878763.0428014,1014377386.826015,1604306334.771299,417862822.4840158,457416091.53973985,941509414.4010615,2248139864.9728613
2023-01-29,2975126425.3335686,1010187271.0200285,1582626703.2151036,420766398.15142924,421108073.8702742,977858899.8388087,2253383366.862706
2023-01-30,2974161851.347659,973811504.6367459,1611383157.8638327,437249004.7534668,415994436.7703866,867039870.6005185,2249686253.5806265
2023-01-31,2924004026.913346,1027333436.7368125,1573715018.7516193,434932638.215571,426591702.1206569,895459680.6044934,2208365626.255843
2023-02-01,2889558894.810841,1000670758.5229167,1544467272.379753,423826242.4912345,433970832.2194344,898540964.9358687,2197767983.3579907
2023-02-02,2874669251.5091324,1013958043.7404845,1524794683.4182324,435091590.8987974,398073110.67270714,843002121.4333293,2173023077.5849805
2023-02-03,2810352245.3986464,967532943.1231583,1531545709.8598454,436719081.43590415,426224067.2458333,789639304.3066626,2139336951.2200153
2023-02-04,2744796775.0027065,936909181.3138628,1495966804.6077836,425592113.54638875,423981112.31765205,1033783257.1249495,2110817994.3873596
2023-02-05,2792920613.302711,977100497.4129204,1484616014.6420312,418235035.5760294,420206881.5614726,857187607.6208125,2129065391.6084433
2023-02-06,2753996277.95238,952362913.4798182,1489548518.7920885,417883028.7813333,406519672.4821115,918747017.5665123,2104369643.7485907
2023-02-07,2726601835.510347,942746750.9898232,1480297507.1760874,390215034.7346842,418852444.3790302,915960103.1500863,2100635712.031426
2023-02-08,2728387639.402543,946536367.3673952,1461300018.652343,425794990.7949269,420075978.0204161,990418805.0551376,2086319559.4149094
2023-02-09,2754081176.69119,989887510.3226955,1470639924.7265096,410896363.928608,395434101.90575004,979289911.2244709,2112097923.4110274
2023-02-10,2732637404.798001,969454805.8535583,1487749903.1908484,455619008.46808505,397802660.3247112,882516253.7957156,2131061642.8610952
2023-02-11,2704509974.6202087,1032062376.7617855,1472095470.4863272,416920445.75566477,401343257.77898926,906496332.6615304,2115530934.5705109
2023-02-12,2703362607.0646405,1071063014.344263,1458929422.6827595,414979815.57114315,408174676.5554974,840499286.6404581,2106853131.5498588
2023-02-13,2666329231.0494733,983764420.5710026,1464275405.246445,413624138.2924805,387369256.7840923,872021949.0360403,2101308279.524635
2023-02-14,2646500739.268212,1001128558.8595815,1429517646.4096096,420944272.8216018,390649257.615866,845879594.5660093,2056496209.5183535
2023-02-15,2594753529.809647,919605626.0806471,1420778760.281319,439183982.4960232,430038468.6257482,852900405.118469,2041277899.3002434
2023-02-16,2569296420.2487307,991007691.6567928,1399727538.584477,441851197.8452133,428751078.0248438,863809644.5211744,2010520321.5020747
2023-02-17,2580741837.418373,939792157.758756,1399628809.6769085,406690344.26708144,406766019.85294604,880572500.4723365,2012085480.9442656
2023-02-18,2562578435.0173573,926374810.0142913,1380985268.761606,403460407.9475286,415717158.15916604,993494737.3327452,1997165871.2946706
2023-02-19,2559630413.870973,949616786.424659,1397697557.6497579,437010045.24089587,434192386.75177556,850034425.0498571,2003081761.091255
2023-02-20,2521431816.5511293,965373311.2629714,1370705067.1612396,401467528.5764238,432687082.03725886,884607639.3188865,2022984065.7093284
2023-02-21,2535217091.177384,960798157.5435368,1384608533.270351,400202769.0735656,391686598.0393395,929111092.7419658,1996930526.906237
2023-02-22,2515532379.3560567,979027407.470273,1384950105.3424218,411785336.0963159,405527476.81486005,932554685.37906,2018593539.448339
2023-02-23,2549943932.1403117,949316914.9221513,1402068002.7716365,382010267.5818645,406303757.0908419,699189375.0063305,2017147295.3022823
2023-02-24,2449141590.732321,989293346.487415,1360191862.4500597,381905809.7504027,419465675.7142116,893591342.3072419,1959175709.975343
2023-02-25,2468650561.194648,946937620.8321552,1334009778.030402,396587876.82950026,417566306.9872746,845509971.5184213,1973512253.4630265
2023-02-26,2411312939.3870215,1000659709.8490247,1365482906.4108496,377960719.1621749,417251191.5477955,859107665.5402561,1954007393.7555897
2023-02-27,2407806804.4287295,934024950.8092306,1348580208.0165534,417193280.6816819,383357934.9795457,878730393.8995095,1958796381.525734
2023-02-28,2385266209.416133,1010181072.8399062,1317620604.4502873,399909997.0324286,420361322.0078298,1024789746.7240154,1940484253.0643103
2023-03-01,2468906223.7327576,945344408.1607763,1364849194.9102912,430858978.11382186,397830641.52982026,958541370.5221071,1982492001.2295973
2023-03-02,2474138395.302686,967790899.3469275,1358055450.0562253,408962265.7435884,367484126.1652168,875965458.7838111,2010956310.1237438
2023-03-03,2427929723.071762,983699523.275627,1347936220.2248774,405873168.56622124,430789202.4246671,878819661.795952,1998167909.1602032
2023-03-04,2448961478.4944477,979674445.6313874,1370947403.2546234,441952534.99257416,417533914.25013226,1007560883.3144641,2005831532.6036599
2023-03-05,2502628166.7546167,968087621.0788751,1393881780.8725858,413569506.9554535,396481420.0521996,1035127061.34809,2047148234.106363
2023-03-06,2529733760.4369497,1030430578.933434,1419034416.1031544,427247920.1022964,402292837.99412155,1037239625.2181401,2079211423.8937063
2023-03-07,2559490838.2673855,979432468.0131621,1432667186.169642,387044051.19945425,420963027.4373266,1071227788.2474248,2137388915.776711
2023-03-08,2589701772.19643,1025926189.1243578,1434916053.1980832,420417730.7178291,399009019.4739645,1048829855.2762618,2149643982.734144
2023-03-09,2621376620.2438135,1024855870.8305367,1454911642.7682765,407192539.03316927,402189029.865105,869978018.3929505,2173937297.8251233
2023-03-10,2592924405.675651,1060204646.2821869,1451346965.8721433,411396185.565114,389847751.2736171,910695111.1623302,2146559552.0035346
2023-03-11,2589075682.0485153,1061330303.9580507,1419604389.3940198,393660348.3421213,377549782.0084366,985504101.8080213,2156832420.014841
2023-03-12,2586489344.152487,1039091560.7552358,1418778382.1226668,382022277.3818864,393250728.9917412,940743670.659696,2160348141.3352046
2023-03-13,2549450550.945687,1057208102.197041,1435777799.6269479,417949789.7935549,401242153.08452463,912882558.9330103,2145555240.581579
2023-03-14,2555101622.0782785,1071670760.8365961,1453257801.8193653,408047983.2221967,371334757.95283973,967670785.4151931,2133198626.0385554
2023-03-15,2548716537.698114,1002554233.0020272,1417415300.1114924,399129451.98575354,410997375.5246305,1058823288.6060379,2161417118.692872
2023-03-16,2574988501.753786,1049292421.3273973,1438809241.3878489,407349746.56604683,372929523.9917647,975703690.9271873,2174744564.9009852
2023-03-17,2555659010.8170295,1056521478.4299797,1439085661.38121,430978650.62541074,388246065.1552944,989991683.9411762,2172874210.7809134
2023-03-18,2582165896.371163,1073088802.6507404,1465513195.6255207,431642757.48552775,393311078.23011374,933306703.9319636,2170767277.072715
2023-03-19,2598351619.052776,1057220099.4161378,1422190891.4053447,439272809.2976761,380184948.6423982,1007166087.3481588,2184247372.179101
2023-03-20,2597197624.8272057,1092676655.5652254,1437664521.3372114,388045822.0764221,399303385.9154573,862242271.5614114,2189101339.4591365
2023-03-21,2569341658.3013554,1079921219.3221433,1440787772.8384333,400858595.5120116,375972605.3838112,944659029.9793693,2155888992.1412334
2023-03-22,2561933756.7777786,1032441836.9617999,1419112511.0220463,403018985.7566622,394987722.01725066,998145777.8477087,2160830429.611216
2023-03-23,2575786386.5068555,1067831036.987203,1412134448.0798137,395190277.16565585,402155134.719281,811918208.6313947,2153357159.892878
2023-03-24,2526112024.411667,984473378.9222087,1408190087.6263804,437868871.54023945,392767622.2010513,807873915.3973591,2101723147.0921624
2023-03-25,2480032944.3000464,1053320088.429518,1388814806.5845227,412073508.9906231,381329522.1245906,921233506.0159205,2059298063.3486931
2023-03-26,2495976256.5952344,1028668567.745023,1387795579.1026764,415936951.4840874,408751518.54099333,749560155.4203992,2062336917.748307
2023-03-27,2431418848.56436,1030006198.1216061,1353955051.645836,379912769.9859198,398937908.4068161,1146488031.4503357,2026589724.6937294
2023-03-28,2513957479.934471,1017265223.5804721,1402100384.0227892,420015202.7374846,422726619.0029466,1060433800.180737,2094834742.9699411
2023-03-29,2570622640.3682265,1043301903.5845916,1445822149.1259725,418149339.0022178,404105548.32911754,904605099.2393364,2138717979.6723287
2023-03-30,2589365141.093011,1035921197.1355383,1416288991.8159406,402478412.0221821,383891874.4116124,846934650.9918283,2120996529.206486
2023-03-31,2556441914.5439243,999262310.0068407,1413134929.42795,402036164.90848804,412345073.8058696,1077010664.1932614,2097528754.6085744
2023-04-01,2604547668.945151,1013186674.4509556,1432558560.8234615,422036513.8979035,388720865.7447868,965970338.4535731,2120336479.5012136
2023-04-02,2572324435.793213,1070775083.0845368,1417622546.0355418,405669509.407104,394974725.5995125,1123578043.6781936,2124103032.9547396
2023-04-03,2644865021.5959783,1077696629.594608,1460980182.984875,438587554.28603244,410575333.02415776,883623386.3941423,2175881865.784811
2023-04-04,2622559033.03467,1017420384.8503317,1445378402.0660274,406863099.25149626,408536103.3721873,992865708.4332178,2172913813.116989
2023-04-05,2638518934.8489437,1063907878.2875428,1415779692.6517842,408508983.9091931,402218221.3658377,948349239.202784,2160147041.3415008
2023-04-06,2642275819.4222946,1026165581.5343138,1412505557.5057237,418646920.5118802,398970282.4435176,918909327.7151142,2147735699.9846754
2023-04-07,2612771912.381364,1036023231.0862391,1430164377.415452,428344012.26608217,372914554.9966408,1016527708.2706355,2122703921.7663429
2023-04-08,2643358449.694095,1047395966.3517861,1424051099.4413884,403063108.55943596,383104867.01506466,1002022182.777063,2140316972.4506192
2023-04-09,2646891171.17355,1026722570.616601,1442781270.0978932,417464227.04935205,373132327.98396444,814531342.9827973,2146686987.3578014
2023-04-10,2584877747.949616,1036759032.2545602,1403304417.1857123,403056530.1649783,383042626.1073978,949015965.4510481,2092193639.3396916
2023-04-11,2576147899.067971,1062217220.8107684,1419582535.422438,423531629.07961345,398467664.4486784,960786698.7400178,2083366742.444178
2023-04-12,2597051948.3721447,1029275673.0969752,1379763638.0137353,415102561.25640243,393418129.0736087,914646350.276391,2112342499.3377447
2023-04-13,2559461076.9184923,1053308376.7384675,1382888841.3619573,393705044.5341829,410245425.9821841,956874054.1874467,2094647561.8077784
2023-04-14,2584240839.3707595,1073697430.01944,1386786658.908857,419525446.51454896,364218830.41337305,1046415446.9243982,2088373927.460105
2023-04-15,2618724946.986901,1108003167.611304,1416390861.233588,411909455.6390975,390250592.3057373,960913142.3370914,2120784384.3191106
2023-04-16,2616830332.9671535,1136608300.7648935,1424172491.998278,407586928.2760932,369784712.50935096,1015753468.0990754,2149631980.829963
2023-04-17,2639898940.573544,1124335020.5672717,1451743669.4631968,424120794.4514443,394593324.1776744,993869721.0138785,2179722015.1871743
2023-04-18,2668219488.896751,1109671886.6419487,1469286631.6771085,463062082.24048704,386781010.0944269,844437437.401279,2203422481.714053
2023-04-19,2637197282.342631,1093569081.0353696,1446011561.7016797,402726494.1474729,412678820.28488046,1066312202.294455,2183283356.3692837
2023-04-20,2678437351.2793875,1083322563.5399063,1469943650.6394613,455782233.5504379,414455124.36636835,846922725.7121263,2216545462.725974
2023-04-21,2664104249.9910684,1128862242.6188715,1448153341.7794113,409015696.62444204,366733844.8470112,1017054896.2359724,2200689212.3948374
2023-04-22,2673651000.631689,1123698787.8848388,1465062299.5756667,448591011.1874105,396411287.0266809,1060266705.8709266,2219783719.7827415
2023-04-23,2730678587.5929976,1068052850.876655,1477787574.6600397,408284176.30428374,394005016.9520832,942152229.3765081,2261724570.4971576
2023-04-24,2664117042.833469,1136293157.329102,1476997801.882551,419631720.9615455,371603229.4509801,964516579.6457504,2244790644.35236
2023-04-25,2637402513.304043,1104283898.5087984,1463248279.203321,438431254.6576528,401710152.01901793,1053220079.5541049,2245320810.662025
2023-04-26,2684599315.884626,1120656942.4490237,1479513924.4014108,416586477.520592,410711556.700836,942474143.7661397,2261239239.4720798
2023-04-27,2666601317.2961507,1152372112.9212022,1477274556.781603,416869345.10880905,396657303.62424546,803010066.6061069,2251551396.8350115
2023-04-28,2603286762.6974387,1076398277.714076,1436387357.7611632,457031590.00910807,382509552.2524068,888277314.1341658,2202153946.5863853
2023-04-29,2575218259.233809,1141521978.7010098,1422938064.9082305,439629282.1167964,372412873.3808106,856328074.984578,2174513597.102634
2023-04-30,2538103831.4125285,1089636557.559828,1400789778.438621,389393675.56382567,388179469.34349877,1008497639.7766348,2174847864.483567
2023-05-01,2542619458.973451,1124681257.4167073,1406657258.1525195,450543103.7064832,401926481.3093514,911928252.1723254,2176403730.7589946
2023-05-02,2545329150.819128,1129043523.3397439,1411278836.7724426,438828408.27985823,391738708.2377608,901743950.5686561,2187362072.5781903
2023-05-03,2541341303.0540876,1121379395.7268906,1395084076.942788,385342757.14359784,383802215.21921736,943006130.8839933,2183555840.0021367
2023-05-04,2523297046.4361286,1136429683.1875741,1408690296.2093084,418012657.0745015,372466521.10938823,851028808.8252287,2156749053.211565
2023-05-05,2477675983.3990493,1127445304.7577124,1390788149.82118,393529658.28320044,380694774.9939452,1006370476.9909996,2146192281.5001287
2023-05-06,2486777059.3912997,1139448319.0706987,1404553289.990308,405024994.95069396,377783739.1379125,920525789.4589696,2168229951.804059
2023-05-07,2476330199.443106,1127326174.6311252,1421165912.1109867,416761873.9382992,398872643.67011684,790569303.4173731,2156809161.190673
2023-05-08,2449004728.825767,1117642848.4640799,1365236337.9306958,426352443.26994085,397488827.25424445,957577130.5608921,2136127821.776997
2023-05-09,2474707948.242773,1101360105.8722994,1380133153.6651947,436723998.1291525,423677875.8821858,1057172572.4420424,2155051364.127439
2023-05-10,2546056340.341532,1126274203.999668,1400157931.8884928,417183389.47866535,384867842.5936497,1019260145.4444667,2196316797.166812
2023-05-11,2520433077.5417976,1161336710.628419,1435252791.4113765,408330499.412537,363123564.5376557,892586289.037741,2209834513.9052505
2023-05-12,2503956178.5919857,1127667714.2914777,1408831687.488544,388720904.94469035,368085235.1232106,1006796286.5234773,2192089834.329907
2023-05-13,2517933029.7075696,1133551204.6532817,1411424484.4749181,400821891.5851764,383659730.29392093,890205097.6386579,2197530373.5224543
2023-05-14,2473734031.402003,1161859305.0824757,1404558333.7700071,421398783.72175294,384650918.1336688,970650899.9335104,2178411980.444564
2023-05-15,2494381725.1681633,1135302874.4177024,1430147776.066128,377240813.386068,395161248.1936673,866130231.7144808,2201479672.8163314
2023-05-16,2461517847.5852437,1062174078.2439748,1382738905.1751463,448415748.9139293,383037223.64549637,976099382.9156373,2173135199.213477
2023-05-17,2455341788.903828,1168812250.434512,1390742013.020151,417846606.00100344,366255419.891883,865557593.5571896,2172485072.3921337
2023-05-18,2438562558.2405715,1153291290.3082747,1377320957.754445,390284681.5228348,413795877.65594274,978161790.7462182,2162474687.412964
2023-05-19,2465147136.822786,1107461705.7278812,1394477930.6082842,433558983.0344549,386474974.21388036,849698242.1776052,2183993200.8125076
2023-05-20,2440932183.180563,1155321504.7487648,1381433056.6932518,404079366.43706,372593070.63205224,937628681.6871865,2168818140.214672
2023-05-21,2432530338.3311753,1128551815.150701,1385989021.5678976,399592493.9640042,387719887.99085873,846391044.4422961,2168641541.203234
2023-05-22,2391814811.313969,1138811901.7227511,1370019731.4057367,403396625.8608531,375763833.0974453,957160875.5589772,2146251931.121273
2023-05-23,2402523444.061396,1174605110.924214,1383625157.888994,401850593.72725207,378566814.69444674,987544514.1540734,2148303841.707137
2023-05-24,2444456480.1012845,1160023873.8983634,1383248299.9160037,413675668.7695393,398700399.92917955,966630052.8720443,2175603909.807017
2023-05-25,2451054057.8705,1169940046.0535135,1432383543.7433267,402864135.6083121,358922113.7714407,1025629816.2119646,2202394856.1384
2023-05-26,2486071388.8573475,1159856470.5314171,1431012124.245694,380628826.04869443,351172550.18838793,1138332316.4433692,2234504267.7332916
2023-05-27,2526342445.1725655,1179062673.0245113,1431506670.799598,417852608.01106083,377753909.2418026,1062231185.396863,2281498154.509975
2023-05-28,2536125571.8277597,1228425262.4477484,1445993786.7260392,403786596.68973786,381204825.73633575,1103284739.1496806,2302114203.8136415
2023-05-29,2572170344.0364513,1188281954.2599108,1460096814.6576962,395648128.4133259,361324914.95613533,936901971.3649714,2343806108.9842286
2023-05-30,2540384102.6195736,1187994409.0745776,1447948121.6645656,436812309.26980966,393676465.75618327,992929209.0336428,2309677431.8834367
2023-05-31,2545224552.0688705,1184009213.6215432,1474443594.1518066,413612900.5267269,353568557.4459514,962688975.780124,2315321190.479936
2023-06-01,2520432451.054318,1208430251.4472275,1443722368.5223472,446557692.66035414,356812848.3708419,914234656.7493705,2294145043.8487816
2023-06-02,2489939361.651676,1206885287.5322216,1441978254.2187152,411167410.258393,347730676.98067784,930025969.1961769,2288230564.2366247
2023-06-03,2462030440.7816133,1181986616.8559773,1407829049.0222588,422366149.57227796,358701716.4984535,924097025.2704433,2270941029.5709944
2023-06-04,2456645306.716051,1200313550.673912,1402264022.2710738,404028154.75905615,371806361.16901046,1008772599.2478797,2249519722.3238826
2023-06-05,2450229387.031411,1205410795.4939344,1407819842.2540004,381407963.79623413,361800871.2171897,947647141.1825025,2262518210.6814976
2023-06-06,2417415371.7220116,1227641040.0602005,1413549375.9397242,416072628.49873126,387553924.27840376,1011129221.2134069,2242034973.929433
2023-06-07,2483171309.654909,1153116633.826513,1436136860.3698664,397274384.7511651,353189275.34214896,1039522490.4539999,2276868730.5767384
2023-06-08,2459875658.172155,1232167748.8888829,1404929653.603772,417461294.38045514,404442221.642748,971985860.1555338,2274381754.414678
2023-06-09,2474618563.644753,1262874306.4065979,1427391655.7808876,438124508.10863715,346896869.8250827,1027448223.8506527,2295643749.5111446
2023-06-10,2479820496.709882,1241726945.6857417,1455210455.2521474,415405795.9279231,374361747.89137274,1035400274.7062654,2323243226.9010673
2023-06-11,2531801675.863026,1259589369.8715825,1447006129.6746619,424917515.2588795,391290134.6836424,1023929554.4067124,2337617050.3469634
2023-06-12,2554592872.882826,1241461306.228736,1482500078.6862812,414836431.27072984,378188619.6243996,1118091412.391372,2354335296.11214
2023-06-13,2600022471.268032,1302978752.3149884,1512263560.9870515,407453191.6623051,356715009.45593685,921067651.2042366,2404134209.5088177
2023-06-14,2578346411.2885075,1240067020.7162788,1489291347.9056542,443581926.4269685,376734762.1020326,851992891.7432462,2398824586.5890894
2023-06-15,2525166213.9413695,1281258193.1425407,1485896181.0917332,433266908.34184444,407388948.59821033,880118213.8432562,2355608686.424994
2023-06-16,2530803142.0163994,1275390258.669762,1459418612.3500338,385870041.3932687,375143324.7781722,894174427.6863977,2354896935.5114
2023-06-17,2488058442.9449477,1214679534.3048005,1442699205.5480154,431140184.42466325,331377209.0790035,1001672735.2979647,2343161904.3123474
2023-06-18,2483413344.250622,1216043964.8423758,1455113086.7302413,438913169.91641825,366771566.3242855,921823185.1691917,2325139507.5203185
2023-06-19,2458196405.6847334,1278472826.06266,1427575308.5402353,356104085.6877476,363208153.3188001,1006499654.2699909,2301603499.483908
2023-06-20,2446625924.172059,1262080431.9275422,1420554476.0921783,380806688.15000147,372763734.5574808,988729442.2820623,2301268828.8511767
2023-06-21,2433523580.0848603,1254692601.8652089,1425754650.3012385,428476650.0679743,359212841.5428308,1065211908.4644268,2309050971.4864902
2023-06-22,2471256495.573826,1283574988.9640458,1456242459.6180189,420266652.1031804,368935125.83929473,879938100.0567757,2340152084.6816034
2023-06-23,2447610017.163631,1236068549.021327,1443410089.539584,389599787.40637237,357546682.6403999,935713932.6379704,2332500043.125425
2023-06-24,2437291681.780534,1222794486.142353,1432351845.3662224,366351731.2957793,372890808.98559207,1081888278.3887405,2293356017.786604
2023-06-25,2430309212.946687,1262074389.9226992,1408955821.4780552,422754593.16193515,348829134.1797078,1047630325.329248,2319548438.8044877
2023-06-26,2455497285.367122,1247341872.9253106,1441496769.9464002,390781675.08797705,355584222.50010765,1007516140.9893064,2329229941.9993467
2023-06-27,2436005462.9310203,1296358754.8743505,1450439487.0456986,384962898.0952788,332356971.68703127,942632198.1494867,2321145466.57188
2023-06-28,2414520510.093308,1284262095.497977,1442115642.668209,397629465.3598216,369668674.6426852,1127306472.7652822,2319357281.67136
2023-06-29,2452804272.6257863,1275742567.9166574,1466537227.3802214,388334052.10701025,361162761.1567588,1115920391.052412,2377962226.8475313
2023-06-30,2489942061.744743,1258030170.0856438,1475592851.9179144,415149002.7062885,339494554.57753295,923920550.7566614,2399798936.099981
2023-07-01,2456718209.691748,1265101980.7809289,1436003517.993003,426021146.4275728,334907376.5457179,1027398577.2997234,2368608998.369891
2023-07-02,2453888706.701748,1292732387.6385162,1442970687.0882223,424057956.1183669,363033151.05118996,1040550683.197791,2362099385.068472
2023-07-03,2475152516.9909267,1265216450.7640815,1472033266.1737466,425145906.19640404,344760503.4722919,978742992.2402402,2393747690.910699
2023-07-04,2453502603.64317,1305250483.4411361,1441726493.0171037,380485361.4605934,359408257.87667924,1061513579.0672102,2380365503.923426
2023-07-05,2456664564.2929497,1278401084.127828,1472697800.0956962,385952530.58433706,363685476.63022757,1021097159.1250167,2379019559.1488066
2023-07-06,2467701120.4147315,1293592122.6735444,1459124448.6219223,371285471.1910839,327883996.69279015,1128306234.2207131,2392180254.754293
2023-07-07,2471271828.780979,1320281959.8663003,1473425298.471757,421122259.2163717,327945823.2404454,967917923.131587,2411853360.4763455
2023-07-08,2443046990.444722,1318116110.1552346,1444526318.976243,396565017.2240973,352071447.7331923,961066372.4342544,2398156409.1861677
2023-07-09,2436505149.011978,1332084403.0745642,1450430740.3797793,426794074.3727405,341027452.52451396,802461373.4645991,2382714668.760706
2023-07-10,2366464980.6666036,1279847034.0880709,1418047314.5978658,400520694.49833673,346818489.64734185,987133937.6015805,2334156602.4969435
2023-07-11,2368720031.3098354,1317555284.1009576,1398512130.9561064,431941646.33243495,335992227.33883256,1010423176.6057144,2313340462.900178
2023-07-12,2379148526.449937,1347187787.5854185,1437712722.061804,415952190.9939293,366861690.75091475,910321919.2990716,2335158766.1157346
2023-07-13,2385819394.447944,1303155538.9613187,1417941685.9388652,418564599.65469205,361079899.17549133,948370361.0584003,2348005675.0868654
2023-07-14,2394621557.9936957,1294683325.7321808,1449197500.6947227,432163955.29268944,357845311.47263384,874256186.2936782,2344057634.253834
2023-07-15,2359491542.8723307,1331112295.6476972,1430050108.4324696,419187000.18488425,325955415.90418535,954755934.2593968,2324298708.288262
2023-07-16,2359410037.7932305,1337159665.2973628,1408695071.8461819,400932636.09300673,354215937.3037806,1051225778.2071123,2332001137.4078484
2023-07-17,2374404922.582077,1310955599.5288439,1427830711.4697087,392256292.04262304,376035248.35791546,1012992349.3358395,2366037923.2842803
2023-07-18,2383868049.580463,1361539072.3223486,1410720649.7616217,378484323.1074072,343681344.12120533,1027671069.975447,2376425081.313032
2023-07-19,2383065304.686904,1326590678.3129823,1430327599.872605,410594873.6146763,335670673.9259114,1049362773.7070041,2376189653.1705017
2023-07-20,2413290848.0226626,1324783051.969134,1446059178.4757028,399409327.6533873,346091044.2350996,1134459067.987844,2385434898.577134
2023-07-21,2431786220.426274,1328862820.7088785,1480200196.1439483,401842464.2601782,320593366.7492101,1052750947.7689365,2425178103.691745
2023-07-22,2417593798.5331674,1354615353.9836078,1467030640.823543,407490900.98819506,354556161.8815699,934359993.3679448,2423429737.206275
2023-07-23,2405550731.079765,1339646077.656294,1439745539.8601127,419169076.97406155,324742782.0532988,1113444612.533079,2403970837.631281
2023-07-24,2435328703.352884,1382352449.8991048,1465303762.8498235,433286712.4116852,352628711.44402325,921471657.341654,2435481203.2330155
2023-07-25,2411944761.150306,1368983427.1716595,1474298385.5759935,402517321.98464555,340348451.1319497,1024793661.6592978,2428191379.733325
2023-07-26,2436836196.230321,1357631303.3159642,1457792840.995946,442467747.14891154,341644076.4050007,1080306814.1786418,2437026127.9253573
2023-07-27,2461534535.859249,1368486144.1256738,1494403489.9094274,424516253.1666481,357234532.42122626,1078378706.2272892,2463294005.620247
2023-07-28,2496760316.4199014,1352939793.345498,1484144283.0164344,396330544.0078243,377527067.36772734,1067909434.7625968,2495696680.231485
2023-07-29,2477021067.365622,1358881117.5447068,1493001528.629584,423117126.925915,340111575.6566614,946239515.1179472,2507579664.132662
2023-07-30,2465477393.3707137,1355065097.7053413,1482464561.59237,424527856.775525,332808127.5169323,1094281296.1043391,2473429442.0908585
2023-07-31,2461960707.4716682,1373193430.6714118,1490604796.1805973,406472066.10865796,336416097.9239114,1023997494.0089241,2493021706.7598405
2023-08-01,2459747876.6468287,1350667907.0593429,1490810243.0810475,378333468.0585159,362906080.8405885,1059638657.921399,2475720815.4413047
2023-08-02,2441198571.9807305,1395083248.4832623,1484709372.2273598,405303972.5661496,355214150.08240116,974784063.0136541,2470027835.608387
2023-08-03,2430839559.9852586,1353363559.2084816,1467876600.0037475,386112055.04133934,363100805.36246824,952388454.5203938,2465910078.1874676
2023-08-04,2391230056.437994,1360162002.0572097,1453146665.359334,430098638.9530842,359433423.67680854,1031057521.0231874,2435704345.491608
2023-08-05,2401165087.9242268,1344825934.6380038,1486466604.3841429,409791626.56597346,327466006.2931999,1091224396.6182969,2429729717.0281854
2023-08-06,2424529770.9984627,1425906296.8414419,1443111539.8893578,430182740.7529526,342774443.5123029,1033000159.9723227,2453524734.842043
2023-08-07,2435788893.952831,1389400544.0612383,1483723998.9908333,389591139.07159126,353281183.6538104,948842362.4641964,2469779932.1008043
2023-08-08,2413480593.582925,1318625286.2121055,1459164062.0962877,380220367.9138627,310819323.44032913,946964983.5315361,2449404657.833687
2023-08-09,2336683867.0081615,1387733393.7553918,1415410108.8812392,428287343.4098816,351069271.570325,906018329.8053213,2398671653.7358713
2023-08-10,2315476941.8130984,1387171697.2111442,1433033589.1705983,409252561.75196606,327771824.1941791,1031957224.6693529,2380634555.294313
2023-08-11,2338201533.1192536,1371206960.59523,1406158956.4466412,410412068.9121416,334677240.58601296,937543096.8382188,2384079284.7469907
2023-08-12,2281838207.9686065,1361404412.3697314,1424450894.8661776,424537084.03933805,348150732.01145136,746483317.3898809,2374879568.909797
2023-08-13,2220620451.745745,1336224022.5805433,1400228765.7532802,374319102.63606644,329692780.20602775,946506390.9486119,2306872018.5595303
2023-08-14,2211153954.105694,1364482779.0348299,1385337205.8621743,408831491.9056948,339915029.31506145,899121669.2370925,2291289115.828029
2023-08-15,2198395373.090863,1342508194.944332,1373260435.8922837,422756033.1668077,336193032.79979384,898766981.3637494,2299756711.70882
2023-08-16,2164292341.2143865,1326437444.916867,1371356084.6762822,399534423.35662735,338761608.65409625,1053494065.4987115,2284779976.1907606
2023-08-17,2204720581.9031725,1383767017.8877506,1390385354.7375274,399520789.17085487,328958949.17721957,1144260820.849101,2301704000.285442
2023-08-18,2273310803.148543,1365989071.0162573,1426163335.2739868,398619825.33201116,327534793.55503863,900911207.0385158,2362872063.223652
2023-08-19,2254545774.8082433,1388771597.7035234,1409721482.9374106,365670049.071328,323819223.76947474,921858189.3843555,2343840796.862689
2023-08-20,2241069049.6347194,1364588091.2713845,1388302367.0365155,412954355.3542863,317384894.92874724,975010136.2876624,2319345851.6501
2023-08-21,2222399975.506282,1366886914.104989,1369553493.1983995,391226685.9553051,353878020.8779903,880024529.7380931,2317847310.266328
2023-08-22,2182045383.496063,1401663275.7961204,1362244674.604975,409502788.8473786,350559901.00619024,912318876.9516106,2296163552.808056
2023-08-23,2184642910.0938387,1349819894.332739,1383473048.5585246,399328670.11517227,330840346.9163641,926676803.6479785,2305596032.554553
2023-08-24,2183840254.7469053,1340141845.7678833,1348574728.299,422079752.7230293,349264697.2726084,1026813002.8512406,2285142935.1155667
2023-08-25,2204096618.669105,1369287950.3869936,1370105366.2028487,408377634.67606735,350154147.998106,1034388376.9730043,2305678883.6366005
2023-08-26,2212391136.976006,1394825813.7709887,1397895377.2848802,377253631.191364,324556575.10998434,883308389.2603236,2340230168.3227816
2023-08-27,2169335494.4634156,1372185773.5323422,1365364609.7454464,394126078.23283285,362422645.2677838,928385407.166252,2293370080.635691
2023-08-28,2152177097.564941,1377971941.5804272,1363425296.5692654,420888878.810567,331794255.7754871,888588548.2560198,2301407330.646451
2023-08-29,2142481495.3192456,1390593901.1310136,1349916403.0895982,395414979.5408394,342669160.2747478,872255219.1327249,2285665750.3828735
2023-08-30,2105730524.3993657,1369242301.7109265,1337788485.4072306,416998079.90797037,326553312.85364467,945328354.2997141,2256221713.361661
2023-08-31,2108125092.2769382,1332835002.759121,1346180524.629915,428011334.3108949,325284914.2170711,1003410898.2280941,2255680817.769463
2023-09-01,2126923687.8503442,1385770695.0558708,1333313340.4604108,425268199.4817107,325942089.04458565,976934808.3596594,2276858271.111478
2023-09-02,2152774909.787582,1374462175.5693414,1364516440.950666,403901335.73974895,340173029.9539931,997770112.5118817,2285271751.9196563
2023-09-03,2164042568.1662407,1434405081.98192,1351881473.9515355,425284750.15193963,344408093.4607705,912690010.8286803,2323027005.32414
2023-09-04,2168362711.320709,1397854125.983258,1375192371.4336946,382496591.5016554,295559632.1468656,1096847255.8862152,2320833253.7132616
2023-09-05,2205285681.946132,1421118235.8442569,1394484731.1675286,422604922.47414714,323058065.7703926,1044736054.6882851,2352056119.65655
2023-09-06,2225642228.623603,1429216892.777983,1389528306.063225,402276827.2639952,337940690.51451325,1068786038.3973187,2385936996.3882813
2023-09-07,2248228544.7583647,1419947458.4993086,1410248158.0824373,396966118.04216754,307105010.1452148,941600807.6247176,2399295190.5717173
2023-09-08,2234917976.873901,1427295404.5492516,1422367336.8466733,368725163.6718068,328608984.110035,1064923268.6135076,2369098272.014886
2023-09-09,2251929640.095,1428800852.0104828,1414979083.1640654,384518796.8459116,321426564.3325281,1005519697.9094571,2389906637.027247
2023-09-10,2239368226.7114744,1419412351.9436855,1419903494.9649048,375351466.83470666,303670017.67822397,1055628287.7526948,2386571644.342806
2023-09-11,2227354117.7847176,1455609420.901369,1425044068.0493946,354843671.20987666,326844620.05094206,929963088.5863113,2394088564.747397
2023-09-12,2200041974.083808,1456440972.353014,1393909974.5265734,389451890.0471725,338105648.70356363,1015006370.6418493,2370994167.768025
2023-09-13,2218014360.295025,1437354478.5816622,1427306396.1001446,395420322.19205946,341331924.8348714,983556308.4744446,2383484058.8988366
2023-09-14,2214594780.8443866,1490436525.7237039,1406294682.5762656,397453341.8299975,328221010.72570527,1007780260.9092795,2393129665.2630854
2023-09-15,2236525906.8175154,1459999423.9246254,1410367404.5002987,418419411.33550245,341270501.0038183,996877909.0064446,2399959500.939697
2023-09-16,2231616805.9197493,1458207189.2173736,1416676280.383089,460758952.23543143,360010543.83412296,1069541732.3935766,2408632896.8737726
2023-09-17,2285540137.2399025,1495219956.3378193,1453762797.3883872,421291882.5151453,331715599.83210784,1032810108.4512472,2461428441.7822714
2023-09-18,2311452634.5216203,1509302740.7165928,1464910200.4235196,422630395.2224365,327437490.1523968,883745979.9037899,2479431757.4199176
2023-09-19,2280135496.348547,1443695028.7988272,1438472299.6327744,419085999.4355708,326893726.22133905,1035105391.3732367,2457726919.8138094
2023-09-20,2275439181.0224147,1500674535.0988948,1457543468.528073,419755757.8375967,325811538.15594536,958248695.7411284,2455501822.6661196
2023-09-21,2275544413.8172784,1467122841.242259,1430591873.2152092,410802647.2470499,314764633.7413913,929942616.8535917,2455330070.0593376
2023-09-22,2218387835.572739,1505980606.0422375,1410290548.306737,430378681.3715573,319960728.61132574,939861979.2841885,2419052176.8158727
2023-09-23,2219264177.1016417,1462281533.0735736,1396937424.5166252,426841860.0726743,308478200.4371193,982195030.7372794,2406310513.0961785
2023-09-24,2209759561.7949343,1515326554.7624876,1422168917.3380473,384924009.0641349,324255029.41843873,1080849794.4934027,2403733626.0251956
2023-09-25,2234898548.0907173,1474017540.7737448,1444228956.6897676,418882522.0477248,327205694.30057245,1088966723.1782312,2452205451.9623523
2023-09-26,2260313808.1831026,1511791540.898099,1455315279.6709213,436757341.93588924,338626608.7322203,996154937.6675162,2469851848.167922
2023-09-27,2289715554.857777,1542062906.3622334,1461182335.482088,436292687.8791362,306921244.8146593,934523135.7745992,2477500818.554191
2023-09-28,2297064104.446138,1544001375.8553116,1449765192.800042,427789900.88608325,324723401.9661731,813435978.5026008,2482212559.3795385
2023-09-29,2248160718.5167685,1488021065.4762695,1418738478.9537148,386691030.5518309,334630982.89654535,917885395.6016678,2441663295.1904073
2023-09-30,2196516361.912182,1467278926.6030204,1444099178.006329,383146628.3449335,318664645.7856774,910107878.7341247,2409476452.3735948
2023-10-01,2165030005.134402,1497829659.69896,1413540540.7833529,401603784.658548,333754122.8345332,922300809.1517195,2388680665.3785114
2023-10-02,2164122867.2203803,1494901674.3451219,1389327831.8035553,424293442.5398648,340050181.6779487,1004102117.3710132,2376246419.6622367
2023-10-03,2191319390.7915363,1469934450.991809,1421584672.3788557,392620762.29220235,346029560.80172294,1050077405.7487824,2398380136.302655
2023-10-04,2200886029.5744815,1499419035.900679,1435940817.8560166,393777838.774957,334722435.7617811,848830939.496968,2430384403.3916616
2023-10-05,2158024259.506018,1506860385.8588667,1396544342.1682944,402869744.468094,351301019.43997246,1029089488.0241399,2374387531.1394258
2023-10-06,2174059117.8313837,1499807130.8744192,1427538642.268239,400934664.35306567,313622684.1411097,969697383.3599682,2406673106.596987
2023-10-07,2171572223.047158,1486857682.5683143,1410367139.8450222,410623958.32244605,312842225.34128994,860936383.1163889,2407494975.463348
2023-10-08,2109405163.1134467,1450267504.1226573,1389770536.1055052,385073844.0824986,315181221.7963329,948044028.1035364,2367672360.3834414
2023-10-09,2082933855.6880438,1469683710.2225502,1362615181.8031197,432720230.8247516,324376708.62336975,1008099539.2259451,2334032618.0306582
2023-10-10,2111876752.783165,1493830459.724014,1359356862.854835,369524621.67796826,343018584.3294642,926222905.3670561,2350181852.5317693
2023-10-11,2089534577.2320771,1522468397.7235854,1371106349.2200072,393637849.3233058,313070563.42975414,890126953.4329251,2336812311.1209545
2023-10-12,2072970922.4145265,1502665174.37084,1356908788.8572598,395273344.895387,299749576.421661,1010354817.0544748,2324874909.8161764
2023-10-13,2095155370.840483,1540964716.9153647,1364273614.0565112,403970742.97217983,307385046.6560425,879405647.4538138,2330362431.9638534
2023-10-14,2075231310.7881703,1496784645.125821,1362249590.6428916,420061388.29567903,311539928.57527715,1120494073.4811382,2322560700.8477173
2023-10-15,2117041009.3199623,1589273323.7594287,1377853176.4848561,397815162.993847,318939717.2647307,925007903.1513274,2371892868.313901
2023-10-16,2111229527.6749084,1544334590.1509054,1386275477.200331,424597079.4469554,329223835.7322732,970038269.334438,2374570043.2090607
2023-10-17,2137880995.017743,1536064629.565881,1402438721.5340204,407046630.1580899,317857084.89263767,1034884231.4250653,2389506214.451367
2023-10-18,2167718271.2183695,1496373570.3289335,1441065324.454147,401793662.23712856,299100769.05592114,965910350.311286,2409610928.262891
2023-10-19,2153980359.3273396,1554955418.3482575,1409915354.3288293,410802695.92164385,303650192.41035515,952070330.1841931,2403744514.060947
2023-10-20,2131252152.9385464,1528147305.1527982,1389657376.6756988,447201223.6533043,308883319.855579,913594875.4029429,2394486036.299981
2023-10-21,2110071448.1524942,1496400876.2797768,1403220151.992976,409791273.3068756,336568750.7612982,884434814.7121091,2388128557.9411163
2023-10-22,2100404703.396717,1525306367.1375735,1377039969.4061434,426711131.9439189,326881400.8889076,823058914.2006077,2356219842.1737275
2023-10-23,2027170147.743083,1540211833.988766,1361765846.6854026,415450904.66108346,295499533.52395666,828973191.129946,2330865305.272184
2023-10-24,1988876984.109929,1493957463.9344249,1343956941.1588457,378142503.5235707,351551703.5936256,955892192.5415189,2291416832.3263583
2023-10-25,2005737011.142344,1522372576.014526,1350835031.837331,418087542.5992837,324951305.0326594,1036371899.8834181,2297815804.879207
2023-10-26,2060469264.1254256,1548194573.4629147,1357379742.5315776,391953705.2751126,317059682.13576835,953629268.2900581,2327818193.236999
2023-10-27,2030372778.1220129,1541766908.2124522,1356771038.392375,406509785.88728803,301699885.8174347,903128568.5201933,2332188166.892733
2023-10-28,2011837436.9023514,1527437094.7503173,1357011693.7193038,413280528.6555678,332982559.52064925,834829928.4244583,2312379907.8002157
2023-10-29,1996950943.5654213,1497219552.895155,1342607590.6770349,409141858.0314736,323275891.007939,1000098532.9946195,2285735614.6418395
2023-10-30,2009966432.2236454,1518946095.931635,1362318749.7328923,435787576.8842045,307959069.74145633,874658395.8143202,2303738794.5856104
2023-10-31,1998624065.1684194,1565124669.9542782,1358884274.7472696,405269032.83613074,307995851.56208426,975050639.150429,2288173801.6182094
2023-11-01,2034297072.6762056,1529790386.1193511,1349947415.0768967,415556090.336956,308806628.53396815,872227408.4803469,2322856751.1995263
2023-11-02,1997111384.7931058,1515106241.8070695,1343652400.2104592,407340511.56443346,294002342.7298035,837209045.3447373,2295378181.9714274
2023-11-03,1953629331.0801754,1471042642.7000823,1325642012.3344932,379152314.50797796,287922914.8785095,968000498.4156169,2254356752.138316
2023-11-04,1932543027.4793437,1518817137.1572597,1308855432.2236998,404144404.90715355,303644913.5751232,950733294.3743131,2234111334.132978
2023-11-05,1927769522.640738,1527935443.6109333,1324845357.774424,401594164.95971316,331100432.5265368,858611363.2625825,2237595154.1777363
2023-11-06,1920538807.9619122,1509842756.6212428,1324501219.1557453,418938150.7233259,306968207.67732775,1019719197.9139358,2241430161.7489543
2023-11-07,1953821017.9633334,1553571020.8179247,1336471275.7331486,407990112.83538043,342974771.8337696,924866616.5851916,2275900027.055991
2023-11-08,1979988093.5185556,1566828774.584896,1350981688.2067342,420372671.4726855,315718598.63052005,938025994.027592,2291229241.617767
2023-11-09,2004213821.1943467,1573850141.2901995,1381561275.8114939,415567754.16745514,282280324.8391485,901051642.6985649,2314411535.90067
2023-11-10,2011127317.730766,1551694454.047893,1368939831.6135793,410125647.49286133,339006552.48669827,873437219.1003077,2311684219.979619
2023-11-11,1997258632.4058454,1573262243.2207205,1372025544.2581108,427174136.3933572,328525150.23993516,878680585.8917868,2303876600.24308
2023-11-12,1988502797.2503128,1605542084.7579334,1360529691.8707201,389375552.37439144,295648530.5677836,840390451.6157182,2315104288.662328
2023-11-13,1995905012.6551392,1527737090.5991564,1330824791.623922,435443331.75334704,304638846.5355269,875342500.6442333,2282380484.5288672
2023-11-14,1949277940.4596424,1568686908.996985,1336780551.241967,433846146.2000871,332929557.0303095,855479361.6566316,2277194296.864766
2023-11-15,1943712433.7502155,1523537963.1120992,1347971972.8127716,402767412.1678444,319719125.5607788,794318342.15757,2273242753.3326297
2023-11-16,1897803761.9863856,1589825514.256181,1317465379.5083823,417673143.2754731,334319170.24438006,856746715.7463249,2214326853.2360263
2023-11-17,1903133544.3153603,1535032000.2855647,1325253276.9059546,404683317.93120545,319715373.43787646,824076361.4781461,2245420456.8631277
2023-11-18,1887425815.905085,1550839937.0270276,1296606466.3241725,416546402.7546536,297793137.7387746,932336934.8588768,2216693339.5551295
2023-11-19,1885183554.4871619,1556950852.656629,1319026603.6170855,430372660.5396979,314907019.5098717,977200871.7267106,2222626057.158147
2023-11-20,1937098565.0154583,1557299557.1989295,1326913780.3703306,431007620.0622416,316255401.88363713,815399435.1644998,2264932102.300472
2023-11-21,1913867552.5973182,1568054028.830352,1327390750.1388688,425047510.8762535,293967590.29320276,861127883.3265613,2247016868.1899033
2023-11-22,1896806942.0411599,1572417355.1653078,1332631273.68613,436020243.27787703,290319271.57854724,848687811.5329795,2239044080.176468
2023-11-23,1888173858.1746585,1555715085.129576,1301526022.4892373,450694204.5096128,315205783.1412646,877826032.7880214,2233981911.6891575
2023-11-24,1902634946.7732615,1598052353.299277,1303798330.0020638,448388936.19027776,329273861.47718316,946067757.03206,2231838155.3872495
2023-11-25,1921195793.56744,1589773696.4662707,1341121520.0976331,417374478.6551312,326848042.6916857,960838680.8653921,2268997927.7449565
2023-11-26,1955063729.6570303,1596688140.689262,1326233288.8859515,411317143.9272011,270721626.5906177,829356683.3017389,2289181594.1502156
2023-11-27,1894489725.8980696,1640109217.220417,1322522498.1277463,384845612.56065553,306268572.75225115,881377883.7282636,2248808983.576355
2023-11-28,1887235002.4035437,1579329887.0418122,1326920539.8582673,432653084.28166884,295262893.9991648,908329720.6288655,2249781749.855371
2023-11-29,1901067207.5150235,1635555274.1356757,1335696672.8187964,413550353.8584943,311199227.36821055,962642593.3798497,2244763929.157496
2023-11-30,1935443961.7059193,1568270912.1202657,1347383004.4869754,431434339.21122295,328138603.37525684,932797985.2682089,2282052971.4228396
2023-12-01,1943925744.1165185,1598293854.5282514,1362366410.7819726,444378879.0490651,301241186.14358866,1038772578.6347927,2286795219.3408012
2023-12-02,1990128831.0365958,1609908971.5065482,1363604774.7762501,402245232.61836195,293542377.0675971,929093431.3921088,2331405147.2630467
2023-12-03,1982613359.9920325,1624502551.0577927,1382552933.2954037,407710904.779787,296305721.44830275,921635259.4875463,2306242928.632116
2023-12-04,1966685504.707212,1647451502.3090055,1372527929.5237973,421521562.7177858,319927771.79884124,990188085.8599889,2321348770.628057
2023-12-05,2001539951.5870173,1672644450.380742,1383047496.5784047,414573562.97159666,310411159.4572292,958196531.1800345,2358036155.2389536
2023-12-06,2015458576.9291012,1646251483.0962167,1398659209.4119394,405794225.4363047,298552438.133323,954278367.7325491,2352763491.66378
2023-12-07,2019660759.7533762,1616691141.2773855,1400275536.9329813,407811405.7092644,307667942.2473018,950560155.7806748,2349701787.434258
2023-12-08,2003473959.8756332,1648659104.9217393,1383818027.9778976,457619112.1795863,310163418.4587772,880400660.8379714,2348664125.1351676
2023-12-09,1984033933.145107,1618502491.9486728,1385545990.3412313,416774974.3251184,302672982.5917858,950141856.4977136,2341466187.702961
2023-12-10,1982832530.9511898,1669541295.7176359,1392584161.0631294,418374686.9012375,305076611.67182744,840159924.4931372,2329848533.851393
2023-12-11,1970465232.1656508,1672310493.971395,1363308504.084135,409705337.78438157,286214415.52203923,862181272.2151223,2317222975.0177355
2023-12-12,1944300654.9784212,1670379195.6871812,1367981228.9558089,420482606.0554949,300153772.38505596,919702712.1588265,2314869078.842461
2023-12-13,1973820447.1972303,1672404185.169836,1385855408.852036,403389490.8062031,317300662.28684765,971571049.8775474,2313763625.8576536
2023-12-14,2003382287.7622857,1685792630.8645487,1401629529.548706,388487976.1978091,302107705.635992,1023762708.1618646,2336465351.3017645
2023-12-15,2015424816.7729826,1679612900.6250968,1411789232.6129582,426992157.0121121,320764244.24301136,847802866.5666511,2381343084.631883
2023-12-16,1980785658.0979545,1670499751.554424,1401811521.7053683,441847961.87279963,319702132.00676537,888341283.9605349,2351094324.9935794
2023-12-17,2005426527.7898872,1686996514.9222703,1393382896.9940546,421834427.3986639,326146184.61898214,979168384.6223143,2338643234.333205
2023-12-18,2016804980.7934215,1662052481.3065162,1395086397.5725317,402578682.1650253,284343617.77465814,969366732.5862976,2370208857.2516413
2023-12-19,1992830024.0417998,1727467390.3545926,1411061793.9648972,436733264.3542192,289798895.06281364,916562566.3695873,2361695655.349148
2023-12-20,2015634554.3430414,1695548965.4650376,1427775075.4648705,424257610.3579729,299879877.5690401,913358047.9992976,2370396755.9652424
2023-12-21,2016094319.9705307,1708030384.9460099,1407534835.3720617,411682342.27377707,328804704.8838557,882911132.7090523,2367476848.1691637
2023-12-22,2028535989.33561,1711347479.9876153,1400901269.713774,396163013.2778765,306257849.4030307,1011562938.7588408,2366607444.9036956
2023-12-23,2036742216.111787,1716555268.3871613,1422857802.7326682,436938444.4866079,339889551.4726825,877555151.9373193,2400739521.6597414
2023-12-24,2021574734.469268,1725365343.336291,1418623757.960311,482825134.73577625,314377451.9171231,737792654.7247111,2388329781.767374
2023-12-25,1981632632.1382806,1696700183.1690514,1391886887.2405524,447111518.32676613,317912797.5966541,1015751806.6740592,2353184486.0498786
2023-12-26,2013883952.4357865,1731978744.131894,1421342631.33217,418792514.79594266,339021040.96980053,940490106.6190242,2386169657.39149
2023-12-27,2037040453.208646,1695771116.072392,1432938062.2513995,451729638.7870693,296896409.761689,981233293.9787562,2396054283.137812
2023-12-28,2051390282.954377,1773114146.7585955,1438727085.896574,452695363.1781454,300722964.6604548,879714037.3124224,2416779385.359262
2023-12-29,2055927878.9402103,1760397485.3892076,1435863367.4558666,415887202.80172545,294482964.6123836,999304827.9455911,2409218941.948846
2023-12-30,2084539694.9122162,1742340738.7182379,1453494449.404766,462233108.55163383,293900261.7334845,963884906.7898803,2415425679.8267484
2023-12-31,2079825406.5739894,1771865099.2830634,1447079238.5776834,453037516.4445905,270569870.9224158,910830982.6998861,2444525473.49466
2024-01-01,2059048651.7348914,1768597791.4534721,1417731607.7389739,440679861.3798816,331210464.89157236,827957993.5109855,2434579352.137434
2024-01-02,2041995568.785734,1758410905.822703,1427708311.387906,454290770.6628894,291944462.98960865,1025053030.0649114,2401241600.1165743
2024-01-03,2064027431.8033936,1765686434.7734053,1452669048.1190953,425198279.48646295,318121115.2021533,907809357.9425898,2432609641.6274347
2024-01-04,2051656626.053455,1769501034.0320385,1450824185.1158113,427286004.49305344,299422491.52794504,883239370.1373675,2421297904.824981
2024-01-05,2050602465.9966056,1767801680.2216864,1447320019.453003,409433079.1706155,286184012.7122128,917794377.5377,2397740168.5807185
2024-01-06,2023598511.0475564,1776984616.6138186,1432471750.0484295,441920735.6522304,310358611.74517643,1067555712.6133084,2385255009.71489
2024-01-07,2088067204.7447069,1721995720.064525,1462451005.629614,438166626.8179025,284941347.80285287,852945302.2416147,2438876939.6104293
2024-01-08,2032883289.4211898,1770742415.8559391,1436276246.2371821,449102320.72619724,290296081.2490538,835957277.3753104,2402836806.817213
2024-01-09,2007209871.099565,1729649086.6153479,1426058104.1821449,442437345.6704586,308582278.5912218,878231447.570373,2367838604.8607388
2024-01-10,1966681563.904054,1788253683.505613,1431713162.9309745,446388793.2051533,274595814.8613159,872756716.3665959,2354050261.986291
2024-01-11,1976663565.7227747,1758565311.6461108,1411506273.822436,449479644.42725927,281551804.09456366,973154071.1612234,2352522271.080437
2024-01-12,2000898929.749953,1779398646.8565545,1416360586.8644385,422569175.8174351,267982721.0292838,797261607.5647448,2374733292.7859273
2024-01-13,1932183187.9970999,1746361406.5748427,1390988664.0508928,444907319.3895192,295345166.114067,1014650030.5129931,2330936052.7704487
2024-01-14,1981104405.7905178,1801544842.4332023,1419079909.5297892,450256748.3984704,304977337.2094703,805656783.502931,2363835278.586048
2024-01-15,1964270407.019781,1783644205.011781,1388949818.1275158,439547039.5132663,300729477.7994579,963216121.239602,2349837611.9719872
2024-01-16,1978212627.3757336,1796184316.0560622,1418733845.35995,412684946.10959756,334778941.06799424,868985222.9611177,2368193805.02731
2024-01-17,1985864290.740262,1812721204.6194909,1414613551.0146635,437577784.18891066,281545745.1258722,988681114.105687,2361326682.7851386
2024-01-18,2003516854.6765935,1809201784.9445534,1429931416.6419551,455031009.93330145,296147848.3292542,960235533.1759899,2376833495.6187267
2024-01-19,2019189011.6377132,1759871480.1054735,1436982088.0815876,462321231.6734848,337662541.94663376,964355021.6633424,2404852145.50404
2024-01-20,2040955563.0320437,1819742878.2256765,1447561186.7126954,441994416.4816363,315344043.4560321,771045487.0599656,2409981678.723697
2024-01-21,1982074038.8632252,1793146871.8460703,1440702871.9232292,444461852.4633939,306404077.0679946,879555449.0499066,2373589539.3451195
2024-01-22,1974237137.2692873,1778515114.4505017,1426522278.0231464,429657102.0290442,281539547.57538444,931887637.6442362,2360215206.1709466
2024-01-23,1962701061.3621752,1826117747.6496525,1413464198.3096962,421554946.06962866,275177264.40746665,843798944.3815777,2347860265.3062086
2024-01-24,1932614262.2570333,1798143991.4116838,1407473814.5487173,478334833.06567776,304027874.87681055,889306208.1084707,2324404565.0779185
2024-01-25,1953669286.3705468,1797917165.2964327,1413208934.8039849,458545393.1252924,298330413.7713036,923092540.2573802,2332689425.955399
2024-01-26,1971835352.8328469,1785873119.878423,1421412081.43928,415464818.29357636,292187292.5829203,914310002.8803504,2339151837.533234
2024-01-27,1951057436.9333143,1855793508.832413,1399838037.7035296,437622361.9627214,304373166.2203609,926273786.5415738,2333403043.3229966
2024-01-28,1962000443.351093,1806422771.2380059,1424374416.493634,429759836.01282,296997194.17224276,1001522876.4538213,2363565013.8356214
2024-01-29,1991622977.3921676,1792970634.7141356,1446175343.7512255,467806883.2734938,313033719.9354287,899689810.9320124,2372338937.817878
2024-01-30,1988913389.8521762,1888705685.6900346,1449093895.734968,451907229.1085178,273520236.96750957,846719736.1847864,2379382202.5179467
2024-01-31,1987643864.3502798,1832187340.8646343,1431135941.1101406,423596060.0057848,285891921.686147,791252914.78176,2372163398.9204497
2024-02-01,1933051704.7643535,1860623522.2069082,1420305030.9388971,425696878.2881803,303394291.713251,949459728.0694079,2318360366.3088374
2024-02-02,1962253628.573351,1858150086.8314345,1431676407.6732106,486054378.0841505,267253354.396299,786349652.0550754,2348616841.9599876
2024-02-03,1945436683.3956344,1837850564.8611312,1423185211.2856247,460265057.4713045,321648801.27636045,909823976.2087375,2333207293.2858543
2024-02-04,1968669395.441322,1860945788.388487,1439940005.3292696,415077993.9572161,286943962.4139165,720666455.7431669,2351537566.543537
2024-02-05,1905040736.390527,1833163306.8475306,1395141187.6789396,467897008.97247005,307782078.66153485,850194966.861599,2306378748.2133465
2024-02-06,1906688320.9896083,1834084692.535008,1403206535.7868536,433871742.61427504,277476493.71814686,861079733.2441192,2298674322.828127
2024-02-07,1880621271.1660607,1833925987.179145,1389182349.1518514,446052282.36072046,287897144.0345723,870426606.8793087,2297909070.638332
2024-02-08,1876957291.8767178,1838436272.2451198,1378949064.3129206,458267355.86834407,301012889.1687841,926842662.4196458,2281779889.340386
2024-02-09,1894668188.2082226,1858347042.6897197,1410534066.5328321,471881491.97380376,300631417.8301816,892028701.7295594,2299192524.159233
2024-02-10,1912973522.1231797,1864693273.39288,1415931669.5796006,450554798.77812546,295039096.883159,858531250.740451,2309274577.7921805
2024-02-11,1909782140.2626026,1846685923.4847732,1406145870.5332398,437527539.0154748,274051717.209383,835117678.3659844,2306573885.119209
2024-02-12,1877147094.0182836,1832330552.9274828,1395305236.858489,431468316.6770207,276916013.7354851,755751319.1228423,2280875632.7587094
2024-02-13,1833225337.8604681,1849400274.5518706,1345873297.5460045,445818359.5806297,303470192.61988986,785869969.6949536,2231419610.9943075
2024-02-14,1804479402.984995,1815619796.8576164,1342080339.4673805,464645209.5241601,286250473.09529716,823223255.0413854,2215859432.1035523
2024-02-15,1790451461.5806606,1851036157.364723,1338099090.1210604,418422696.80222833,324521227.01605695,903180211.279341,2205741087.1421785
2024-02-16,1802771294.645797,1850553388.0234516,1346912183.1039615,427022244.59474736,271684010.1662357,757009745.8098341,2224991593.6647696
2024-02-17,1758822831.4944282,1843287222.7590587,1335040624.8449965,453821666.7430722,252245357.41665345,934037984.9180251,2188626155.5434194
2024-02-18,1796664586.1249547,1876197102.5783405,1353284214.9659586,473934633.6519981,323742037.62440497,867869807.2010696,2205093203.237173
2024-02-19,1833397610.682219,1867993672.906107,1380654029.041015,464868692.7001794,303587751.1306616,874327694.5908926,2235987391.9979215
2024-02-20,1844831065.6977508,1895298521.0040927,1393199196.2385788,466204655.1971649,289833266.97687066,900150114.8594556,2265435411.856852
2024-02-21,1876741828.4773312,1909711080.157487,1420993112.911319,471418220.7706023,285880480.5726342,849206520.2063233,2276507561.148154
2024-02-22,1864292700.0559602,1881381888.6724985,1412548994.4957519,484961793.40218645,319557173.33672553,875943712.0524813,2293034810.6238937
2024-02-23,1897515433.5912185,1897813347.025723,1412111609.57291,458977518.465894,280470405.1028276,778033688.8010402,2309484443.7904687
2024-02-24,1878217350.8604536,1898828142.246441,1406539609.5179493,433669109.01847404,307158871.5282268,848935739.9331939,2274956814.4958725
2024-02-25,1880690564.0736313,1910735081.7231438,1400060618.7645226,426680229.879905,284504404.7438204,893544452.3942119,2269872114.1362796
2024-02-26,1867893858.3111737,1945515297.3767035,1424517104.6413465,436383469.4098398,298537310.5623679,834220419.7277306,2274465260.013104
2024-02-27,1866388510.932417,1935053561.325325,1397360143.8775768,463611419.50461215,289578715.93869215,895218309.2986039,2274972058.3519707
2024-02-28,1884451091.4234555,1937310434.671539,1423900163.051553,518796445.3612558,267924562.3198082,712517710.1086018,2291739425.5306935
2024-02-29,1851576687.7042994,1930575444.3932784,1404835520.0419614,464862018.86136013,316327646.0070607,803683122.5285729,2264371615.9924116
2024-03-01,1858496097.3016398,1937080900.3590229,1427139005.686023,473689481.8646731,275957611.83355963,746220976.4319386,2258222537.519364
2024-03-02,1836093802.541587,1885278881.1769056,1382664162.012448,480734616.11993223,296310521.5962905,790912498.222449,2249721761.980612
2024-03-03,1814344523.5889304,1879634613.7510881,1369467448.171614,460406419.6549334,276350179.2895792,745919210.1127709,2230471548.4637995
2024-03-04,1782416007.2854064,1927507236.1848094,1361742121.648187,461166773.4722054,297446741.7513918,777541521.8577707,2179362762.8424
2024-03-05,1771377836.1187859,1927798194.722648,1362231714.5985405,460375217.9598419,306830143.2909253,820781239.2568438,2188044059.989247
2024-03-06,1776366453.8511448,1883570811.2625542,1356912650.0901303,483699971.27147967,303701133.01802987,759476124.3685424,2205258379.498285
2024-03-07,1764477455.4487188,1887366234.964202,1360202251.070174,468460650.8969177,262243226.13062805,719807372.7987051,2168600348.4679637
2024-03-08,1714966596.16094,1922385280.7712886,1347931910.7252114,414608650.676168,283517847.83562046,654822201.9258573,2140035361.8197649
2024-03-09,1663885794.980846,1894214130.3247008,1306465637.6604297,459965053.2686902,293640418.8058867,731967347.0938951,2092151346.645724
2024-03-10,1651086686.7074473,1916035547.7555516,1293221744.8410876,487261350.6839261,286741865.9551032,793053474.6972629,2071267913.2778757
2024-03-11,1658382619.3439736,1874915327.8978865,1290915998.137101,443509723.8319743,298933870.3429427,799196995.7749563,2090855091.088241
2024-03-12,1652335628.9499397,1924726247.4425516,1323575607.9473581,459707582.50772697,294968954.8319649,746742209.5411469,2077272682.2128305
2024-03-13,1655711344.0147777,1901172079.1398273,1317275445.288822,453021478.9682039,270952962.7949738,674957347.1790307,2083420091.0850778
2024-03-14,1610952399.6523147,1916643666.1317132,1280001740.8199165,458635722.63489914,271524853.9113004,614201867.1635371,2055489193.9340153
2024-03-15,1555585646.809797,1879548372.9505193,1268929367.1173773,481724744.6950793,281404169.9277759,632634699.2244916,2003607254.6145322
2024-03-16,1516717050.3369434,1878248941.9575677,1237739388.1742485,452124616.31683093,306159458.523815,680179249.6609187,1965696615.284226
2024-03-17,1508482646.6319916,1877915521.1847692,1230501606.144314,424005068.7932162,294254376.2219807,684546002.6724402,1954161029.015123
2024-03-18,1483618265.7146003,1873323785.4227781,1229299580.2197003,448289637.71295345,296260857.7790797,575726967.8687943,1933079461.2493634
2024-03-19,1435724742.4248977,1841432023.6519127,1202368904.0937388,484818774.0681799,278710891.5133003,652182100.3567116,1895894567.9939024
2024-03-20,1419317116.112662,1885611607.9177349,1185843681.9927845,468150657.8986522,287673430.18422335,755992898.1803577,1873254544.3526864
